"","beta0","betaNoPreyvsPrey","betaTime","betaTimexNoPrey","betaTime2","betaTime2xNoPrey"
"Dm_00009413-RA",3.69951413986379,0,0.0112774523081533,-0.00595370327404816,-7.77190859617087e-06,4.114200855244e-06
"Dm_00009749-RA",3.87705451934953,0,0.000391201128540149,0.00484636538589995,0,-3.53285037415989e-06
"Dm_00009367-RA",4.57287506264531,0,0.00431479438900571,-0.00372977766830981,-3.02459435959827e-06,2.72296816270955e-06
"Dm_00009953-RA",3.40691744991872,0,0.000192454687057155,-0.0083255870384421,0,5.54544740433853e-06
"Dm_00009307-RA",3.42668229273145,0,0.0171052757061435,-0.0169630379055218,-1.13364640655154e-05,1.11736675234663e-05
"Dm_00009351-RA",4.75525159014141,0,-0.00849688274800694,0.00776590903600855,5.59042401205322e-06,-5.2703595389311e-06
"Dm_00010119-RA",4.18731908158906,0,0.00422808358427355,-0.0105964841623193,-2.98485386048852e-06,7.38787256966362e-06
"Dm_00008368-RA",5.3708696237283,0,-0.0470385416014056,0.031398240545335,3.25881308175633e-05,-2.10825339027562e-05
"Dm_00008976-RA",3.21434869952123,0,0.00658474238938277,-0.00796521586212983,-4.31297862588193e-06,5.46091430123728e-06
"Dm_00007301-RA",3.8413433081698,0,-0.00863754523586932,0.000166050223139737,5.87044406278159e-06,0
"Dm_00012190-RA",3.81100574020509,0,0.000182386684710173,0.00895880232080616,0,-6.26920374723658e-06
"Dm_00016627-RA",4.35000200836132,0,0.00407193053323232,-0.00669042124677438,-2.95508458651376e-06,4.79274082772438e-06
"Dm_00015351-RA",3.08011744220236,0,-0.0139030899607073,0.000342257212528369,9.34702352411403e-06,0
"Dm_00015956-RA",5.92999567800235,0,0.000262001405888011,-0.00096806872713572,0,0
"Dm_00012636-RA",0.678808648856453,0.849887237536571,0.0280682758738812,-0.0194277212325416,-1.87869821955117e-05,1.26151101779826e-05
"Dm_00012260-RA",0,2.99702126920776,0.105686630638343,-0.06723006533252,-7.08658536008335e-05,4.31417678493837e-05
"Dm_00010398-RA",4.60893869052371,0.489921920720252,0.029164697564516,-0.0162347666903278,-1.97878038842386e-05,1.06799902578419e-05
"Dm_00010589-RA",4.58917478516573,0.401489948277896,0,0,1.99669935193973e-07,-3.18557760936139e-07
"Dm_00009648-RA",2.89440753673336,0,0,0.00603741131480237,3.46590302267478e-07,-4.48643884243703e-06
"Dm_00010572-RA",4.59994575907994,0,-0.0135413428817548,0.00939290207738677,9.10033470755111e-06,-6.29042814679046e-06
"Dm_00010599-RA",-1.32811118843263,0,0.00301617058609162,-0.0038653783924031,0,0
"Dm_00012073-RA",4.35393497229239,0,0.027910749483646,-0.00181719587302565,-1.85450579022059e-05,0
"Dm_00018975-RA",2.42596126269413,0,-0.0159594376745599,0.0106537038954599,1.09632216161242e-05,-7.40904091193885e-06
"Dm_00017385-RA",-1.75508250686254,0,0.00417899439649439,-0.00269765196750767,0,0
"Dm_00018931-RA",3.17893541706651,0.245682025164918,-0.000186571213086632,0,0,0
"Dm_00018806-RA",3.96090905063438,0,-0.00848816184902594,0.00024598284618269,5.68921533724424e-06,0
"Dm_00005516-RA",4.88306237969066,0,-0.0187907926817647,0.0166072424178853,1.38662632217814e-05,-1.20290863197118e-05
"Dm_00005520-RA",3.18154297569093,0,0.0151132355074194,-0.00888767319476914,-1.0281335904577e-05,5.89741535757849e-06
"Dm_00005515-RA",5.11212454908762,0,-0.0135012173831061,0,1.01595533277813e-05,-3.64759719438172e-07
"Dm_00006859-RA",0.785845672197607,0,0.0216965989338006,-0.000905013234931823,-1.42559790835019e-05,0
"Dm_00006857-RA",2.58549173436329,0,0.00992368935021755,-0.00628451492849484,-6.75560113958151e-06,4.18134845746549e-06
"Dm_00006565-RA",7.85417484878736,0,-0.00928050316816778,0.0185100015104621,6.29284452374286e-06,-1.28803846596478e-05
"Dm_00006071-RA",2.84829419559207,0,-0.0137518472957765,0.000498906869261322,9.07567197213337e-06,0
"Dm_00006067-RA",2.12508372502944,0,0,0.0201163339788887,0,-1.40293738999229e-05
"Dm_00006151-RA",5.74995340708228,0,-0.0219372887753765,0.017091961660043,1.46980656204537e-05,-1.15690740026716e-05
"Dm_00006390-RA",4.22008451038439,0,-0.00983938379475405,0,6.64275794157608e-06,2.14149999645493e-07
"Dm_00006404-RA",3.59600362288683,0.683603696209679,0.00156780799355577,0,0,-9.17906074000348e-07
"Dm_00005783-RA",3.49133434795969,0,0.00862313765374842,-0.000668742304336755,-5.56683538450927e-06,0
"Dm_00006686-RA",3.06499895242039,0,0,0.0196668506379747,0,-1.38332832118457e-05
"Dm_00006102-RA",4.0505240923639,0,0.00530237452657229,-0.0047720432654702,-3.7121373717509e-06,3.34408211454327e-06
"Dm_00004895-RA",2.49845534152349,-1.00388203696059,0,0,6.91078861916549e-07,0
"Dm_00006305-RA",3.75498197625123,-0.282204524448435,-0.00584398007601537,0,3.81815368165173e-06,3.17695845043095e-07
"Dm_00021005-RA",3.54151240249764,0,0.0179047410824859,0,-1.17564528860835e-05,-1.15063898636544e-06
"Dm_00021072-RA",0,0,0.00566526704439663,0,0,0
"Dm_00011712-RA",4.91128762866259,0,0.00749198079656258,-0.000201711774018484,-4.96428874207418e-06,0
"Dm_00011360-RA",4.86931495541267,0,0,-0.000332155185808711,2.37392363246606e-07,0
"Dm_00011381-RA",2.8167757546725,0,-0.0130539603688649,0.0141238964297531,9.51727565257428e-06,-1.03303238998788e-05
"Dm_00010505-RA",3.1888913943241,0,0.0174839356069748,-0.0107414517360778,-1.16992023253389e-05,6.99526613792715e-06
"Dm_00012014-RA",3.72324751378358,0.462708577507594,0.0226234269355496,-0.0148451005475483,-1.53194678382319e-05,9.79125531821274e-06
"Dm_00010933-RA",2.16030001020129,0,0.0203216299730424,-0.0176858824713415,-1.40907640755078e-05,1.23138758873968e-05
"Dm_00009547-RA",0,0,0.05575183575959,-0.00546923492184721,-3.51008721544258e-05,0
"Dm_00011642-RA",5.02954072088989,0,0.000933818343810908,-0.000684127617304754,0,0
"Dm_00011643-RA",4.0216814095233,-0.205310475481808,-0.0149128965555522,0.00754016091451063,1.00807242083511e-05,-4.95950303225377e-06
"Dm_00012193-RA",2.84598928424102,0,0.00569157264673008,-0.0100403299929133,-4.07489350402354e-06,6.87371099228434e-06
"Dm_00011599-RA",4.73990065060812,0,0.00871029650850584,-0.0108132874619015,-5.95782141638299e-06,7.44332876209091e-06
"Dm_00015325-RA",4.76696853160499,-0.16361527287448,0.00727923511397142,0,-4.99843564679727e-06,0
"Dm_00012338-RA",5.52495631915995,0,0.00769108693117522,-0.000339621322168399,-5.08450356515587e-06,0
"Dm_00014758-RA",4.73132395133887,0,0.0327878892096298,-0.00258291185003803,-2.20069098599632e-05,0
"Dm_00012516-RA",3.35715161872365,0,-0.0103129915802947,0,7.12624601721387e-06,0
"Dm_00014129-RA",4.2371393709129,0,-0.0147210622021421,0.000374185657564619,9.87368681050151e-06,0
"Dm_00014668-RA",3.1123797515315,0,0.0288528194426403,-0.0199554110897192,-1.99023544264642e-05,1.37810138105202e-05
"Dm_00013427-RA",5.29056575809701,0,-0.0208014157703869,0.0107207897504296,1.40277345190698e-05,-7.14240764765289e-06
"Dm_00005598-RA",1.64061834769739,0,0.0200296757601102,-0.0169007068408697,-1.35530836758711e-05,1.14029702387265e-05
"Dm_00005597-RA",1.60847319032566,0,0.0534386585896585,-0.0240531382312334,-3.58882431241798e-05,1.54063616192667e-05
"Dm_00005593-RA",4.37395384502425,0.264940988387539,-0.013785409644104,0,9.45582225573519e-06,0
"Dm_00005376-RA",2.82410462576363,0,-0.00988212084761061,0.0114507991637209,6.58982097160785e-06,-7.72388362872499e-06
"Dm_00005096-RA",5.72066353893484,0,0,0,-2.78231944836666e-07,0
"Dm_00004998-RA",2.98099642773045,0,-0.0203768209485448,0.0113817250093219,1.3977476122021e-05,-7.91540406587324e-06
"Dm_00005285-RA",3.26360576547463,0,-0.00979892823656011,0,7.27463941856322e-06,-4.66216533260329e-07
"Dm_00004988-RA",2.95995286638144,0,0.000460622789726247,0.00742764126393747,0,-5.37308162976718e-06
"Dm_00004981-RA",2.70425687375642,0,0.00136308657612409,-0.00214959009900427,0,0
"Dm_00004617-RA",1.98512625058078,0.891747592462846,0.00159798517959096,-0.00329786005359477,0,0
"Dm_00005238-RA",2.97767110627926,0,-0.0110664107839113,0.00819099793167086,7.60414765307146e-06,-5.68797273790561e-06
"Dm_00004639-RA",2.59864865197127,0,0.0199134714183507,0,-1.36047223781762e-05,-5.64162394130661e-07
"Dm_00005355-RA",4.2185940963775,0,0.0031392938541065,0,-2.14192429925701e-06,-9.87857028865592e-08
"Dm_00005448-RA",3.4085260019924,0,-0.00041066514604456,-0.010045957661388,0,7.13678509411386e-06
"Dm_00005681-RA",5.56662120197526,0,-0.0156066068937897,0,1.0482870023373e-05,0
"Dm_00003959-RA",0,0,0.00320261640322062,0,0,0
"Dm_00004943-RA",2.80865504684514,0,0.0264666695406756,-0.000689203262859635,-1.78433706888358e-05,0
"Dm_00005767-RA",4.20680786872791,0,0.0183707153739709,-0.0142941643390025,-1.25870798110145e-05,9.73378279622918e-06
"Dm_00004465-RA",3.75094637488949,0,0.000585145218123702,-0.000579396486493452,0,0
"Dm_00005083-RA",2.87184023824655,0.512028829937284,0.00660428794666912,0,-4.33954534882438e-06,-2.59823079464535e-07
"Dm_00005528-RA",3.86268027353576,0,0.0266462155845324,-0.000925905307683386,-1.7983185061418e-05,0
"Dm_00005535-RA",3.40726874694276,0,-0.0107279407612745,0,7.25872187379974e-06,0
"Dm_00018389-RA",3.90372615759577,0,0.0187104233030934,-0.000910278945383006,-1.25978816745467e-05,0
"Dm_00020105-RA",4.61427021870106,0,-0.0122978461734594,0.000460019877293504,8.07248380545147e-06,0
"Dm_00020206-RA",2.9678040575598,0,-0.0586019104082128,0.0328430168694222,4.00064943379573e-05,-2.24040460394976e-05
"Dm_00016979-RA",1.99368368474556,0,-0.0103190039799197,0.0107750088212703,7.67665803898183e-06,-8.05974876723402e-06
"Dm_00020357-RA",3.46569300268549,0,0.000812780121725691,-0.000651696438019253,0,0
"Dm_00020342-RA",3.51354311074865,0,-0.0114649944238219,0.000371446721363651,7.70975485932124e-06,0
"Dm_00019791-RA",3.50397873767722,0,0.0161882516493832,-0.0095451736568808,-1.0942600389327e-05,6.31475550003048e-06
"Dm_00001787-RA",3.33231746269196,0,-0.0173065394099042,0.0003609980443278,1.16284593350369e-05,0
"Dm_00001791-RA",3.56633907998392,0,0.00114015181399031,0,0,0
"Dm_00001884-RA",3.68100908506775,0,-0.00562960291132736,-0.00595196699042745,3.68460028303765e-06,4.31410564373379e-06
"Dm_00001881-RA",5.71822104784198,0,-0.00491685857174239,0,3.21012693261309e-06,1.18416844103255e-07
"Dm_00001319-RA",4.39293947482973,0,0.0439536373274122,-0.003067335053556,-2.9428990418316e-05,0
"Dm_00001320-RA",4.83685105651047,0,0.000776464416873173,-0.0008114311136325,0,0
"Dm_00001309-RA",3.83166373395678,0,0.0220428520685995,-0.0213138831245483,-1.46368968609207e-05,1.41687355047068e-05
"Dm_00001219-RA",5.27602532863835,0,-0.00353242543445093,0.000315846484946398,2.24270521767499e-06,0
"Dm_00001218-RA",4.12622695625035,0,0,0.00441838470622611,2.49807270841339e-07,-3.13787120579429e-06
"Dm_00001225-RA",5.72629879480062,0,0.00963306290409973,-0.000297494467445663,-6.46418613606763e-06,0
"Dm_00001931-RA",1.13120203350905,0,0,0,1.08573912511724e-06,-1.40710225256547e-06
"Dm_00002313-RA",4.5370520934407,0.322423039955369,-0.0106746149663479,0,7.13513785900523e-06,0
"Dm_00002039-RA",4.96725569755555,0,0.00388454201949524,-0.000230016633792561,-2.50426833808793e-06,0
"Dm_00001335-RA",2.45901573866541,0,0.00104764003884218,-0.00131504617937847,0,0
"Dm_00001337-RA",4.44152425189967,-0.172045043870078,-0.000220162742466135,0.000325025000008252,0,0
"Dm_00002233-RA",4.44328082998493,0,0.00503924210491306,-0.00923239872585983,-3.39887534843625e-06,6.41014998695267e-06
"Dm_00002000-RA",3.916134279915,0,0.0165440161638869,-0.0114662552868053,-1.13500520456344e-05,7.75928376284878e-06
"Dm_00001997-RA",2.66682502337029,0,0.0246060134027381,-0.000941193801238413,-1.66147063572252e-05,0
"Dm_00001996-RA",2.25717195523373,0,0.0291076418860653,-0.0145231679715026,-1.971109020053e-05,9.51738501194905e-06
"Dm_00001995-RA",5.00604891022227,0,0.00779375069892435,0,-5.31503614380341e-06,-6.06908628492801e-07
"Dm_00001622-RA",6.88610387212964,-0.225081468245855,-0.00696958674919666,0,4.91107491644111e-06,0
"Dm_00001623-RA",5.94041647991832,0,-0.00642930793161624,0.00801452330280663,4.63759080929787e-06,-5.58112955413728e-06
"Dm_00001627-RA",2.44353117915384,-0.947789628249865,0.0152555648886123,0,-9.82703039592582e-06,0
"Dm_00001629-RA",4.20580926568335,0,0.0310693661864866,-0.013732121509566,-2.08951774969841e-05,8.63246664036442e-06
"Dm_00001639-RA",5.2212303544509,0,0,0.00396204671941901,2.96037022305222e-07,-2.94613278444865e-06
"Dm_00001973-RA",3.10182725398119,0,0.0413923443655338,-0.0206527827897571,-2.82004515886963e-05,1.38439227213919e-05
"Dm_00002176-RA",3.8031514871008,0,0.000246522571550684,0.00953718678619988,0,-6.69677252855921e-06
"Dm_00002180-RA",2.50099169468254,0.354313851874025,0.0113258070860496,0,-7.62829103284457e-06,-2.22728903195415e-07
"Dm_00001554-RA",3.33166265266417,0,0.0223056786187497,-0.00110384043782689,-1.526330617441e-05,0
"Dm_00001555-RA",1.60353849884256,0,0.0158301522242623,-0.0121813825333755,-1.08699516776355e-05,8.30733716048396e-06
"Dm_00001571-RA",3.77818841186356,0,0.00113771539678844,-0.000972997842069778,0,0
"Dm_00001587-RA",3.51756170806004,0,-0.0273729294862816,0.0324124581053896,1.88119720803246e-05,-2.25825527126367e-05
"Dm_00001416-RA",4.78742263309832,0,-0.0130233119203819,0,8.92507581179984e-06,0
"Dm_00001438-RA",2.32800899325965,0,0.0093756258654621,0,-5.81615019142296e-06,-9.01131235285353e-07
"Dm_00001474-RA",3.59307170970643,0,0.0107497592867242,-0.00742284309593582,-7.43632121452979e-06,5.04363389805913e-06
"Dm_00001746-RA",5.15220376548236,0,0.000573521240283082,-0.00108730166953603,0,0
"Dm_00001744-RA",1.72163010864133,0,0.0219777483215195,-0.000910609564995021,-1.44177048404646e-05,0
"Dm_00001367-RA",3.92835424861195,0,0.00612473358573321,-0.00511818999478553,-4.09759507712292e-06,3.43485909190224e-06
"Dm_00001366-RA",3.53317938038194,0,0.0275819143779427,-0.0259635848154215,-1.8739629342649e-05,1.77355450155514e-05
"Dm_00001862-RA",4.00251104111689,0,0.021656953762754,-0.015700548858399,-1.41829785394678e-05,1.02121682166831e-05
"Dm_00001873-RA",3.91238677248795,0,0.0411802450102208,-0.0184789707927388,-2.78549722473336e-05,1.19807413302706e-05
"Dm_00001869-RA",4.21556962282285,0,-0.0103181038422352,0.00674449547199872,6.91297513111508e-06,-4.45715110398685e-06
"Dm_00002064-RA",1.07593160543636,0,0.00213220577416263,0,0,-1.48128502786629e-06
"Dm_00002072-RA",3.93947625036071,0,0.0145387163800233,-0.0113585765772844,-1.00520712636646e-05,7.91977169850414e-06
"Dm_00001755-RA",2.67938002576769,0,0.0107562292867964,-0.00809818125314968,-6.76725281665814e-06,5.09697189786196e-06
"Dm_00001773-RA",5.05127881996801,0,-0.0102010356774351,0.00712440636876629,7.00445077318823e-06,-4.83755889835769e-06
"Dm_00001770-RA",0.81411231144463,0,0.00108289182140305,0,0,-7.60509743690004e-07
"Dm_00002092-RA",2.70662285289867,-0.406333117904998,0,-0.000462420545399932,4.70611699583719e-07,0
"Dm_00002158-RA",4.86385752585121,0,0.00697365101818981,0,-4.59129595748899e-06,-2.40574662428573e-07
"Dm_00002159-RA",3.42701509709086,0,0.0300914550040851,-0.0151749530762101,-2.02232112424104e-05,9.69561326307309e-06
"Dm_00002165-RA",3.84118172344023,0,0.0379834947201378,-0.00204433099577909,-2.52499469360084e-05,0
"Dm_00001804-RA",5.48623369513741,0,0,0.0054889829975856,2.83471196678396e-07,-3.81513434707777e-06
"Dm_00001802-RA",5.40261338219105,0,0,0,2.16983462254828e-07,0
"Dm_00001819-RA",2.1152854840685,1.22163308870107,0.0384657077166735,-0.040304564115535,-2.53185651722943e-05,2.64707238392392e-05
"Dm_00001822-RA",3.83024353817546,0,-0.00838630444954338,0.00905890066296553,5.65821088115902e-06,-6.1730760779116e-06
"Dm_00001519-RA",3.65063326881821,0,-0.0084927846357424,-0.011107561283527,5.67097322663298e-06,7.77999002744665e-06
"Dm_00001913-RA",4.63029551929423,0,0.00098910756803103,0,0,-4.98393407880995e-07
"Dm_00001920-RA",4.15093139278333,0,0.0153230824272946,-0.000505213132888491,-1.01773106259756e-05,0
"Dm_00001915-RA",3.5152471385126,0,0.0200624739214701,-0.000870016455984603,-1.33227313986847e-05,0
"Dm_00001589-RA",2.83349460341035,0,0.00142794793654291,-0.00150654708305667,0,0
"Dm_00001597-RA",1.24917045612577,0,0.0570123671480188,-0.0221002744166001,-3.70071378820951e-05,1.2881324287935e-05
"Dm_00001611-RA",2.91325138144156,0,0,-0.000493785153166266,4.35125806845997e-07,0
"Dm_00002128-RA",3.42943086823867,0,-0.00801088617846714,-0.0066342287817418,5.38603529940758e-06,4.76382486821926e-06
"Dm_00001386-RA",0,0,0.031302057341396,-0.00143876879031005,-2.07123531840915e-05,0
"Dm_00001382-RA",-0.681494753429459,0,0.00156105380221495,-0.00118801140920845,0,0
"Dm_00001389-RA",0.891870260179382,0,0,0.0319362009488204,1.01468321514327e-06,-2.19501602465123e-05
"Dm_00001393-RA",5.51664007264534,0,0.00561876278789745,-0.00713476055884116,-4.0440036018406e-06,5.09061540882912e-06
"Dm_00001408-RA",0.663399098313538,0,0.0239222502297552,-0.0205377216992442,-1.66015679660695e-05,1.41199755703147e-05
"Dm_00001848-RA",2.37298818865859,0,0.0155864598746625,-0.00159666347594338,-9.82272421860103e-06,0
"Dm_00001849-RA",4.16918614025252,-0.211345901975797,-0.00910157823677699,0.0066158932570394,6.14905135419054e-06,-4.41083536584044e-06
"Dm_00001860-RA",0,1.65625994334187,0.0622896361903483,-0.0505834149180733,-4.24171763221806e-05,3.36572542339407e-05
"Dm_00020691-RA",4.79181382777328,0,-0.000200827380270428,-0.00715660862490912,0,4.94882405745961e-06
"Dm_00020677-RA",0,0,0.048820253574871,-0.0649515397160908,-3.15503587921804e-05,4.42813825344988e-05
"Dm_00018382-RA",2.2438035791416,0,0.0358345439307178,-0.0305188107085217,-2.4522693424698e-05,2.0599551173367e-05
"Dm_00003489-RA",4.22007423070574,0,-0.0172470285980528,0.000366870828850762,1.14369155368375e-05,0
"Dm_00003855-RA",4.22179552566889,0,0.0308757396803128,-0.0147060080250021,-2.12447698187981e-05,9.62291702528738e-06
"Dm_00003863-RA",4.37737002905994,0,-0.0107098024927949,0.0134003064791857,7.05670481133238e-06,-9.14424319054105e-06
"Dm_00003858-RA",3.9302709994482,0,0.0100537273405301,-0.000337902190972378,-6.83188899404015e-06,0
"Dm_00004428-RA",4.57605368584047,0,0.00745146695694489,-0.01053134106465,-5.17941121727304e-06,7.30510117830803e-06
"Dm_00003868-RA",3.8154055008031,0,0.0074507749384321,0.000228863495210015,-5.31713202303561e-06,0
"Dm_00003873-RA",0,0,0.0485028843261475,-0.0242187167594747,-3.28375707848332e-05,1.6306287413391e-05
"Dm_00004018-RA",4.35437108405531,0,0.0356192843298705,-0.0026270901091369,-2.38012942626676e-05,0
"Dm_00004017-RA",2.44714012909783,0,0.037983094566222,-0.0136479072635867,-2.54958958175689e-05,8.82325950865528e-06
"Dm_00004019-RA",2.93706799284484,0,0.0207835642690453,-0.0118809351793739,-1.40024792561133e-05,8.0552978453518e-06
"Dm_00003515-RA",3.63801033576838,0,0.018881015857271,-0.0121148787763524,-1.25553491261659e-05,7.88807522010268e-06
"Dm_00003509-RA",4.61690372254208,0,-0.000155880809458313,-0.0062506142832835,0,4.44512082514161e-06
"Dm_00003786-RA",3.07091535519163,0,0.0129066444740802,-0.0086198549049387,-8.81423461208431e-06,5.66415462280872e-06
"Dm_00003793-RA",3.6153526611988,0,0,-0.0115921630982241,-1.50388337651593e-07,8.14943572714863e-06
"Dm_00004057-RA",2.71321734169712,0,0.0147107127483862,-0.0122238803996914,-9.93903799823649e-06,8.0638385381659e-06
"Dm_00004143-RA",4.45270192651499,0,0.0123506488969213,-0.0127125888332327,-8.60135831126636e-06,8.97929867486366e-06
"Dm_00004253-RA",5.36924488370681,0,0.0058275156825421,-0.00547276218929987,-4.1319346258098e-06,3.8406384085291e-06
"Dm_00003687-RA",3.57063972729222,0,0,0.0117837135014365,0,-8.24297875911345e-06
"Dm_00003526-RA",4.71833463913808,0,0.0061928514323985,-0.0127019931808918,-4.35285119269514e-06,8.82845522239832e-06
"Dm_00004196-RA",3.01464267693114,0,0.0199016149704439,-0.014054399499565,-1.27224660699455e-05,8.70602572164909e-06
"Dm_00004207-RA",3.6359596185892,0,0.0084135861751825,-0.00554493827160457,-5.82377513798297e-06,3.89599873549716e-06
"Dm_00003821-RA",4.79090823832399,0.324524654097143,-0.00344169092464483,0,2.40299076626123e-06,-2.13799722230606e-07
"Dm_00003828-RA",3.14817770967365,0,0.00884184780757847,0,-6.07174929943049e-06,0
"Dm_00004333-RA",3.51058352689428,0,0.00172767202811012,-0.00157681004127241,0,0
"Dm_00004330-RA",4.13436147463719,0.291869123895803,0,0.0065608930686403,0,-4.58596704280504e-06
"Dm_00003557-RA",1.57173037344265,0,0.0225105156682947,-0.0188966124778524,-1.54047606803655e-05,1.31637398009131e-05
"Dm_00003547-RA",0,0,0.00308412676431848,-0.00352356569102987,0,0
"Dm_00003746-RA",4.98509283169758,0,0.0126154154244155,-0.00907270109533134,-8.60429817393235e-06,6.20323105668439e-06
"Dm_00003807-RA",3.72721142500002,0,0.0316654805913292,-0.0197514307921368,-2.14526132791912e-05,1.31410883784513e-05
"Dm_00004101-RA",4.61354376121818,0.206059227445982,0.00890635670142245,-0.0081026544850273,-6.07362691542547e-06,5.46846391708102e-06
"Dm_00004100-RA",3.1808239898451,0,0.00437388336798489,-0.00919356287754072,-2.94469762865387e-06,6.22637146279445e-06
"Dm_00004483-RA",4.39773457782262,0,0.0127331666052507,-0.011450694113579,-8.56914351090774e-06,7.72348094475775e-06
"Dm_00004350-RA",4.76804552153104,0,0.0138383773852584,-0.0118574972633357,-9.52746848760312e-06,8.35894889920056e-06
"Dm_00004026-RA",4.04973418117483,0,0.0252841389453105,-0.0178895905234899,-1.73240480522159e-05,1.20440970554456e-05
"Dm_00004033-RA",2.41221900769812,0,0.0370261558582353,-0.000905202977170604,-2.5077517124731e-05,0
"Dm_00004133-RA",2.60704530930112,0,0.00118586013770396,-0.0012905315273165,0,0
"Dm_00004129-RA",2.03048641415598,0,0,0.0288641346835968,8.42726907370103e-07,-2.06308032848956e-05
"Dm_00002614-RA",0.966996452140517,0,0.00410885105083476,-0.00534626559054649,0,0
"Dm_00002613-RA",2.955125598686,0,0.0212285969297589,-0.0126441121197946,-1.4213024828816e-05,8.38848663851103e-06
"Dm_00003655-RA",3.78333765987156,0,0.00111859343518223,-0.0017930844922736,0,0
"Dm_00003591-RA",1.95445643727276,0,-0.0107421690105189,0.0231050195075946,7.45667999787464e-06,-1.60337222056329e-05
"Dm_00019678-RA",6.37677926889029,0,-0.00337288815003735,0,2.44574781746543e-06,0
"Dm_00019933-RA",3.85480250320636,0,-0.00900474489860508,0.00917219584705711,6.1252630137283e-06,-6.28348744350877e-06
"Dm_00019875-RA",5.75759952973887,0.155461666818983,0,0,2.00057555090067e-07,-1.92592451458761e-07
"Dm_00019763-RA",5.63986021808144,0,0.0229033598480675,-0.000909760916399972,-1.53832241408061e-05,0
"Dm_00019863-RA",1.25008328237732,0,0.001999160409899,0,0,0
"Dm_00019215-RA",3.15227440265838,0.40763604271649,-0.0145126784462099,0,9.93554380445931e-06,0
"Dm_00012032-RA",4.43042555606309,0,0.0127865194614857,-0.00761133804908785,-8.94710073563123e-06,5.3263804248169e-06
"Dm_00014282-RA",-2.46084780987566,0,0,0.0752440062343861,0,-5.25825729727974e-05
"Dm_00014286-RA",3.87092361607252,-0.389767307403753,0.00770188802840691,0,-5.22568558542518e-06,0
"Dm_00014283-RA",-2.76484916366828,0,0.00203772988019724,0.0757176273181142,0,-5.35087622909793e-05
"Dm_00011404-RA",4.57566475028536,0,0.0348280207512308,-0.00259534004153101,-2.33041786918275e-05,0
"Dm_00012208-RA",1.25643430837715,0,0,0,2.07475301659049e-06,-8.11762201712753e-07
"Dm_00012722-RA",2.96260565251005,1.75123243260284,0,-0.01903360386286,0,1.24459929625431e-05
"Dm_00014151-RA",2.69695856779817,0,-0.00028629417347998,-0.00992138690773832,0,7.11823454803824e-06
"Dm_00013565-RA",2.4038922067354,0,0.0342200213252055,-0.00320737276598575,-2.2486874704845e-05,0
"Dm_00013980-RA",3.25659224743573,0,0.0356083016443621,-0.0191101646485181,-2.403433807948e-05,1.26202540586982e-05
"Dm_00013551-RA",3.75293772508878,0,0.0221405965664206,-0.0016600779408351,-1.4319559431692e-05,0
"Dm_00010905-RA",4.07853851900753,0,0.00978053222243373,-0.0117939737869522,-6.85635481831765e-06,8.27015815991579e-06
"Dm_00013228-RA",3.10222009850381,0,-0.0213120830813937,0.0117029835034061,1.45474297217081e-05,-7.94529957865426e-06
"Dm_00012810-RA",3.40294465803463,0,0.000693619161652295,-0.000405820367592204,0,0
"Dm_00012597-RA",2.79824708508627,0,0.0268577275608561,-0.00125887392832849,-1.80648836681394e-05,0
"Dm_00012017-RA",2.80012187047814,0,0,0,1.4736624386804e-06,-1.94498967904417e-06
"Dm_00011123-RA",4.42708646032327,0,0.0262065591036232,-0.0135858952898054,-1.7773762601488e-05,9.02044141616721e-06
"Dm_00010373-RA",4.30832739298996,0,0,-0.000580290811939169,4.08153938348487e-07,0
"Dm_00013061-RA",2.87960682757724,0,0.00621569103518917,-0.0116859753732243,-4.32217240354922e-06,7.9352164979572e-06
"Dm_00007360-RA",3.15078722978829,0,0.000566785354981466,-0.000335004884774242,0,0
"Dm_00006842-RA",4.97898619545371,0,0,-0.000457383645045197,3.78662787518139e-07,0
"Dm_00007129-RA",2.15156150914024,0,0.0566562132902342,-0.0266480019605395,-3.77685257329656e-05,1.70303690147618e-05
"Dm_00006920-RA",0,0,0.00227501015591772,-0.00164986332822788,0,0
"Dm_00007448-RA",3.5188572159268,0,0.0206688846778732,0,-1.38210205478877e-05,-7.31142389506276e-07
"Dm_00007562-RA",5.04454029247668,0,0.0138258774963161,-0.000950253099035071,-8.73879894483217e-06,0
"Dm_00007566-RA",3.52648138526366,0,0.0129101050076905,-0.00955871239177716,-8.73332215653985e-06,6.35888721098535e-06
"Dm_00007203-RA",3.31594865432436,0,0.0320717236921094,-0.0205074693088504,-2.16181670255703e-05,1.39216071129332e-05
"Dm_00018126-RA",0,0,0,0,2.29337846352168e-06,-1.93380424427578e-06
"Dm_00017932-RA",4.20841490527933,0,0.0134675436206973,-0.0105131470922775,-8.79172700733071e-06,6.53652866129485e-06
"Dm_00018077-RA",3.0469149905507,0,0.0357959978481161,-0.0153755315449469,-2.32549760576467e-05,8.87212966691068e-06
"Dm_00017893-RA",3.01372040716848,-0.884801615862781,0.0188260170610541,0,-1.26318305453389e-05,0
"Dm_00015937-RA",3.3585848579605,0,0.0139905650091621,-0.00227616705013592,-9.48096336200901e-06,0
"Dm_00018080-RA",2.29641184753735,0,0.0283214082583653,-0.020265281341791,-1.86481689225729e-05,1.31187721663845e-05
"Dm_00018034-RA",2.74191980196853,0,0.00143083097398093,-0.00110004136784086,0,0
"Dm_00017485-RA",0,0,0.0396727408158416,-0.00192284887045825,-2.61328608922147e-05,0
"Dm_00015696-RA",3.54912432536922,0.325465661065434,0,-0.000343691005715871,-1.6846347118483e-07,0
"Dm_00016479-RA",3.68254829139358,0,0.0355957102362958,-0.0137911554188182,-2.40467201426523e-05,8.91914202968952e-06
"Dm_00016509-RA",4.35320427477656,0,-0.00384441890903246,0.00765858506986091,2.60356623303593e-06,-5.24275577318469e-06
"Dm_00014320-RA",1.53402983146294,-0.572248380284295,0.0187551710753156,0,-1.22045759689822e-05,0
"Dm_00010333-RA",1.39325447950533,0,0.0686920710169608,-0.030548817522215,-4.58820598549458e-05,1.91704504207592e-05
"Dm_00009796-RA",4.92937391338787,0,-0.00396056592146037,-0.000217867176924335,2.96796614374197e-06,0
"Dm_00010675-RA",3.4423780756741,-0.22177209393952,0,0.00756364856147298,-1.24400804083702e-07,-5.05523075180969e-06
"Dm_00010187-RA",1.10658911207972,0,0.0518624674951575,-0.0345207019073114,-3.54834943931775e-05,2.34175344600876e-05
"Dm_00010749-RA",3.75011090822469,0,-0.00646761187485215,0.000213133416699684,4.40462195159887e-06,0
"Dm_00009621-RA",4.28897137251734,0,0.000486439773434666,-0.000380335480093748,0,0
"Dm_00008439-RA",5.52670444706647,0,0.0138523212085774,0,-8.81249756648277e-06,-6.01187009349668e-07
"Dm_00009177-RA",3.10099145973801,0,0.0401547653862368,-0.00178558774335548,-2.7090453413562e-05,0
"Dm_00009176-RA",1.47074242466526,0,0.0447900900171373,-0.0227063909356317,-3.02461626353678e-05,1.47407711434973e-05
"Dm_00008586-RA",2.06036052338757,0,0.0177024328376905,0,-1.11817413910914e-05,-8.98799173875631e-07
"Dm_00010274-RA",4.100733846308,0,0,-0.00493339727830286,-1.81728180587299e-07,3.46404135434221e-06
"Dm_00009997-RA",1.81439488898819,0,0.000800617916522391,0.0116649736614886,0,-8.90652642413816e-06
"Dm_00009996-RA",3.04366934520625,0,0.019466922734846,0,-1.29491555182042e-05,-6.15873209077952e-07
"Dm_00010528-RA",3.5836954424002,0,0.0204700023750677,-0.0184128343614696,-1.39120023809477e-05,1.24477292627903e-05
"Dm_00010529-RA",4.46423757552501,-0.236477661565155,0,0,-1.68058349628776e-07,2.19281647647745e-07
"Dm_00008308-RA",3.70522701208822,0,0.0180428806460284,-0.0108698465078049,-1.23117717899857e-05,7.23088707429704e-06
"Dm_00017664-RA",2.96062691390461,0,0.00775155691602269,-0.0114905315806519,-5.44351932404798e-06,8.01855724035962e-06
"Dm_00017749-RA",2.88264221150458,0,-0.000385239907016722,-0.0171951075034972,0,1.20424291272022e-05
"Dm_00017167-RA",2.66803592880776,0,0.0223863137576177,-0.0231880790859107,-1.53542645582748e-05,1.58207530651338e-05
"Dm_00017695-RA",0.930402346607751,0,0.02203654096139,0,-1.39870900083152e-05,-1.57519482212264e-06
"Dm_00016470-RA",4.69490622361823,0,-0.0477718036621318,0.0260407205155293,3.28127897304368e-05,-1.78907102221087e-05
"Dm_00015108-RA",4.51207958343737,0,0,-0.00771169868545204,-2.10933862382419e-07,5.54695679234481e-06
"Dm_00016891-RA",3.07325997327271,0,0.0387743824074435,-0.001698259534092,-2.6029847690904e-05,0
"Dm_00016062-RA",4.93166186072067,0,0.012642801761375,-0.000443241538221288,-8.5944889636286e-06,0
"Dm_00016061-RA",2.96062691390461,0,0.00775155691602269,-0.0114905315806519,-5.44351932404798e-06,8.01855724035962e-06
"Dm_00015419-RA",2.98143070938485,0,0.0229744924872245,-0.0146396982522576,-1.55747086836634e-05,9.84113422272086e-06
"Dm_00016664-RA",2.9305751824201,0,0.016508739080225,-0.00828836469871466,-1.12325594140494e-05,5.39237335927006e-06
"Dm_00015779-RA",5.12138715870712,0,0.000315029648382037,0,0,-1.2968325416258e-07
"Dm_00017221-RA",3.23114161845614,0,0,0,5.64102322866827e-07,-6.70932445398425e-07
"Dm_00016379-RA",2.93215452172099,0,0.00617042140887941,-0.000723065791660467,-4.16839268828908e-06,0
"Dm_00008277-RA",2.93670694715351,0,-0.0562327917176452,0.0437779218113896,3.83218137366363e-05,-2.95492611390526e-05
"Dm_00008102-RA",4.32167234317679,0,0.0151126384380232,0,-1.03098537572093e-05,-5.00424046956596e-07
"Dm_00008104-RA",3.9835959190824,0,-0.0148700456403944,0,1.02140781362974e-05,0
"Dm_00009478-RA",3.18213294745368,0,0.0280445025787269,-0.00111803245349825,-1.88798056656809e-05,0
"Dm_00008673-RA",3.78096577782224,0,-0.00774471830182764,0,5.33154299835551e-06,0
"Dm_00008587-RA",4.64069367466844,0,0.00520416619415408,-0.00636039372516115,-3.69117374941383e-06,4.45649072532485e-06
"Dm_00009690-RA",3.02300804578736,0,0.0268822205946815,-0.0142223291801009,-1.83133173411445e-05,9.82792541528983e-06
"Dm_00006952-RA",5.0690606758206,0,-0.0117387920927485,0.000266010625200072,7.82455305557469e-06,0
"Dm_00009633-RA",4.60544259279525,0.351237607117341,0,0,0,-3.02903339117449e-07
"Dm_00009636-RA",4.66685795030302,0,-0.00539435091398328,-0.00661253204817532,3.61971250959462e-06,4.64779739599217e-06
"Dm_00007678-RA",2.63192140687835,0,0,0.00818871970238891,-3.53383033636884e-07,-5.49654630140217e-06
"Dm_00008058-RA",2.95678319153655,0,-0.0150555162133846,0.011546837294775,1.01984000918711e-05,-7.87937317733346e-06
"Dm_00007552-RA",4.00381374923713,0,0.0179832420842361,-0.000491874083035846,-1.22422008934703e-05,0
"Dm_00008573-RA",5.22892174758699,0,0,-0.000603914190239292,5.25961503735004e-07,0
"Dm_00007196-RA",5.51563653486438,0.67091848035181,0,0,0,-3.05421827014209e-07
"Dm_00008686-RA",3.63321880671058,0,-0.00029152167762981,0.011407390151641,0,-7.60242048709538e-06
"Dm_00007244-RA",2.45093632267047,0,0.0142802673774075,-0.00682008606162765,-9.73292030538436e-06,4.54094316185068e-06
"Dm_00007247-RA",2.41549867590479,0,0.0347762283398104,-0.0265078239036659,-2.29503087785404e-05,1.7372134983561e-05
"Dm_00007965-RA",3.18448674077606,0,-0.00672992554458026,0.000334283887459332,4.50590284821748e-06,0
"Dm_00008136-RA",3.73388518404073,0,-0.00644885772093831,0.00802841966071931,4.34506269636114e-06,-5.43078484819102e-06
"Dm_00007438-RA",5.25381697100415,-0.199214531676961,-0.00558727374340437,0,3.57505193836178e-06,2.39718286864468e-07
"Dm_00007812-RA",4.67115146460284,0,0.018375796919895,-0.0108702489913418,-1.24585004230244e-05,7.24930496519427e-06
"Dm_00021016-RA",4.79502330246137,0,0.0474436896810249,-0.026219038533605,-3.18372915503164e-05,1.74328786438326e-05
"Dm_00019309-RA",4.25906917370217,0,0.00951915703759042,0,-6.69455608521712e-06,0
"Dm_00020927-RA",2.0958187792017,0,0.00162337518197093,-0.00130932729567099,0,0
"Dm_00020999-RA",4.95486197656147,0,0.0151983561567181,-0.011859905620346,-1.04985472441437e-05,8.29685854085603e-06
"Dm_00019708-RA",2.90940588133858,0,0.0378441268007295,-0.00126436652922079,-2.55106650180502e-05,0
"Dm_00006755-RA",2.26594306578938,0,-0.00761192295236359,0.0135510202190816,5.15850509321618e-06,-9.20145515322408e-06
"Dm_00007263-RA",4.71233705802827,0,0.00131013555419196,0,0,0
"Dm_00007265-RA",2.15233496879097,0,0.00139334279322419,0,0,0
"Dm_00006641-RA",3.1867579411629,0,0.0155456057407301,-0.0185917709451023,-1.05167428624459e-05,1.25286284385921e-05
"Dm_00006642-RA",0,0,0.0496327500645586,-0.0295739704523972,-3.38816781219441e-05,2.01022159423522e-05
"Dm_00006083-RA",3.10231515488047,0,0.0179500257642769,-0.0121492217799591,-1.19649510429485e-05,8.0421739415236e-06
"Dm_00006090-RA",3.2629008328441,0,-0.0103821694600157,0.0070397314420938,7.0841240763643e-06,-4.76344922830817e-06
"Dm_00006432-RA",3.89433227808782,0,-0.00517431507687062,0,3.44097374488313e-06,1.57516930326676e-07
"Dm_00005277-RA",3.6952279640095,0,0.0160971599040896,-0.00107464637018458,-1.06498477537867e-05,0
"Dm_00005879-RA",2.66553272931676,0,0.0413166300784434,-0.0301374076723712,-2.81274839455277e-05,2.03468768352209e-05
"Dm_00006739-RA",3.79941086122971,0,0.0373768656195199,-0.0168178051023899,-2.50256276803454e-05,1.09350926634466e-05
"Dm_00006653-RA",4.23231964854801,0,-0.00885699197710606,0.000202369300037138,5.82962746491166e-06,0
"Dm_00018749-RA",1.43545450388207,0,0.0271134554517695,-0.0211133302016231,-1.88946068473552e-05,1.47432650113094e-05
"Dm_00018615-RA",1.8518164461417,0,0.016946604384433,-0.000614780228256242,-1.15478554806009e-05,0
"Dm_00018681-RA",4.80977372743321,-0.193278506335734,-0.00902381456400876,0.00776390075139442,6.06444971015365e-06,-5.13378288453024e-06
"Dm_00016923-RA",3.89209865184652,0,0,-0.0110953965840513,0,7.85601123763115e-06
"Dm_00018416-RA",3.48458774846317,0,0.00485596636969721,-0.00732449699308829,-3.26670135447947e-06,4.96858080516982e-06
"Dm_00019080-RA",2.46949367195047,0,0.0282210408625676,-0.00117232002811038,-1.92223295832713e-05,0
"Dm_00015022-RA",4.86123753148967,0,-0.00860562069164882,0,5.70720977952745e-06,1.58248803635704e-07
"Dm_00014877-RA",3.36039279350785,-0.259254198719907,-0.00923194496336154,0,6.16307304891674e-06,3.14897572878551e-07
"Dm_00014164-RA",4.46182781694942,0,0.0133586090060139,-0.00892527470082359,-8.84147000993405e-06,5.82077745110581e-06
"Dm_00015290-RA",2.94907947534293,0,0.0193138280151724,-0.00979753421634836,-1.31386476009403e-05,6.60982502103147e-06
"Dm_00013708-RA",3.43912901777963,0,-0.00894042330531598,0.00743688136591341,6.10989066945895e-06,-5.10308279455056e-06
"Dm_00012866-RA",2.3358353176762,0,0.00657609583165784,-0.0159805165969833,-4.74217244274799e-06,1.13192955432265e-05
"Dm_00011905-RA",2.47590049871066,0,0.00636163894056846,-0.00983777789840118,-4.6332426065137e-06,7.1324633164812e-06
"Dm_00011808-RA",4.15660672551419,0.28715217983136,0.00367682494434169,0,-2.54765440891484e-06,-1.70966983012783e-07
"Dm_00012697-RA",4.39611020097384,0,-0.00623079133370148,0.000139640241408615,4.22150142435134e-06,0
"Dm_00012539-RA",2.92466248152196,0,-0.0132899230998836,0,8.77512271945051e-06,3.00040714844879e-07
"Dm_00010445-RA",3.13447794001986,0,0.0144625699976107,-0.000506718950471059,-9.75945028747563e-06,0
"Dm_00012618-RA",2.42729799042224,0,-0.0225056570031006,0.0137488841609015,1.5239992375183e-05,-9.30143431369959e-06
"Dm_00009956-RA",3.5327728185143,-0.375992239232629,-0.0170722744636923,0.0116138167047009,1.16076941713492e-05,-7.74568284400096e-06
"Dm_00012655-RA",4.36871680890734,0,0.0144830047754515,-0.0014143943360646,-9.4615510630635e-06,0
"Dm_00011696-RA",5.19431285533593,0.197443936445354,0.00361936184516893,0,-2.22779681635476e-06,-2.68033291583334e-07
"Dm_00007618-RA",3.15656525243961,0,-0.0181786562827983,0.0218139890589266,1.20986732174249e-05,-1.51375782180654e-05
"Dm_00010407-RA",2.54774658773882,0,-0.0149188836779388,0,9.97007381889381e-06,2.58253196088787e-07
"Dm_00011025-RA",4.37699178069039,-0.24548975434817,-0.00864142240870051,0,5.78633435454495e-06,1.75288496345035e-07
"Dm_00011619-RA",2.66452640058827,0,-0.000370402374004768,-0.0223764158689311,0,1.58153227240116e-05
"Dm_00008166-RA",2.61341646746856,0,0.013791052200362,0,-9.45995000385324e-06,0
"Dm_00010385-RA",3.15207817266884,0,0.0188156991999437,-0.0200180639888106,-1.24470631918288e-05,1.35617774911462e-05
"Dm_00011413-RA",3.76688735794954,0,0.00531145456839055,0.00705789915761692,-3.49107734549878e-06,-5.0054852564752e-06
"Dm_00013656-RA",3.62666767412365,0,-0.000364227363265107,0.0100646784612231,0,-6.89175544083056e-06
"Dm_00013244-RA",5.62124767760939,0,-0.0132068228008897,0.000314278123107599,8.86150479942651e-06,0
"Dm_00010608-RA",4.80930828822531,0,-0.0186130967247985,0.0223334422805149,1.26265311510367e-05,-1.5430767933935e-05
"Dm_00012129-RA",2.55440041684652,0,0.014509747526856,-0.013768476174652,-9.5526045772873e-06,9.01692993743672e-06
"Dm_00011593-RA",4.51355402231124,0,0,0,5.34521889106678e-07,-3.86732892132199e-07
"Dm_00013835-RA",4.37824411686953,0,0,-0.00983628175194135,4.55390132309303e-07,6.57392094225447e-06
"Dm_00000507-RA",4.01257860126975,0,-0.0151320712060065,0,1.07437110577906e-05,-3.33588696926333e-07
"Dm_00000501-RA",3.502524643143,0,0.0161158424548101,-0.000839071647631882,-1.07693888218368e-05,0
"Dm_00001033-RA",3.74278305985846,0,-0.0117181687319441,0.0137214351986526,7.78062389845768e-06,-9.22477768452903e-06
"Dm_00000948-RA",3.74067453994282,0,0.0133933354955361,-0.0129728050585984,-8.92544444916122e-06,8.84630292578597e-06
"Dm_00000960-RA",3.2752642033504,0,0.0117661185477358,-0.00889693707259487,-8.08595432013417e-06,6.11767798499901e-06
"Dm_00000977-RA",3.86545292423581,0.276387848165451,-0.0126285351128341,0.000273413094205085,8.32324125270406e-06,0
"Dm_00000991-RA",3.94712679754446,0,0.0169554924246535,-0.000935904545852778,-1.15068889965761e-05,0
"Dm_00001003-RA",4.24858233151243,0,0.0126282381997356,-0.0099230143476367,-8.49544121717503e-06,6.62032891638798e-06
"Dm_00000785-RA",1.52308568210258,0,0.0336564628963819,-0.0254341685210971,-2.28814842075449e-05,1.78295021600225e-05
"Dm_00000925-RA",3.73398008810342,0,-0.00817382891380364,0.0130440002722259,6.02882952456724e-06,-9.44284908512343e-06
"Dm_00000934-RA",3.15137208462117,0,0.000346124296529879,0.00877103800420305,0,-6.17339329068175e-06
"Dm_00000344-RA",2.64434231952505,0,0.00178595577253308,-0.00215234304359635,0,0
"Dm_00000092-RA",1.75762159973118,0,0.0200445090151897,-0.00107593607390452,-1.34655441862585e-05,0
"Dm_00000090-RA",3.72915689594699,-0.30930644704619,-0.0112791705395634,0.00928860144395178,7.581825497285e-06,-6.14542332659533e-06
"Dm_00000096-RA",3.04255860475743,0,0.00012035597754569,0.00790138656148522,0,-5.51134679435725e-06
"Dm_00000106-RA",3.49089251786271,0,0.0168835184329619,-0.0139093911472316,-1.13584202126469e-05,9.32224932484137e-06
"Dm_00000113-RA",2.52559470642469,0,-0.00911531534504774,0.013761973351529,6.37357422948671e-06,-9.50999519313819e-06
"Dm_00000111-RA",-4.21020501653826,0,0.0806509489593587,0,-5.58554685512713e-05,0
"Dm_00000140-RA",3.7301788050705,0,0,0,5.49990804302658e-07,-5.24938340055862e-07
"Dm_00000150-RA",5.62519361541562,0.108065614717312,-0.00468100904593129,0,3.09331935784713e-06,0
"Dm_00000157-RA",1.34731984765095,0,0.0163260551744585,-0.017269407758456,-1.12040135916985e-05,1.19416931258168e-05
"Dm_00000842-RA",1.17608195979472,0,0.00277237472100961,-0.000653708504447457,0,0
"Dm_00000864-RA",5.02960105465619,0,0.0202758550164618,-0.0124893811250084,-1.36626918490624e-05,8.29275445284867e-06
"Dm_00000575-RA",4.4959664143927,0,-0.00386484293012275,0.00864833466689215,2.7872757925058e-06,-6.00883277634588e-06
"Dm_00000603-RA",2.82301122492808,0,0.0260319588974125,-0.0189234200752836,-1.74235419406023e-05,1.24591515074791e-05
"Dm_00000608-RA",5.2882073889696,0,0.0166866705158024,-0.000436015185211645,-1.12245671058336e-05,0
"Dm_00001138-RA",4.11284633373544,0,-0.00890575920299908,0.0041913483027685,6.04063062554972e-06,-2.80926896452898e-06
"Dm_00001147-RA",2.72902008515198,0,-0.0324633837255554,0.0168863364776837,2.19449425367482e-05,-1.17304499008672e-05
"Dm_00000748-RA",6.33384902290548,0,0.0122721857796502,-0.0119501395927817,-8.39656875186272e-06,8.21637069004441e-06
"Dm_00000749-RA",3.57456275305709,0.274591776812649,0.00024152720823427,0.00638145904607671,0,-4.62260471936121e-06
"Dm_00000764-RA",-1.61105515854645,0,0.0496458618669992,-0.0130051937219594,-3.41514329585289e-05,0
"Dm_00000758-RA",1.6793196729268,0,0.024277274422497,-0.0173326579921294,-1.69469362785204e-05,1.21119462639859e-05
"Dm_00000239-RA",5.83703397051144,0,0.0165214515745862,-0.00742040681163356,-1.12965600124418e-05,4.93658227279536e-06
"Dm_00001113-RA",4.92645069331406,0,0.00948723343012662,-0.000486026382431838,-6.48913373124065e-06,0
"Dm_00001118-RA",3.48440003599854,0,0.00955803248111983,-0.0119327707727957,-6.63585577395166e-06,8.37240229316545e-06
"Dm_00001295-RA",4.14117507348286,0,0.0127849174832031,0,-8.2834476776136e-06,-6.75853101059555e-07
"Dm_00000003-RA",2.95649057221607,0,0,-0.000731684205897404,4.38789652736987e-07,0
"Dm_00000018-RA",4.46566074363125,-0.1972716301087,-0.00699312052031617,0,4.64546385865172e-06,2.82377160021158e-07
"Dm_00001084-RA",1.97732245755136,0,0.0341787858783825,-0.000978232073946993,-2.30198674117238e-05,0
"Dm_00001083-RA",2.30542473329745,0,0.0233379378734154,0,-1.57494018507737e-05,-4.53206590054439e-07
"Dm_00001097-RA",3.23837531122077,0,0.0135079939462788,-0.00912111368147068,-9.08283773097855e-06,6.01500558206401e-06
"Dm_00000673-RA",3.26198217066169,0,0.0125439673606948,-0.000752617700359393,-8.1914748815664e-06,0
"Dm_00000671-RA",5.96854719506819,-0.220802499869853,-0.00438721272348296,0,2.78803969964293e-06,2.31440090584534e-07
"Dm_00000680-RA",0,0,0.00517800961001297,0,0,-1.48142437133121e-06
"Dm_00000682-RA",2.97662670653242,0,0.0325694954078793,-0.0221721561156898,-2.21163369750089e-05,1.54441842020584e-05
"Dm_00000696-RA",5.4987883436964,0,-0.00640066757503199,0.00999875566075973,4.26840410213911e-06,-6.91149505077299e-06
"Dm_00000706-RA",1.61349330778722,0,0.00120657845809875,-0.0013856335628055,0,0
"Dm_00000722-RA",3.80721213541143,0,0.0251828483242324,-0.000991782351985831,-1.7020371211709e-05,0
"Dm_00000710-RA",2.26835138275111,0,0.0207215222697112,-0.011513658833164,-1.38316050907343e-05,7.28499780006224e-06
"Dm_00000708-RA",1.13161227845052,0,0.017472052485965,-0.0148135448837538,-1.16606123319552e-05,9.67845698052926e-06
"Dm_00000717-RA",2.31243424915074,0,-0.00020078891153041,-0.0132871105587393,0,9.50204890579137e-06
"Dm_00000422-RA",4.86820697116139,0,0.000827661541440823,0,0,-8.11819579512898e-07
"Dm_00000425-RA",0,0,0.00334746014468632,0,0,-2.32499190145131e-06
"Dm_00000418-RA",2.95508161814538,0,0.0218226537575551,-0.0157518561082304,-1.45696900026773e-05,1.02565388943429e-05
"Dm_00000433-RA",4.34891257580053,0,0.0135769092196319,-0.0138136135195197,-9.36609278159317e-06,9.77149479703717e-06
"Dm_00000436-RA",0,2.38483962402194,0,-0.00419056826249828,1.9205206163211e-06,0
"Dm_00001263-RA",3.15798224205504,0,0.00858565387541699,0,-5.78582517678022e-06,0
"Dm_00000624-RA",2.51378065318556,0,0.0409406956421794,-0.00318563507151843,-2.75273161044481e-05,0
"Dm_00000638-RA",3.11160185282002,0.118476418594581,-0.00759354668647986,0,5.18952549857296e-06,0
"Dm_00000261-RA",4.99907147871007,-0.176582280271535,-0.00369406633353027,0,2.3693363526404e-06,3.1778657667971e-07
"Dm_00000295-RA",4.40731849081359,0.250189108167087,0.00688905482619128,0,-4.45115287027581e-06,-3.64828954109039e-07
"Dm_00000296-RA",2.69721168144699,0,0.0299335410633314,-0.0145147330736583,-2.03600551939858e-05,9.67692156686803e-06
"Dm_00000322-RA",3.00080833041488,0,0,0.0117577767277873,1.67515201744619e-07,-8.18086970937659e-06
"Dm_00000524-RA",1.8274575443911,0,0.0361625359016575,-0.0137701534193276,-2.43746329730061e-05,8.94455420404367e-06
"Dm_00000527-RA",4.55179270529088,0,0.00867131009495801,-0.0108599138387831,-5.80705244887252e-06,7.36437819751015e-06
"Dm_00000526-RA",0.676017002901129,0,0.0129531152176793,0.0128383398431523,-8.62943433727997e-06,-9.75409289968614e-06
"Dm_00019697-RA",0,0,0.00234487131797849,-0.00271486150654772,0,0
"Dm_00017058-RA",4.369505573139,0,0.0152501652553583,-0.000989088479134046,-1.02989721393901e-05,0
"Dm_00020338-RA",2.72216522306293,0,0.0271487727453434,-0.0153244295224695,-1.85519928608708e-05,1.01635936145205e-05
"Dm_00020586-RA",2.49737384243682,0,0.0398954958046674,-0.0211123917022908,-2.70455008348569e-05,1.41365171420689e-05
"Dm_00019662-RA",4.69111505147533,0,0.000393500393377736,-0.000522120454526762,0,0
"Dm_00017541-RA",3.4190592513766,0,-0.0117114013796895,0.000439146453016757,7.5437388155197e-06,0
"Dm_00020111-RA",4.22423199053224,0,0.000248291080385251,0.00474194354060941,0,-3.4171822919144e-06
"Dm_00019636-RA",3.34393003304499,0,0.0131584304115503,-0.0118084356685787,-9.04451199343522e-06,8.14365174091166e-06
"Dm_00019618-RA",2.58957944087548,0,0.00829719678879321,-0.015051228280671,-5.59119147650025e-06,1.04891412013326e-05
"Dm_00003991-RA",4.52384040904765,0,0.0214275181926975,-0.00069394145689817,-1.44483601056982e-05,0
"Dm_00003990-RA",2.36550107267377,-0.678977442869947,0.0232561992383199,-0.000985669433938156,-1.56701019625344e-05,0
"Dm_00003992-RA",4.49888549333015,0,0,0.0119982923613015,0,-8.29304854660482e-06
"Dm_00004860-RA",4.06970845249528,0,0.000649236170658972,-0.000615013441325661,0,0
"Dm_00004866-RA",3.14620650501186,0.305361800722867,-0.00924310731890306,0,6.02980493896559e-06,0
"Dm_00004670-RA",4.89370138120089,0,0.00705632001875031,-0.0094402896019104,-4.91363306785549e-06,6.55226732008388e-06
"Dm_00004346-RA",3.50380407589395,0,0.0182251756100279,-0.00146186562794761,-1.18987488333815e-05,0
"Dm_00004567-RA",4.36819694632731,0,-0.000296276857092006,-0.0145722576418618,0,1.02787198340699e-05
"Dm_00003436-RA",4.96764659463784,0,-0.00451336135782144,0.00883394304762203,3.34191114801827e-06,-6.29989377503867e-06
"Dm_00003435-RA",5.21956187703112,0,0.000750608235141339,-0.00120881512380241,0,0
"Dm_00003443-RA",0,0,0.0567283756626605,-0.00263707604556869,-3.72861983046879e-05,0
"Dm_00003442-RA",0,0,0.0458963223576123,0,-3.01830952883085e-05,-1.65025412242291e-06
"Dm_00003997-RA",4.59973169338451,0,0.0107731824031389,-0.00967200359208729,-7.32776130670784e-06,6.47972879478028e-06
"Dm_00003765-RA",3.47831430036238,0,-0.00558143021597938,-0.000294653888658891,4.10336915122297e-06,0
"Dm_00004677-RA",2.82340722020993,0,0.00147660813330261,-0.0021697544181345,0,0
"Dm_00004215-RA",4.41809725089827,0,-0.0107990110867743,0,8.09722906067902e-06,-7.82308324479235e-07
"Dm_00004700-RA",3.8175233996242,0,0.0307080584023205,-0.00204798126361784,-2.05286228539959e-05,0
"Dm_00004711-RA",1.7323888677161,0,0.0195933712034578,-0.0106779384695539,-1.34337869547814e-05,7.23343366448252e-06
"Dm_00004705-RA",4.43223583352937,0,0.00061274101666929,-0.000856434983276584,0,0
"Dm_00004972-RA",3.71299147669198,0,0.00678106107058066,-0.0152252481965195,-4.78645700513054e-06,1.06744318123622e-05
"Dm_00004039-RA",0.953780373163298,0,0.00104281958589308,-0.00108873965619441,0,0
"Dm_00004047-RA",2.12750844880125,0,0.0202220545833868,-0.0114363359666448,-1.35966965258399e-05,7.61931813082276e-06
"Dm_00004813-RA",0,0,0.00227501015591772,-0.00164986332822788,0,0
"Dm_00004423-RA",4.45286559453332,0,-0.00496360729833422,-0.00429694370906182,3.35663217214341e-06,3.06687371931703e-06
"Dm_00003242-RA",6.50702409067256,0,-0.0267265565071718,0.0243875296808738,1.81851893965263e-05,-1.70190372631262e-05
"Dm_00004512-RA",3.05426850246402,0,-0.0252851527963204,0.000585600911613986,1.69478924826876e-05,0
"Dm_00004513-RA",4.21894946429574,0,0.00967456071612702,-0.000690073405525775,-6.14082985654284e-06,0
"Dm_00002880-RA",3.58017658772047,0,-0.0131605665779129,0.00585977002991478,8.91318238615554e-06,-3.94585903273008e-06
"Dm_00002883-RA",2.64440107535231,0,-0.0267299197040781,0.0169425918991299,1.82783962394678e-05,-1.15269963611629e-05
"Dm_00004725-RA",3.52895163535638,0,0.0294809098295638,-0.0229525896174659,-1.99514215175766e-05,1.54252126579685e-05
"Dm_00004724-RA",1.949116400407,0,0.0350934513176586,-0.0193063939896269,-2.37907838090905e-05,1.27700018511141e-05
"Dm_00005141-RA",4.19974575537167,0,-0.00702905454783275,-0.00782617564355354,4.88334431887267e-06,5.45663140075903e-06
"Dm_00003948-RA",0,0,0.0358953405249882,-0.0330233786277697,-2.35336227111218e-05,2.13781168547913e-05
"Dm_00004175-RA",3.78767789408286,0.225815430984307,-0.00596889839968375,0,4.02469674340162e-06,0
"Dm_00004183-RA",4.72516175724263,0,-0.0102996077065842,0.00911655158791913,7.0970700405953e-06,-6.28760509507555e-06
"Dm_00007763-RA",4.55268339695792,0,0,-0.0101454193777972,0,7.02398041339796e-06
"Dm_00009034-RA",3.0851687119176,0,-0.00990340854278431,0.0109477504311667,6.69625423434849e-06,-7.39364749710095e-06
"Dm_00012969-RA",3.76026146466373,0,0.00579052275297305,-0.011224381551011,-4.13144961142367e-06,7.91813599862577e-06
"Dm_00012773-RA",2.54920425557019,0,0.031553066456943,-0.000922332497992851,-2.14252001466477e-05,0
"Dm_00013069-RA",2.46728508849497,0,-0.0155390835332779,0.0218313143497055,1.15371280091837e-05,-1.66778754552881e-05
"Dm_00013070-RA",3.83315378964601,0,-0.0224630639860713,0.0263898893896933,1.63037930667025e-05,-1.9358742992087e-05
"Dm_00011932-RA",0,0,0.00218947175396481,0,0,-1.01867459815518e-06
"Dm_00011438-RA",2.70439119689732,0,0.0466057914924227,-0.0261017896451252,-3.11724928760508e-05,1.6634487518018e-05
"Dm_00010869-RA",2.53697001967459,0,0.00270687165810343,-0.00231328892866725,0,0
"Dm_00013393-RA",4.3595919586678,0,0.0173093562481285,-0.017036023136422,-1.20578868417133e-05,1.18252405087903e-05
"Dm_00013339-RA",4.49231381934022,0,-0.0138609813637814,0.0106958515769855,9.3550046724523e-06,-7.19585425506309e-06
"Dm_00014878-RA",3.63637350688801,0.368671410467012,0.00907261940403047,0,-6.10278011992706e-06,-3.65402559884878e-07
"Dm_00013596-RA",3.22894074682419,-0.41362578757944,0.00914170807540591,0,-6.19750077081208e-06,0
"Dm_00015353-RA",3.17868985901278,0,0,0.00646770466595182,3.59386347540712e-07,-4.71285646177929e-06
"Dm_00015786-RA",3.54279340996,0,0.00177392564878261,0,0,-7.33185407527499e-07
"Dm_00015852-RA",3.63203191916065,0,-0.0121336366845101,0.000209358575942995,8.3320589841002e-06,0
"Dm_00014810-RA",2.84650673069056,0,0.0178716232140764,-0.000484903895301744,-1.20111300119275e-05,0
"Dm_00016769-RA",3.84503138095257,0,0,0,3.85388265289442e-07,-3.54266700723421e-07
"Dm_00019248-RA",4.74741304762909,0.635185761916524,0,0,5.94280902663062e-07,-9.11926588124753e-07
"Dm_00019103-RA",2.33321002397133,0,0.0283096499320549,-0.000842995504139554,-1.90700458011944e-05,0
"Dm_00019216-RA",2.86094437472059,0,0.0292879629086596,-0.00104339264166457,-1.97499612011894e-05,0
"Dm_00018313-RA",5.11074530734365,0,-0.00553306036481418,0.00991694986803389,3.78059670549698e-06,-6.87554733720478e-06
"Dm_00017969-RA",4.09638887436727,0,-0.010914830221751,0.00619863815295011,7.33625677914142e-06,-4.23435941934464e-06
"Dm_00018072-RA",5.83316485938658,0,0.00474503246874921,0,-2.99717740366389e-06,-3.16562257212424e-07
"Dm_00018071-RA",2.43501083674954,0,0.0205070491099522,-0.0172722739544276,-1.39986187632852e-05,1.17885761908958e-05
"Dm_00017908-RA",0,0,0.00514199122480903,0,0,0
"Dm_00017137-RA",4.86897631890043,0,0.0145733960222736,-0.0148793364377882,-9.36188726303062e-06,9.69052839169898e-06
"Dm_00017809-RA",3.2085029597521,0,0.00133550154204786,-0.00131047756562893,0,0
"Dm_00018315-RA",2.51546527718521,0,0.0401469366678329,-0.0270077894915943,-2.75672453667623e-05,1.81565061502581e-05
"Dm_00017675-RA",4.04198579124889,0,0.0178509775252635,-0.00987594975112336,-1.19573775609224e-05,6.4685272745797e-06
"Dm_00018220-RA",4.49680031901315,0,-0.0162528812874974,0,1.08241415463392e-05,4.05669628166503e-07
"Dm_00007290-RA",4.04011105389186,0,-0.00876889021322765,0.0001922836806318,5.84938247429973e-06,0
"Dm_00007112-RA",3.04409002533962,0,-0.0242726907451194,0,1.65452290143055e-05,0
"Dm_00007589-RA",4.44404988797236,0,0.0204212046080988,-0.0150534084847775,-1.38510688370604e-05,1.01580488044181e-05
"Dm_00007921-RA",4.47771132018342,0,-0.00664589075690852,0.0139214835033423,4.50041439440474e-06,-9.66553315040894e-06
"Dm_00005949-RA",5.1786603471526,-0.240660251923798,-0.00566058971502829,0,3.73949143828239e-06,2.42513385846349e-07
"Dm_00007828-RA",1.5560508696859,0,0.000398012087989176,-0.0110236704815867,0,7.56943365763386e-06
"Dm_00007195-RA",3.22810279660079,0,-0.000303463679915655,-0.0111977394652693,0,7.97030917960545e-06
"Dm_00010227-RA",3.95765044170294,-0.222363007839922,0.000194272424960626,0.00679910728757551,0,-4.63780154765533e-06
"Dm_00009427-RA",3.87148219480909,0,0.00353101798274074,-0.0060170611546858,-2.54150534908485e-06,4.2349763072971e-06
"Dm_00010708-RA",2.56329273471859,0.293794287992006,0.0117204574006181,0,-7.86102889060443e-06,-1.60862548158842e-07
"Dm_00008505-RA",4.00960656710645,0,0.0391234141269134,-0.0174777293651495,-2.62536358368889e-05,1.12489204492412e-05
"Dm_00007964-RA",4.9237008492756,0,0.0103247534377724,-0.00036036242538078,-6.75123479028973e-06,0
"Dm_00010050-RA",3.21572455960769,0,-0.0080948862356739,0.000436477864346121,5.32385199303426e-06,0
"Dm_00009677-RA",2.89911822250414,0,0.0195207485125207,-0.0193543924550111,-1.37074331197341e-05,1.34733195143968e-05
"Dm_00009682-RA",3.14998118290546,0,0.00999904653461873,-0.00708412552152775,-6.94825478846473e-06,4.85771353388129e-06
"Dm_00014774-RA",3.50693853661838,0,-0.00617557103921989,0.0092076862664783,4.42892079553885e-06,-6.3757121017493e-06
"Dm_00015270-RA",2.01766652275495,0,-0.0140653186046538,0.0130074666368055,9.42954539389242e-06,-8.58938411252654e-06
"Dm_00021120-RA",1.67030687452046,0,0.0432998057148775,-0.0021561881029639,-2.88458080420427e-05,0
"Dm_00017881-RA",1.75419543148549,0,0.00126027959899937,0,0,-8.31677558786115e-07
"Dm_00017798-RA",2.77566283733653,0,0,0,9.43679485579105e-07,0
"Dm_00016591-RA",3.94021867099404,0.237080781265503,0.0051636087284998,0,-3.41793523112225e-06,-2.67969936387756e-07
"Dm_00016097-RA",0,0,0.00224735357831706,0,0,-8.86924111885741e-07
"Dm_00016437-RA",3.69833509251985,0,0,0.0107175005615371,0,-7.26651490259446e-06
"Dm_00017857-RA",1.11405088939774,0,0.0309574933649245,-0.00121514307606521,-2.06636235097419e-05,0
"Dm_00017595-RA",2.34630761030401,0,0,0,6.60251882927413e-07,-8.65601181813275e-07
"Dm_00008053-RA",5.28863691592811,0,0.000372404089380671,-0.000351049211450127,0,0
"Dm_00008473-RA",3.09311475956065,0,0.000773533149356316,-0.00068253255902894,0,0
"Dm_00007486-RA",3.51508923873424,0,-0.0183931491049845,0.00826888325316795,1.25128660796144e-05,-5.68415645727709e-06
"Dm_00007997-RA",4.81438528763355,0,0.0155335919039504,-0.0117412536261918,-1.03059866153041e-05,7.82968716712646e-06
"Dm_00008480-RA",3.82914609641099,0,0.0208888651387995,-0.0184494866961697,-1.42303417989923e-05,1.25565015359909e-05
"Dm_00007601-RA",2.38327064634811,0,-0.00812371716738696,-0.0111608327557898,5.41471282753132e-06,7.8837936399051e-06
"Dm_00008766-RA",2.14440053242672,0,0.0419040573558589,-0.00115657963847627,-2.83390126878543e-05,0
"Dm_00006863-RA",4.95521320298815,0,0.0191319599167805,-0.0125539952858477,-1.26142272056877e-05,8.19490198665557e-06
"Dm_00007558-RA",2.38146745283929,0,0.0285781087140788,-0.00152488999840839,-1.87794525961892e-05,0
"Dm_00008239-RA",4.563543265542,0,0,-0.00575637272647157,1.11898263222203e-07,4.01571641998731e-06
"Dm_00008038-RA",3.99226728124415,0,0,0,6.98047661125278e-07,-4.68925241239532e-07
"Dm_00008304-RA",3.54311562089794,0,0.0137815919403007,-0.000680790661044492,-9.06469967160229e-06,0
"Dm_00017277-RA",5.27025937037962,0,-0.0024399578304356,0.0062597747060866,1.778920617049e-06,-4.39317034891214e-06
"Dm_00012207-RA",3.64201627207378,0,0,0.00751574451333882,2.5118068123677e-07,-5.04240866936612e-06
"Dm_00017304-RA",4.49692474871685,0,0.00362027451052926,0.00513768514738386,-2.49215594883379e-06,-3.44440881681727e-06
"Dm_00017338-RA",5.40644980909519,0,-0.0201497521901081,0.000655207986532579,1.33852065406721e-05,0
"Dm_00010658-RA",3.67719613715645,-0.387148629825627,-0.0132102222884396,0.000613219131900978,8.83925497683657e-06,0
"Dm_00008514-RA",4.32811683630414,0,0.00498153177862901,0,-3.22169118728017e-06,0
"Dm_00010047-RA",2.71887115260933,0,0.0134672937124642,-0.00119953546903247,-8.37399155278018e-06,0
"Dm_00009004-RA",5.67870060204012,-0.10815724172556,0.00203669322344702,0,-1.27783733587758e-06,0
"Dm_00010456-RA",0,0,0.0358037236840638,-0.0314268318451325,-2.47529195716407e-05,2.15963246522114e-05
"Dm_00009590-RA",5.58071340370054,0,0.0133701291949832,-0.00579271054800562,-9.08307274176351e-06,3.83391880557046e-06
"Dm_00009532-RA",3.3713038691717,0,0,-0.0117623986388016,0,8.25794026762989e-06
"Dm_00016476-RA",3.52236715367198,0,-0.0148345926523115,0,1.02848588179418e-05,0
"Dm_00016522-RA",4.12220637592329,0,0.00957585098061704,-0.000546229499176991,-6.21639445558968e-06,0
"Dm_00016075-RA",3.00179836227776,0,-0.011004914102402,0.0151316422894746,7.38336607491276e-06,-1.04476962873456e-05
"Dm_00016387-RA",3.85217188976939,0,0.00521303023140335,-0.00729054573049263,-3.37457011669334e-06,4.8370258707197e-06
"Dm_00015639-RA",2.35880411304329,0,-0.00643096514547652,0.000185993423133943,4.1186629430028e-06,0
"Dm_00015533-RA",3.4950155528713,0,0.0199779595544453,-0.0178235200619259,-1.29066798571141e-05,1.1508866959464e-05
"Dm_00015417-RA",3.46793360075545,0,0,0.0101883857263799,3.01362037739597e-07,-7.03426904087677e-06
"Dm_00016302-RA",3.25184501558428,0,-0.00917226429076867,0.00960039320530029,6.37945465435932e-06,-6.70025965114577e-06
"Dm_00016611-RA",4.66537846341861,0,0.017170131815481,-0.000852636409975296,-1.14441649598257e-05,0
"Dm_00015541-RA",2.9630698588726,0,0,-0.000514818059270561,3.73076571312048e-07,0
"Dm_00019935-RA",0,0,0,0,2.80392070277768e-06,0
"Dm_00020374-RA",0.785531635672285,0,0.00149504895406127,0,0,-6.76472853853164e-07
"Dm_00020012-RA",2.78749332859535,-0.605513010527332,-0.0250019419609158,0.0291744861301741,1.67583559031131e-05,-1.97023405402758e-05
"Dm_00019981-RA",0.983806521309044,0,0.00215301942126409,-0.00200466120888173,0,0
"Dm_00020003-RA",2.8130930333185,0,0.00105078200016253,-0.00079234027402249,0,0
"Dm_00003422-RA",2.75524563900619,0,-0.0066291888125596,0.000211205024496244,4.46330281382033e-06,0
"Dm_00003312-RA",0,-3.25702832466217,0.0692722421107783,0,-4.44215063930955e-05,-1.68502036503175e-06
"Dm_00003700-RA",3.59515718729377,0,0.0272616538738848,-0.00108726534499,-1.83358445646299e-05,0
"Dm_00003358-RA",0,0,0.0166924159464121,-0.000791255295674291,-1.06285141994735e-05,0
"Dm_00003672-RA",4.51292062153486,0,-0.000300002061113877,0.00714322721194366,0,-4.71651064694193e-06
"Dm_00003671-RA",4.76683266716927,0,0,0.0122876167062015,0,-8.51501014986037e-06
"Dm_00003670-RA",2.8741229774722,0,0.0180975551943758,-0.0132585258593296,-1.2596257057174e-05,9.27212602608474e-06
"Dm_00002956-RA",3.28986919526329,0,-0.00753286436772341,-0.00741821597471363,5.0080708493261e-06,5.33184970340171e-06
"Dm_00003277-RA",3.58545005149377,0,0.0229803839817346,0,-1.48734715409177e-05,-1.51456662419989e-06
"Dm_00003015-RA",4.1031473322208,0,0.0142076312596323,-0.0161675082842577,-9.75792252506237e-06,1.11582194288463e-05
"Dm_00003261-RA",4.87705221498878,0,0.0136405516611017,-0.00773392307623538,-9.19111826621138e-06,5.09457249101869e-06
"Dm_00003910-RA",4.4521005522048,0,0,0.00834683349791036,0,-5.76790549632082e-06
"Dm_00002516-RA",2.90597889419238,0,0.000201915419025753,0,0,-3.08366261930699e-07
"Dm_00003406-RA",3.2563414015881,0,0.016526386841931,-0.0183771278287474,-1.0685038375931e-05,1.24053941840125e-05
"Dm_00003395-RA",3.84509675177068,-0.550467664360844,0.0229081609350872,0,-1.56248157450789e-05,0
"Dm_00003835-RA",2.45351164149681,0,0.0197143986738161,-0.0108712526596236,-1.33712674616661e-05,7.21321334916735e-06
"Dm_00003105-RA",3.07288495680377,0,0.0314903556961156,-0.00123906263364653,-2.06600659889986e-05,0
"Dm_00020805-RA",3.73249154114177,0,-0.0165700386774162,0.00853749824144688,1.12796979933781e-05,-5.88412947163861e-06
"Dm_00020832-RA",1.36232322042523,0,0.0124528165341049,-0.00934774512376977,-8.8504708321003e-06,6.7479547999631e-06
"Dm_00019918-RA",4.31876452083222,0,-0.0177187704617877,0,1.20836938188836e-05,0
"Dm_00020841-RA",4.78045319554306,-0.196759442093533,-0.00818177155298269,0.000232914397975679,5.53792662939668e-06,0
"Dm_00012955-RA",3.23114161845614,0,0,0,5.64102322866827e-07,-6.70932445398425e-07
"Dm_00012181-RA",0.515396779241411,0,0.0282864991177919,-0.0194715133389854,-1.95226693700408e-05,1.34912749547065e-05
"Dm_00011791-RA",3.04076989535823,0,-0.028108841435116,0.000470792269226601,1.90875332938654e-05,0
"Dm_00013010-RA",2.52997498341737,0,0,-0.0012364135347523,9.33895750862148e-07,0
"Dm_00012806-RA",1.53836079184495,0,0.00877961328054219,-0.0106201009559888,-6.01101997357389e-06,7.34395197368494e-06
"Dm_00012140-RA",1.60315900453859,0,-0.000762675479179991,0.00915719022326875,0,-6.05604056070336e-06
"Dm_00013410-RA",3.72272319536456,0,0.0186343749130269,-0.0224722454856814,-1.2735976125576e-05,1.52459259153403e-05
"Dm_00014080-RA",0,0,0.0291924280832454,-0.0218566402324493,-2.07043080148384e-05,1.50405806807945e-05
"Dm_00012692-RA",4.13292230909162,0,0.0220709197646079,-0.0145906999260559,-1.44276815019072e-05,9.23341625257726e-06
"Dm_00013892-RA",0,0,0.0576081187299678,-0.0247787183348204,-3.76368775687419e-05,1.47548916094162e-05
"Dm_00014550-RA",3.5318404389105,0,-0.0141071561901804,0.0106394881031162,9.80668787236525e-06,-7.47121497499179e-06
"Dm_00015481-RA",5.29057121758394,0,-0.00377959195031219,0,2.61135322617947e-06,0
"Dm_00013444-RA",4.55903380206154,0,-0.0249112461028098,0.000905781610628457,1.6469786798109e-05,0
"Dm_00014597-RA",3.07077925742054,0,0.000904152098432256,-0.0144939131916249,0,9.45644236665294e-06
"Dm_00014261-RA",2.72623085314609,0,0.0275149115349166,-0.0280915261522418,-1.85310206743378e-05,1.89993045094849e-05
"Dm_00013957-RA",8.53189781255418,0,-0.0369167286289555,0.0223626181572369,2.50964506428263e-05,-1.54215459481545e-05
"Dm_00014806-RA",0,0,0.00278262640463674,0,0,-1.37834156927774e-06
"Dm_00015211-RA",4.63946774480061,0,0.0253601984150512,-0.00138715600854705,-1.68019602966238e-05,0
"Dm_00015132-RA",3.89129611713017,0,-0.0107795574295774,0.0125091331262655,7.23658584494558e-06,-8.47755389598575e-06
"Dm_00015326-RA",3.63602131647333,0,0.0169668065805261,-0.0120271284237742,-1.14638217101321e-05,7.95791661714523e-06
"Dm_00013822-RA",3.32550592947583,0,-0.00972807552052761,0,6.67277618312302e-06,0
"Dm_00013023-RA",4.58420455097067,0,0,0.00951732021304333,2.62301058981114e-07,-6.56679311848087e-06
"Dm_00011106-RA",3.72803688632179,0,0.0289054932425021,-0.0193100313026312,-1.98024712384279e-05,1.31874859435927e-05
"Dm_00011109-RA",5.03240980097662,0,0,0.00703812893323163,2.77360851977777e-07,-4.99900909630316e-06
"Dm_00009265-RA",3.84213811064044,-0.182031939121086,-0.00812486371563187,0.000421200378384041,5.37728458949988e-06,0
"Dm_00011804-RA",4.16204902293372,0,0.0150290454693127,-0.00900790236043759,-1.01717437836251e-05,5.80685935400596e-06
"Dm_00011805-RA",4.59407752499752,0,-0.0163798103972967,0.00641987366727134,1.11487353456858e-05,-4.3302457266733e-06
"Dm_00009506-RA",4.29092864231045,0,0.00551604117468139,-0.00410001567427157,-3.74519615501992e-06,2.87479442316017e-06
"Dm_00012381-RA",2.54211742683725,0,0.0338500897273432,-0.0266325163970561,-2.28565119794724e-05,1.77125650970788e-05
"Dm_00010728-RA",4.78530451843939,0,0,0.0074365181721728,0,-5.18043925408742e-06
"Dm_00010262-RA",5.04995502781143,0,0.00599434903310441,0.00489744767738414,-3.99752086635813e-06,-3.36406437746974e-06
"Dm_00010261-RA",0,0,0.0310509737983824,-0.0126645799889267,-2.09484431871835e-05,8.0995926990666e-06
"Dm_00011524-RA",1.80167881611709,0,0.0216604748837441,-0.00177057963217814,-1.36622309812621e-05,0
"Dm_00002945-RA",5.57727869358524,0,-0.019843674344044,0,1.33976874806052e-05,0
"Dm_00003068-RA",3.19952841461275,0,0.0308611664189309,-0.0119758560204259,-2.10335082156637e-05,7.86734244565682e-06
"Dm_00003067-RA",2.00189196447463,0,0.0573772919312645,-0.00273903253543429,-3.85826459740992e-05,0
"Dm_00003078-RA",1.93643912101536,0.394146115337402,0,0,-1.77419200653844e-07,0
"Dm_00003075-RA",0,0,0.0756809333406955,-0.032633292808492,-5.11064311513219e-05,2.12055996108157e-05
"Dm_00002439-RA",3.84459500603902,0,0.00231184370828074,0,0,0
"Dm_00002703-RA",1.77768218361257,0,-0.000436870759794465,0.0100528121201248,0,-6.70499453794666e-06
"Dm_00002716-RA",2.07034516384853,0,-0.012373905907059,0,8.0322176569456e-06,3.5388951912196e-07
"Dm_00002641-RA",3.37043561886747,0,0.0130725689161101,-0.00913138881577545,-9.00764261653665e-06,6.29239735411675e-06
"Dm_00002654-RA",0,0,0.0487057120014871,-0.00342409263506704,-3.13711700872314e-05,0
"Dm_00003237-RA",2.26342600725228,0,0.0335012845766359,-0.0240760764198304,-2.21158972213416e-05,1.54606725905277e-05
"Dm_00002369-RA",4.3583911721486,0,0.0284178402094158,-0.00149359216275401,-1.91570129238062e-05,0
"Dm_00002387-RA",2.86904861185535,0,0.0187928832840379,-0.0180070190422071,-1.24558754634574e-05,1.2365117120805e-05
"Dm_00002374-RA",3.4250361778903,0,-0.0123937094500889,0.000309292108022018,8.280350549695e-06,0
"Dm_00002378-RA",3.53343656229244,0,0.0332347224432987,-0.0151374544518709,-2.2507402989288e-05,1.00019597563146e-05
"Dm_00002664-RA",4.82017306784783,0,0.000380456405104639,0.00415911931116395,0,-3.01169916241666e-06
"Dm_00002688-RA",4.71263808672152,0,-0.0139499244221681,0,9.94110071055413e-06,0
"Dm_00002194-RA",2.61888896879195,0,-0.0107112612205097,0.0130265994188539,6.95520497540602e-06,-8.68732830390931e-06
"Dm_00002852-RA",4.57319097896006,0,0.0136931526373966,0,-9.15859043987517e-06,-9.56514182826645e-07
"Dm_00002855-RA",1.35907258776058,0,0.0276342503432661,-0.0224985067064316,-1.79856754935597e-05,1.43817855037698e-05
"Dm_00002541-RA",3.5848275232131,0,0.01811333494174,-0.00839337995399253,-1.21796010441634e-05,5.43884767672436e-06
"Dm_00002542-RA",1.86847865975174,0,0.000763225605792034,-0.000587239784318236,0,0
"Dm_00002923-RA",5.01376265900041,0,0.0177870096430357,-0.0011533251106558,-1.13341825334149e-05,0
"Dm_00002265-RA",3.13642090580606,0,-0.000476016937202861,0.006496685562271,0,-4.24912205200972e-06
"Dm_00003023-RA",2.34321173584493,0,0,0.0171054248081954,-5.40271520594689e-07,-1.18041851832994e-05
"Dm_00003030-RA",6.11638018210645,0,0,0.000266463662731114,1.06950732272982e-07,0
"Dm_00002764-RA",1.34092535972148,0,0.00127097546740412,-0.00109487565038045,0,0
"Dm_00002759-RA",2.10458597941836,0,0.0506443162806954,-0.0322567105240146,-3.4067022906274e-05,2.14643270800892e-05
"Dm_00002757-RA",2.39973996534731,0,0.0202633604792254,-0.00892697382984142,-1.39687586668011e-05,6.12958723716944e-06
"Dm_00002831-RA",3.00809946384748,0,0,-0.00110287815805503,4.36310691804672e-07,0
"Dm_00002836-RA",3.46186028431815,0,-0.000223014615010111,-0.00507504028227989,0,3.62547476543311e-06
"Dm_00002827-RA",1.36783569190168,0,0.0162267501154409,-0.0114204270088863,-1.13073208224625e-05,8.06457675182304e-06
"Dm_00002782-RA",2.76659717379813,0,0.0413023879154661,-0.0193116631809485,-2.78743010285666e-05,1.26365292736035e-05
"Dm_00002798-RA",3.18226070914135,0,-0.0131043573346351,0.0131549187610619,8.8474321067143e-06,-8.76076775576984e-06
"Dm_00002799-RA",4.77884456149699,0,-0.0115478570469821,0.00624408461029764,7.84161841409954e-06,-4.28524792102957e-06
"Dm_00002564-RA",5.62115718533292,0,-0.01058621531303,0.0055944092038902,7.45681541115527e-06,-3.95296932600355e-06
"Dm_00002365-RA",4.57208665761872,0,0.000425264804205714,-0.000423699023876215,0,0
"Dm_00002361-RA",3.02552231118906,0,0.0195935061792471,-0.00936999098508839,-1.31302857385623e-05,5.94783777017745e-06
"Dm_00002592-RA",4.39229845260518,0,-0.0157104295020831,0.0135784782272101,1.05955792387406e-05,-1.0044718943396e-05
"Dm_00002904-RA",4.17944606714179,0,0.0133748921378348,-0.0140379964909235,-9.09977599537829e-06,9.62199077577981e-06
"Dm_00002252-RA",4.53686352333536,0,-0.0140229236929334,0.0112582107994342,9.54868981437068e-06,-7.69358446874577e-06
"Dm_00019985-RA",3.5785888706144,0.293831652342968,0,0.00594744958907042,0,-4.18982283715331e-06
"Dm_00018809-RA",0,0,0.00206214167844528,-0.000971449443830181,0,0
"Dm_00019970-RA",2.70013509590638,0,-0.0119455924913485,0.000356291589162118,8.0211522252416e-06,0
"Dm_00020227-RA",0,0,0.0284006838248109,-0.018370547930913,-1.92884163715216e-05,1.22013428811103e-05
"Dm_00020132-RA",4.65729765982522,0,-0.0169938390059217,0.0140803776329853,1.15808937107226e-05,-9.50278200337902e-06
"Dm_00004609-RA",5.87548376858238,0,-0.0238267739599625,0.0117861410162563,1.59554780986283e-05,-7.80997585489117e-06
"Dm_00004229-RA",3.778235304045,0,-0.00712520733808337,0.000278217154851547,4.80729663923776e-06,0
"Dm_00005912-RA",2.58272489427271,0,0.0220463258021733,-0.0156861241119035,-1.43365440712153e-05,1.00100263381652e-05
"Dm_00005984-RA",3.85262415957518,0.211827958216124,-0.00357537261408632,0,2.36580078002186e-06,0
"Dm_00005819-RA",3.47367249693,0,0.0144626979512131,-0.00049762659066439,-9.91045298556447e-06,0
"Dm_00005935-RA",3.06303310719424,0,0.0267462868957271,-0.0137542572125873,-1.83755284548691e-05,8.97347734385902e-06
"Dm_00006187-RA",1.1010149557273,0,0.00195293964323248,-0.00152526290085813,0,0
"Dm_00005898-RA",3.72468633400028,0,0.0249187796863817,0,-1.67944810151434e-05,-7.40631374903322e-07
"Dm_00005488-RA",3.57558640370172,0,0.0135515510863313,-0.00540873741122501,-9.19646141644526e-06,3.5759169844366e-06
"Dm_00005491-RA",5.19324121548945,-0.146812607116591,-0.00829265791232398,0,5.71766299859365e-06,0
"Dm_00006072-RA",3.98157192677754,0,0.008620485171162,-0.000152657802157812,-5.8547742586643e-06,0
"Dm_00006082-RA",4.91940704866738,0,0.0107867838528148,-0.0101362504485143,-7.25283931706162e-06,6.63489092671327e-06
"Dm_00010180-RA",3.76674748201616,0,0.0253642407127511,-0.00952797767192457,-1.72892830717612e-05,6.30971527205605e-06
"Dm_00008894-RA",3.79670972063878,0,0.00423833736839812,-0.000462635990710711,-2.7984513283556e-06,0
"Dm_00011533-RA",3.54384594838415,0,-0.0104856327742037,0.00036249683653914,7.12479841968521e-06,0
"Dm_00009477-RA",3.58480713717683,0,0.0358938248815676,-0.0165767883331997,-2.44910474428098e-05,1.09967621777483e-05
"Dm_00010056-RA",3.30469810280949,0,0.00415043562351701,-0.00954681252106578,-2.98166696214149e-06,6.73732879736645e-06
"Dm_00010742-RA",4.05208762828033,0,0.000695374331114963,-0.0101738021396743,0,6.50233780370209e-06
"Dm_00011239-RA",2.39963178410043,0,0.0412135042805606,-0.000881306317458295,-2.78019341850034e-05,0
"Dm_00009136-RA",3.60685016741217,0,0.00779507703096066,-0.00509912518078074,-5.42535383213504e-06,3.66267707386129e-06
"Dm_00016951-RA",4.59614828062336,0,-0.00728372822363794,-0.000274988487395202,5.16667168315293e-06,0
"Dm_00016825-RA",-1.40128164822621,0,0.043775606550083,-0.0257826741126717,-2.98667635300021e-05,0
"Dm_00015698-RA",5.06369280413692,-0.434909441040781,0.0124979715294115,0,-8.7028762290143e-06,0
"Dm_00016483-RA",2.12431596552793,0,0.0166302157591224,-0.000603675688722457,-1.11226556244555e-05,0
"Dm_00015785-RA",3.98998082740846,-0.147804062936075,-0.00474215296113329,0,3.09004315757011e-06,2.20069851087882e-07
"Dm_00010003-RA",1.80560225587654,0.691051157870338,0.0214638184171602,-0.0302264231256219,-1.36326305615297e-05,1.92859508912152e-05
"Dm_00008023-RA",3.75250342749462,0,-0.0132518760755451,0.0108472149546782,8.96471610923099e-06,-7.38786076609015e-06
"Dm_00009867-RA",3.60695600792172,0.253256646521155,-0.00649125455886075,0,4.34568855706299e-06,0
"Dm_00008693-RA",4.17416542958585,0,-0.0121765660746053,0,7.96580143691619e-06,2.42383286520703e-07
"Dm_00008359-RA",2.44640050490296,0.770786413182228,0.0263956504195774,0,-1.74141753559703e-05,-1.59898299776877e-06
"Dm_00009030-RA",0,0,0.0599914481921005,-0.0315852469709234,-4.09006154280523e-05,2.17728352516295e-05
"Dm_00008943-RA",3.54397373132271,0,-0.000241694717481025,-0.0154464332575693,0,1.08897438767739e-05
"Dm_00021057-RA",3.16033234238335,0,-0.0123683119925505,0.00645833218909774,8.41900782586312e-06,-4.34219079603002e-06
"Dm_00020318-RA",2.98968061088318,0,0,0,8.36213778576763e-07,-6.24863358502422e-07
"Dm_00021051-RA",3.41238200769522,0,0.0295814819252348,-0.000894925405394376,-1.99456883054587e-05,0
"Dm_00020988-RA",2.89342445013808,0,-0.0113149266333775,0.00870413901646514,7.45959706385724e-06,-6.10584337567966e-06
"Dm_00006285-RA",2.59262277368599,0,0.0272752285366601,-0.00101453287649469,-1.83239566671737e-05,0
"Dm_00005217-RA",1.76903676689913,0,-0.0182877804315016,0.0190504664391059,1.24046112900459e-05,-1.29580209625473e-05
"Dm_00005226-RA",3.67427560786824,0,0.00014610227973532,0.00815659063425675,0,-5.73307964295097e-06
"Dm_00005694-RA",5.59627287347802,0,0.000311261816074607,0.00872900589774511,0,-6.00317453799304e-06
"Dm_00005964-RA",3.24219198981334,0,-0.0174405092795346,0.00997236656199398,1.22126555086235e-05,-6.97420032313731e-06
"Dm_00005275-RA",3.78104927864263,0,0.00946565683979757,-0.00599946484951434,-6.42407356174136e-06,4.14563217639457e-06
"Dm_00006213-RA",3.1741617590923,0,0.00465060673255445,-0.00571987626977722,-3.10239045992363e-06,3.98290663603212e-06
"Dm_00004749-RA",6.12289415025134,0,-0.00706651129978147,0,5.36232432183057e-06,-5.49777423417195e-07
"Dm_00006483-RA",3.97093432396268,0,-0.00699989750341013,0.0131616568652921,4.70908509815169e-06,-9.01272988459911e-06
"Dm_00005628-RA",2.27114519501246,0,0.0222309139066803,-0.00158732430238374,-1.45377474811042e-05,0
"Dm_00006125-RA",2.49700451119925,0,0.0118408656723498,0,-7.2181413999813e-06,-1.21376780654747e-06
"Dm_00018933-RA",3.96785630868565,0,-0.0104633656591295,0.0161882257748524,7.1335302516615e-06,-1.13069620319043e-05
"Dm_00017087-RA",5.14081572891731,0,-0.00883022786378739,0.000185076493915607,5.97951693974138e-06,0
"Dm_00017411-RA",2.7701926856264,0,0.014660139081822,-0.00866479446911231,-9.97377067227388e-06,5.75499676833462e-06
"Dm_00019064-RA",3.63602985944601,0,-0.0120094829284407,0.000308270693963527,8.11643247294263e-06,0
"Dm_00019115-RA",1.28512569288138,0,0.0237202704890488,-0.0185884139342965,-1.5977907779083e-05,1.22711979481757e-05
"Dm_00019056-RA",3.5687891661685,0,0.0346680939022496,-0.0183730787650419,-2.35624162596219e-05,1.22837466888172e-05
"Dm_00019001-RA",3.96577214540009,0,0.00939759542302327,-0.000259095599055414,-6.28701366654985e-06,0
"Dm_00006619-RA",3.29493314142029,0,0.0239149617767864,-0.00104505071952044,-1.59722897713286e-05,0
"Dm_00006410-RA",4.08786195290082,-0.431232863979917,-0.0100238780700452,0,7.11487319492759e-06,0
"Dm_00006411-RA",3.67015185943254,0,0.0181674695710159,-0.011441557430957,-1.20215213753591e-05,7.6512789410968e-06
"Dm_00006428-RA",4.64547338142035,-0.380600477823243,-0.00841276510075807,0,5.51757067906282e-06,4.3675992086498e-07
"Dm_00007018-RA",4.10494619168857,0,0.00123820561663548,-0.00134394027383418,0,0
"Dm_00006808-RA",2.54304502168006,0,0.00263342088829123,-0.000600149768678192,0,0
"Dm_00007613-RA",2.52679057386529,0,0.0140161924244255,-0.0111877606923089,-9.51048609890908e-06,7.7065024608432e-06
"Dm_00007048-RA",0,0,0.0471342167317932,-0.0289723530588176,-3.02039891519276e-05,1.80088549305363e-05
"Dm_00006202-RA",2.62899329259549,0,0.0291336369292157,-0.0208892581736688,-1.97718236363544e-05,1.41221651417812e-05
"Dm_00006445-RA",5.10070569579013,0,0.0164989280392663,-0.0219837838474326,-1.0617166789163e-05,1.41867960484766e-05
"Dm_00007106-RA",2.22675217924936,0,0.0122075613503522,-0.00868157209842002,-8.37802535642326e-06,5.93964427144715e-06
"Dm_00007108-RA",3.27492890857633,0,0.0209214004360298,-0.000757389509798834,-1.39090043390471e-05,0
"Dm_00006713-RA",5.72323101615101,0,0.0110625581223613,-0.00564565820906169,-7.32327642493481e-06,3.64848062237094e-06
"Dm_00007734-RA",5.10462246733431,0,0.0209238443262161,-0.0014098322286477,-1.39716734977961e-05,0
"Dm_00018336-RA",3.97086306333721,0,0.00880475448929414,-0.0100410378476833,-5.86427501370476e-06,6.84408846880489e-06
"Dm_00018338-RA",2.69106689450002,0,0.0211219802886834,0,-1.42559850394937e-05,-3.50140813064693e-07
"Dm_00018343-RA",4.55438047700237,0,-0.00453712387634268,0.00973586270048653,3.27224886955167e-06,-6.83873439355939e-06
"Dm_00018280-RA",4.21509261749289,0,-0.00524797638276504,0.000204149056909595,3.54781672681074e-06,0
"Dm_00018361-RA",1.36232322042523,0,0.0124528165341049,-0.00934774512376977,-8.8504708321003e-06,6.7479547999631e-06
"Dm_00018104-RA",4.73372014960966,0,0.00381454723705703,-0.00752672785557318,-2.7586841968529e-06,5.30057390448494e-06
"Dm_00016884-RA",3.78258903027324,0,0.0286408097934761,-0.00210770810748755,-1.90751147712725e-05,0
"Dm_00018387-RA",2.79651100655907,0,0.0127576658912152,-0.000605287963653123,-8.53789233270369e-06,0
"Dm_00018181-RA",4.7944970604624,0,-0.00817085210318007,0.000185825493336513,5.54365005021919e-06,0
"Dm_00018393-RA",2.96266004671625,0,-0.0145533868166345,0,9.88018669618945e-06,0
"Dm_00017820-RA",2.28105545975803,0,0,0.0125157951508558,0,-8.76974300117583e-06
"Dm_00020951-RA",4.13925419398967,0,0.0109637570464501,-0.0129179372756085,-7.54184091109845e-06,8.94469861605564e-06
"Dm_00019491-RA",4.41857379544901,0,-0.00843231738956118,0.00476633553116986,5.77282828623836e-06,-3.24372582895209e-06
"Dm_00019182-RA",3.20660779173528,0,-0.00551633425388651,0,4.13498820787794e-06,-2.20798466515716e-07
"Dm_00017591-RA",3.89295565362575,0,0.0188776397045781,-0.0145653355091228,-1.29615575139477e-05,9.84733499469894e-06
"Dm_00019465-RA",3.83743457413409,0,-0.00898299508934883,0.000319548532486876,6.01883389232449e-06,0
"Dm_00019298-RA",3.24119326546832,0,0.0172906520440239,-0.012279777412963,-1.19274366374529e-05,8.46339376108269e-06
"Dm_00019071-RA",3.3800054770122,-0.664764736856913,0.000971572831747079,0,0,0
"Dm_00018794-RA",4.5778561556507,0,0.0159287971494382,-0.000936423036441288,-1.06826173039456e-05,0
"Dm_00019135-RA",2.57109997829184,0,0.0228299140628766,-0.00976711820457745,-1.56322857845415e-05,6.67333514679472e-06
"Dm_00016845-RA",4.25779344882974,0,-0.012699425366662,0.000613085422667309,8.46487243264122e-06,0
"Dm_00015570-RA",3.55992179507028,0,-0.00512410220842637,0.000167499451545843,3.39296708791187e-06,0
"Dm_00016266-RA",3.80019378666547,0,-0.0120677103039985,0.000618433772654398,7.87653987620387e-06,0
"Dm_00016099-RA",3.12539243883961,0,0.0193228899938364,-0.0074560485634684,-1.2873990733137e-05,4.63405473986146e-06
"Dm_00016246-RA",4.6859025760115,0,0.0219720342623399,-0.020922882812343,-1.49968348536668e-05,1.42829701960449e-05
"Dm_00016184-RA",2.65734985755009,0,0.0324702735798606,-0.0254672712002699,-2.20457965620262e-05,1.72726390200555e-05
"Dm_00014799-RA",4.14088031091659,0,-0.0208132760899132,0,1.4652129008444e-05,-6.66989604218504e-07
"Dm_00016339-RA",1.96590393801407,0,0.0175968677864939,-0.000820909654376578,-1.16143728922841e-05,0
"Dm_00010156-RA",3.26580745778108,0,0.000732867136292836,-0.000908542180660117,0,0
"Dm_00008528-RA",4.29208520039393,0,0.0164983202378197,-0.0152377066708681,-1.06669489471441e-05,9.74350548915485e-06
"Dm_00010659-RA",5.44790920432602,0,-0.0272571320363856,0.0216923033296358,1.82031290692229e-05,-1.45454856489847e-05
"Dm_00010216-RA",2.00924439988042,0,0,0.0176361111639169,0,-1.23293579780014e-05
"Dm_00008658-RA",1.12784746204563,1.06277978308455,0.019899031772277,-0.0382087819559791,-1.2493520222695e-05,2.51406503691812e-05
"Dm_00011243-RA",5.65917739439166,0.277323626024506,0.000466073479226684,0,0,-3.10461460519317e-07
"Dm_00010126-RA",5.46187775255811,0,0.0289025938647762,-0.0214891162497358,-1.95150402344477e-05,1.45794107331402e-05
"Dm_00010489-RA",3.00402034787644,0,0.0177688258242821,-0.0141583948244092,-1.17644303471198e-05,9.15845558803781e-06
"Dm_00005123-RA",3.58806715785081,0,0.0284672846224904,-0.0014306675169354,-1.84134888498097e-05,0
"Dm_00005500-RA",3.75019882225064,0,0,0.00762303403070907,0,-5.22777671935001e-06
"Dm_00005393-RA",4.28642195960027,0,-0.0068062910318694,0.00896926141245655,4.68723542443159e-06,-6.17546660381083e-06
"Dm_00004771-RA",2.27602800750877,0,0.0125623640742432,0,-8.68710920062828e-06,0
"Dm_00004548-RA",1.78511034853197,0,0.0281766278569053,0,-1.92769564237022e-05,-6.42853155083433e-07
"Dm_00005296-RA",4.03652250129509,0,0.0197528254773007,-0.0172106882944775,-1.37081106523686e-05,1.17367517241212e-05
"Dm_00005014-RA",4.54594078292164,0,-0.0163783869092837,0.0168587738638966,1.12288484103346e-05,-1.14312780382083e-05
"Dm_00004210-RA",4.9729009114824,0.410046335940589,0,0,6.32287272173548e-07,-7.27987947874338e-07
"Dm_00004593-RA",3.34904237323754,0,0.0113701765109144,-0.00650888738837549,-7.76065796388416e-06,4.397291369565e-06
"Dm_00004586-RA",3.89975352220874,0,-0.00641281478852641,0.00762233268175488,4.53382584549375e-06,-5.2047864271526e-06
"Dm_00005080-RA",3.0366702294803,0,-0.0138726923529668,0.000439775216006098,9.30272823712238e-06,0
"Dm_00004916-RA",7.65053677816671,0,0,0.00785611847665449,-1.0856241237035e-07,-5.45558663086605e-06
"Dm_00004656-RA",3.89484130668289,0,0.024585092734103,-0.021656657031634,-1.6842245855759e-05,1.47779499330063e-05
"Dm_00004650-RA",0,0,0.0312669878199792,-0.00406765376089132,-1.88284480980869e-05,0
"Dm_00005200-RA",5.81502072230133,0,0.0201625151852081,-0.000542215087059921,-1.36179272501474e-05,0
"Dm_00004508-RA",2.42836997554008,0,-0.00570068966758542,0.00726309757013323,3.71773148616635e-06,-4.78700502509863e-06
"Dm_00005169-RA",4.00879548634857,0,0.0030500152991246,-0.00294933917263195,-1.87305102837985e-06,1.8253865416768e-06
"Dm_00005262-RA",5.15385797952391,0,-0.00543594664554595,0.00741415976599559,3.71486701984281e-06,-5.13507988867429e-06
"Dm_00005267-RA",3.66255748345979,0,0,0.00690649216022194,0,-4.82168647081923e-06
"Dm_00019668-RA",3.41544771560549,0,0.0159937279507113,-0.00812971005543528,-1.0910148083986e-05,5.5001303848699e-06
"Dm_00017863-RA",0.914854696229638,0,0.00220108134150034,-0.00234285494779855,0,0
"Dm_00019608-RA",3.34940526771396,0,0.0230767532509237,-0.0203733876840817,-1.55070722975092e-05,1.36586436353073e-05
"Dm_00018695-RA",4.27871183871572,0,0.0152454863906686,0,-1.05034420384019e-05,0
"Dm_00018547-RA",0,0,0.055427541958087,-0.0449432328781981,-3.77674702370046e-05,3.16177358310519e-05
"Dm_00019521-RA",4.24558076299874,0,0.00367044030621886,-0.00651474390194008,-2.65095372674713e-06,4.58676269160693e-06
"Dm_00018144-RA",2.33822506493099,0,0.0208269483258832,-0.00113964370715424,-1.37056088066137e-05,0
"Dm_00019559-RA",3.09311475956065,0,0.000773533149356316,-0.00068253255902894,0,0
"Dm_00019366-RA",-3.1172679121619,0,0.004078716399503,-0.00312875190446825,0,0
"Dm_00015928-RA",5.09491726485625,0,-0.0170537743136942,0.0202227024259624,1.11883332790084e-05,-1.38015004461415e-05
"Dm_00015874-RA",4.77329936182376,0,-0.0261408701073219,0.0167756604869247,1.77259721868418e-05,-1.14047577554813e-05
"Dm_00015394-RA",4.17920535900887,0,0.00034954290787727,0.00671761974587393,0,-4.67245929924457e-06
"Dm_00014377-RA",4.69392266179802,0,-0.0106487060131044,0.00792895881750394,7.27218469782964e-06,-5.35327445115307e-06
"Dm_00015515-RA",3.49226136795331,0,-0.00581239487411736,0.0101562777428065,4.0032196185192e-06,-6.95047195811175e-06
"Dm_00012576-RA",2.45093632267047,0,0.0142802673774075,-0.00682008606162765,-9.73292030538436e-06,4.54094316185068e-06
"Dm_00014784-RA",2.81220778725756,0,0.0160433451641089,-0.00788368187615499,-1.10428123956761e-05,5.42619835131966e-06
"Dm_00012269-RA",4.52357098104593,0,-0.00577311967693659,0.0101909254001366,3.81162440721328e-06,-7.08528419359801e-06
"Dm_00014726-RA",0,0.964267683956628,0.0273628720245961,0,-1.94573090086682e-05,0
"Dm_00014329-RA",3.47766271612765,0,-0.0132591552655554,0.00967434717450999,8.98209972296059e-06,-6.51085242451728e-06
"Dm_00013548-RA",2.54172258541448,0,-0.0109753819783525,0,7.34901661081011e-06,2.82681482878955e-07
"Dm_00012083-RA",3.5559448860526,0,-0.0101931281434878,0.000229579587487406,6.91358157388249e-06,0
"Dm_00013267-RA",2.97686123381032,0,-0.0135800367338447,0.00881501017300168,9.25983077955052e-06,-6.05862215528451e-06
"Dm_00011752-RA",1.99568551893643,0,0.00886334060871573,-0.000421460958330553,-5.85211180044943e-06,0
"Dm_00010964-RA",4.47075292455496,0,-0.00658995846645698,0,4.36901616963855e-06,3.34654285828835e-07
"Dm_00013680-RA",5.87257499225659,0,-0.0155144006001955,0.00727368856701517,1.03155511650219e-05,-4.83949162164362e-06
"Dm_00012115-RA",-3.09293635614833,0,0.00311657107239123,0,0,-2.00303383412714e-06
"Dm_00013313-RA",3.01016709248923,0,0.0244434870030344,0,-1.65920591272288e-05,-1.00338486908251e-06
"Dm_00011212-RA",3.28669536629008,0,0.0136277084425063,-0.000393279119495386,-9.27568658718775e-06,0
"Dm_00011154-RA",3.37632471449089,0,0,0.0118878872825714,0,-8.36082595047793e-06
"Dm_00012413-RA",5.02051671393533,0,-0.0169112367785843,0,1.13547988290248e-05,3.41972178107847e-07
"Dm_00013030-RA",4.38195856928585,0,-0.0112342919150195,0,7.81796130949066e-06,0
"Dm_00012859-RA",2.68492580590213,0,-0.012125902955702,0.0131832257935486,8.3111309907308e-06,-8.99435461123059e-06
"Dm_00012078-RA",3.61997586448602,0,0.0181048477925367,-0.00831325488963848,-1.23770218552217e-05,5.46744433543511e-06
"Dm_00013079-RA",4.83550727951081,0,0.0121042050113994,-0.000660712418996595,-8.06481326884375e-06,0
"Dm_00013373-RA",2.91185139782558,0,0,0,1.40624857591274e-06,-1.48947784114054e-06
"Dm_00010954-RA",4.3449968782955,0.171528678569915,-0.00297828322349085,0,1.91449898311691e-06,0
"Dm_00012498-RA",3.91654996922772,0,0.00724638405606131,-0.0161251613475584,-4.98830605613403e-06,1.11677721355904e-05
"Dm_00012383-RA",4.59955669801852,0,0,-0.00680977968131945,3.09041243693248e-07,4.44870465889959e-06
"Dm_00010454-RA",3.84596904290541,0,-0.000290615438534197,-0.0076409252644842,0,5.49908372496394e-06
"Dm_00013145-RA",2.37041874382335,0,0.0401704633994313,-0.021184355421987,-2.67697593002392e-05,1.34543576078636e-05
"Dm_00013251-RA",2.67390126673507,0.321497338427892,0.00416883353743349,-0.000481504696599792,-2.58110062126538e-06,0
"Dm_00011314-RA",4.49437253494234,0,-0.00683526358497643,0,4.72468297691985e-06,0
"Dm_00014039-RA",2.1117779755754,0,-0.0179992901465356,0.000368760613643449,1.21753569803352e-05,0
"Dm_00015188-RA",1.41005861899276,0.596673292888779,-0.0157699613599493,0,1.05812618880118e-05,0
"Dm_00015236-RA",4.76893691665858,0,-0.0131896920435003,0.0108641530142907,8.90514448313556e-06,-7.26659138393775e-06
"Dm_00012820-RA",4.08462450802864,0,0.0128535587376318,0,-8.84221260390203e-06,0
"Dm_00014543-RA",3.54001700369957,0,0.0268938327476218,-0.0231401917042754,-1.82528909768511e-05,1.60202546532634e-05
"Dm_00015199-RA",2.69016123403056,0,0.0584870161604021,-0.0237383287379871,-3.93580640200346e-05,1.56087185882363e-05
"Dm_00015203-RA",1.41885890081111,0,0.0366381502510062,-0.00199658108064236,-2.37682616863457e-05,0
"Dm_00021052-RA",3.30478234599048,0,0.0380885788858216,-0.00235942335001564,-2.50247724352579e-05,0
"Dm_00020594-RA",2.63712007933065,0,-0.00793649235097298,0.0131576608345442,5.4210484711082e-06,-9.10618850043654e-06
"Dm_00018969-RA",2.89856869086978,0,0.016495833388619,-0.000532077930360524,-1.10378469700737e-05,0
"Dm_00020510-RA",4.0532753261104,0,-0.00637147525668028,0,4.22512318317333e-06,1.89986043455306e-07
"Dm_00020511-RA",4.48007959664363,0,0.0247854392441172,-0.0155786124675992,-1.68190478157065e-05,1.04171577818608e-05
"Dm_00007815-RA",5.51904190729551,0,-0.0094220280792684,0,6.40924976810672e-06,0
"Dm_00007625-RA",3.25131516197776,0,-0.0156598974619865,0.000471886637265013,1.0490301800011e-05,0
"Dm_00007945-RA",6.58173887164765,0,0,0,-2.84753342333542e-07,0
"Dm_00009230-RA",3.60734130169251,0,0.021929202327942,-0.0157290109588602,-1.49638172041895e-05,1.07525762205737e-05
"Dm_00009232-RA",3.16081116829728,0,0.0139605590821552,-0.000487590825925093,-9.34725830746846e-06,0
"Dm_00009233-RA",3.60544135304196,0,0.0158325634505707,-0.00986931026028137,-1.07779867486407e-05,6.69616453613867e-06
"Dm_00009894-RA",4.00509649247814,0,0.0131196295234413,-0.00845187119019248,-9.08689246119153e-06,5.81730634482933e-06
"Dm_00009298-RA",3.38459754310915,0,0.0336739604156298,-0.0011761620375094,-2.28279850285075e-05,0
"Dm_00009374-RA",1.44844720216997,0,0.0130468730890511,-0.0243837560191811,-9.47843222933467e-06,1.74051497601666e-05
"Dm_00006932-RA",1.74176708294873,0,0.0234393142191463,-0.0232859196035145,-1.50907565854934e-05,1.50769410077002e-05
"Dm_00008810-RA",4.76921009570682,0,0.0214375139648356,-0.00121188848158824,-1.41668262896538e-05,0
"Dm_00008809-RA",5.27509189363671,0,-0.0158215399048666,0.0218646892529672,1.07668126563169e-05,-1.51566093234152e-05
"Dm_00009387-RA",3.8266716168153,0,-0.00775063386141193,0,5.370127208221e-06,0
"Dm_00017045-RA",3.24802473385691,0,0.00608582480944672,-0.0108935589225142,-3.94873568488485e-06,7.31723075669828e-06
"Dm_00015386-RA",3.43362134360216,0,0.0328724129872501,-0.00189099321115639,-2.15179911764741e-05,0
"Dm_00015917-RA",2.46283934178722,0,0.017672143739907,-0.0134276715065943,-1.18081628171406e-05,8.68781151355135e-06
"Dm_00015617-RA",4.50533422321715,0,0.00467341820395876,-0.00430891647304854,-3.32698873177523e-06,3.00666477198898e-06
"Dm_00015832-RA",3.52165316232039,0,0.0112586124412488,-0.0102923251576005,-7.51280496474399e-06,6.95301844116356e-06
"Dm_00017090-RA",4.12657379509674,0,-0.00728736669931788,0.000265349351591933,4.87992666030409e-06,0
"Dm_00018376-RA",2.46457568453638,0,-0.00785886068976919,0,5.62108691776558e-06,-2.00110979053639e-07
"Dm_00016349-RA",3.77645625279338,0,0.0409760626797476,-0.00124335427275991,-2.76740380254075e-05,0
"Dm_00018495-RA",5.85570446747552,0.372370347073591,0,0,9.13873876406422e-08,-2.08566711182415e-07
"Dm_00018490-RA",2.70013509590638,0,-0.0119455924913485,0.000356291589162118,8.0211522252416e-06,0
"Dm_00017323-RA",0,0,0.00534622789880444,0,0,0
"Dm_00018645-RA",3.69591122249758,0,-0.000179600517302817,0.00819350002105803,0,-5.73464434483314e-06
"Dm_00020993-RA",2.56184312670676,0,0.019580183217275,-0.000769441919042557,-1.32735502996888e-05,0
"Dm_00017421-RA",4.14157730211961,0,-0.0157650092838372,0.0186407958876709,1.05762434241399e-05,-1.27743358805233e-05
"Dm_00007238-RA",4.09333713903024,0,0.0267917576416967,0,-1.76000127673587e-05,-1.73949560221446e-06
"Dm_00007394-RA",3.89190095025857,0,0.0222162743841924,-0.0007730868816752,-1.49261049255483e-05,0
"Dm_00007779-RA",0,0,0.0515637095505227,-0.0270359265264171,-3.49994512226843e-05,1.65604219374076e-05
"Dm_00007095-RA",2.25853381331851,0,0.0294187741044421,-0.027630065075527,-1.99092131258105e-05,1.85166965152416e-05
"Dm_00007087-RA",4.73444592788307,0,-0.0125745998496359,0,8.68159067140193e-06,0
"Dm_00007071-RA",3.10919118670396,0,0.0264863075508923,-0.0175148988062752,-1.78770463649279e-05,1.15762728569439e-05
"Dm_00006956-RA",0.439865640689766,0,0.00143810200210987,-0.0012341922426779,0,0
"Dm_00006957-RA",4.48476585192214,0,0.000763312010057077,-0.000740440954392173,0,0
"Dm_00007459-RA",3.49730891044779,0,0.00985909139262493,-0.0104833630407934,-6.13129236258265e-06,6.55315029242688e-06
"Dm_00006342-RA",2.69403127312022,0,-0.0128076840689961,0.0106327488574118,8.63618959315529e-06,-7.16396990950022e-06
"Dm_00008588-RA",2.29438423659241,0,-0.0209367867065859,0.0124280138910873,1.43820618185841e-05,-8.46162298210614e-06
"Dm_00009250-RA",2.40929800417194,-0.679860174046411,-0.0162047029597265,0,1.09659336819166e-05,4.09932814722026e-07
"Dm_00007298-RA",5.15349981345186,0,-0.00801216775559438,0,5.44963487553923e-06,1.00800408243391e-07
"Dm_00008608-RA",3.91868297909647,0,-0.00679047116509707,0.0084873156231634,4.70014959902492e-06,-5.89603427933471e-06
"Dm_00008322-RA",5.56434641190623,0,0.000681303759755863,-0.000744376242723065,0,0
"Dm_00007891-RA",3.68333256083237,0,0.0171493755762136,-0.00683654015014908,-1.15417908959964e-05,4.46780287971149e-06
"Dm_00020954-RA",0,0,0.0470069992501194,-0.00165788719809287,-3.09271253698457e-05,0
"Dm_00020767-RA",0.790346167503516,0,0.0383152107827279,0,-2.59550705348988e-05,-8.12991672827444e-07
"Dm_00021089-RA",-1.8426664279505,0,0.0644911167579504,-0.0230010117701906,-4.32478128835368e-05,1.45670113664398e-05
"Dm_00019961-RA",3.27583202266731,0,0.0199915042792815,-0.00877896016553366,-1.3588854792144e-05,5.88780998434157e-06
"Dm_00020813-RA",5.13891754303421,0,0.0242728531348579,-0.00160889556386125,-1.60943922001708e-05,0
