"","p-value","R-squared","p.valor_beta0","p.valor_Time","p.valor_Time2","p.valor_Time3"
"Dm_00008771-RA",9.21616367431318e-09,0.72123733165624,5.22743993164828e-13,6.05726572465992e-05,5.95953045384233e-05,NA
"Dm_00009021-RA",1.08941982938822e-05,0.673434665707979,2.66381311654145e-06,0.0145114764196765,0.0214102199308182,0.0217919269351069
"Dm_00009775-RA",4.44913021020255e-06,0.64541233389486,1.41058279796658e-16,0.000400981703102632,0.000369188208837506,NA
"Dm_00009536-RA",0.000352125963788138,0.618571212753197,2.30050146623526e-12,0.0264907652177625,0.0378844569544193,0.0384958333717038
"Dm_00009814-RA",3.3222623884933e-07,0.654314711432058,6.23737950007558e-11,0.000360966550876776,0.000341078268537125,NA
"Dm_00009260-RA",2.21570124231843e-07,0.698113190127278,5.01675848439942e-15,0.0236042974566648,0.0423855556406813,0.0434813356851712
"Dm_00010164-RA",1.51237726695976e-08,0.733227569945969,2.6270520566653e-20,NA,0.000321329447350333,0.000324512364223343
"Dm_00007301-RA",7.52993671604293e-06,0.643165138141296,2.35901859318676e-18,0.000453943131870095,0.000409330468117996,NA
"Dm_00009195-RA",2.47612741097086e-08,0.729846129081151,1.66352115903837e-19,0.001336582204576,0.00100251257535118,NA
"Dm_00012190-RA",1.314234856159e-09,0.759031297557815,3.88661713215801e-18,2.82004781713352e-05,2.81799854532221e-05,NA
"Dm_00015956-RA",1.72955363509819e-05,0.637395169872165,1.10391179468258e-12,0.0268780283577064,0.0376916875330301,0.0382795383506353
"Dm_00012260-RA",1.53957923541887e-09,0.750832382249625,NA,0.0234698324002825,0.0318485559964446,0.0322990239674604
"Dm_00010384-RA",6.74223168859973e-05,0.665687249255332,2.8679474623897e-16,0.0199457918566825,0.0317839829159945,0.0324427223891232
"Dm_00010398-RA",2.65324580203794e-07,0.712579141392726,3.45299220369413e-15,0.000410397986562752,0.00035392324774939,NA
"Dm_00011074-RA",4.77278373887919e-09,0.781326544767463,1.11888770610414e-14,0.00171787522146793,0.00318935046134579,0.00327861894767376
"Dm_00010326-RA",3.73423474426169e-05,0.603187835735511,1.52701386391398e-09,0.00324019186139699,0.00266240482138116,NA
"Dm_00008558-RA",0.000277894536116179,0.617847065304008,1.18308336450986e-14,0.019078611961533,0.0270686108638843,0.0274986491388429
"Dm_00018588-RA",1.86876481325592e-05,0.623931447326598,5.1559131103717e-17,0.00100602318480949,0.000876501618962451,NA
"Dm_00018647-RA",1.49456146928094e-19,0.812190064602061,8.50564441732789e-06,0.000390353537049957,0.000851317443858369,0.000882277273079702
"Dm_00017967-RA",6.00162005998099e-09,0.708921184766437,NA,0.0103876661978011,0.0133267613295365,0.0134845175208463
"Dm_00018806-RA",5.7350951825066e-06,0.640523466087825,4.32954588971752e-19,NA,0.000737869104251262,0.000732915372018157
"Dm_00005516-RA",1.19772369028497e-06,0.635908518552311,6.02897822871784e-12,0.00116494413422552,0.00176373333367236,0.00179695893860721
"Dm_00005515-RA",8.49324493690315e-12,0.745024542385407,1.00419832135815e-12,0.000260401808713615,0.00049378959127903,0.000508287646809462
"Dm_00006565-RA",1.47781574370849e-06,0.651630886328008,1.02200254628521e-18,0.00158251754240769,0.00128882798740531,NA
"Dm_00005565-RA",2.56595688355182e-05,0.604629345926057,2.51895312782149e-20,0.00065670287203256,0.000709346360919416,NA
"Dm_00006133-RA",5.25489125486823e-05,0.626647146769373,2.34967623406646e-16,0.000802530574045875,0.000785885239267527,NA
"Dm_00006071-RA",1.14603285953952e-05,0.650081211525396,2.42714851458469e-14,0.000411525756510446,0.000425901962849131,NA
"Dm_00006067-RA",1.27625461060741e-08,0.702951108134531,2.99300582185416e-10,0.000292485262504794,0.000230369373148164,NA
"Dm_00006177-RA",6.32798066992029e-10,0.785500117920807,3.35015633087536e-13,0.00191883421510805,0.00298217659346906,0.00304404524464231
"Dm_00005779-RA",0.000146778814376919,0.621321523033481,9.86281351685306e-06,0.00117197717124475,0.00132542322872681,0.00133361822700324
"Dm_00006913-RA",3.33711103198133e-06,0.647584002881545,1.79331418915368e-18,0.0003073388568885,0.000296511579059722,NA
"Dm_00006372-RA",1.70563210774794e-05,0.62225987052659,8.44704616575465e-21,0.000376964543003936,0.000384143290078576,NA
"Dm_00006464-RA",1.57593506854018e-12,0.791297628272877,6.96926959040306e-19,NA,6.79198708509139e-06,6.75897654065764e-06
"Dm_00006465-RA",1.64224478686983e-06,0.645424576821388,2.12533228040714e-12,0.00110463227363066,0.000944145545691736,NA
"Dm_00006688-RA",0.00021412733067895,0.602978673946665,3.87441816209412e-13,0.00259426319572623,0.00255967458599044,0.00256126961681351
"Dm_00006686-RA",1.74015502691786e-09,0.724311516881165,3.42817926916039e-11,0.000195599867139533,0.00015576300556993,NA
"Dm_00006687-RA",2.58457247212803e-06,0.65763516189657,2.97128001037671e-18,0.000516041726577384,0.00046147995761138,NA
"Dm_00004899-RA",1.76571909196014e-05,0.623521237384418,2.60891647391275e-16,0.00156475188960444,0.00134558740354791,NA
"Dm_00021005-RA",5.14126196701547e-06,0.627246312286797,2.8642302309487e-09,0.00308440614358192,0.00242062916989563,NA
"Dm_00011709-RA",7.99152904684476e-05,0.643980714758308,3.34335400809405e-14,0.0121860194924734,0.0148498785654793,0.0149943746609406
"Dm_00011712-RA",2.20629763898431e-07,0.701961053946996,9.04131870695755e-22,NA,0.000116087032452782,0.000116321972321658
"Dm_00011931-RA",6.17801712930059e-05,0.601100366616026,8.48084100282183e-20,NA,0.000768387589728348,0.000766334722137205
"Dm_00010504-RA",1.02777777699126e-06,0.67477146518899,2.34849425001176e-12,0.000200527101262645,0.000192633150380812,NA
"Dm_00011504-RA",2.17643177977227e-05,0.634560787466011,7.74590261858318e-16,0.000476828768870058,0.000438830025479644,NA
"Dm_00011684-RA",3.85641398339977e-08,0.68877076343076,2.77744759311273e-09,0.000318698506558199,0.000302591762715622,NA
"Dm_00015545-RA",1.03087954215468e-06,0.664245250992772,2.64790427428102e-16,0.000117622624175852,0.000116375463480616,NA
"Dm_00014758-RA",1.18848172865553e-09,0.774125300399657,0.0216823001389736,0.00247030426175241,0.00373882839579137,0.00381152839728087
"Dm_00015676-RA",1.36130450225128e-05,0.634576082731317,3.33970001368405e-18,0.000625400144909037,NA,0.000558382424857035
"Dm_00012516-RA",1.91956776915814e-05,0.628847360851605,4.34186780670021e-16,0.000734558542924539,0.000659848550390253,NA
"Dm_00015455-RA",0.000171225727448657,0.61468093348925,2.65131613933192e-15,0.0267968952957429,0.0428114445683959,0.0436938376162504
"Dm_00005593-RA",1.25115442680601e-06,0.677629721089239,1.43930012130479e-17,NA,0.000189378562301898,0.000188502082401943
"Dm_00005189-RA",9.72245040590163e-11,0.732757407458225,3.31009549497222e-13,4.40230785143834e-05,3.87563033816251e-05,NA
"Dm_00005469-RA",2.62478567846649e-05,0.617100034036401,4.24092154433404e-14,0.00106249781275446,0.000947436441606395,NA
"Dm_00004987-RA",4.32269846661676e-05,0.629533362723826,1.98700504407443e-16,0.000842088281972698,0.000749693874754971,NA
"Dm_00004984-RA",4.4836331892026e-06,0.673787031296737,2.26077766795307e-14,0.011122499295883,0.0190974433950528,0.0195587315625162
"Dm_00006036-RA",5.97739917444276e-06,0.645435050496115,1.37033004663631e-16,NA,0.000368052154396933,0.000368982917345708
"Dm_00005229-RA",3.78774451702776e-05,0.605094621471261,7.25492802218935e-20,0.00604630098887874,0.00489568179625609,NA
"Dm_00004639-RA",7.33105914581634e-10,0.785443944780278,0.00135475358470277,0.0267103614437443,0.0443123210338061,0.0453168472749952
"Dm_00003966-RA",4.60220956536956e-05,0.625274600894755,9.5104445319325e-09,0.00116655482249407,0.00108599113800029,NA
"Dm_00005528-RA",8.16559447885434e-05,0.637042600332972,2.4538308276866e-10,0.00257344766693736,0.00227576105405308,NA
"Dm_00005535-RA",1.58837434239209e-09,0.746844033717007,2.38470029927815e-17,NA,2.70046760568853e-05,2.7075401102192e-05
"Dm_00004801-RA",0.000150362624572501,0.622191765742749,5.76610616738833e-12,0.0265499444483851,0.0426184618351193,0.0435105215268844
"Dm_00020192-RA",2.49639588506122e-05,0.614799669885671,5.95326717548964e-16,NA,0.000770119888103954,0.000767034655974643
"Dm_00018389-RA",5.24752919331229e-07,0.665568741933737,8.28100293660108e-12,0.00101784524929362,0.000824999839118649,NA
"Dm_00020342-RA",2.17520974653201e-17,0.861010654508896,3.19385944099625e-19,2.38752773775946e-06,1.98960550888126e-06,NA
"Dm_00019998-RA",2.80068069413491e-06,0.646096774359884,9.99962064184917e-19,NA,0.000270860478918105,0.000270978311607449
"Dm_00001778-RA",4.88590927505518e-05,0.621606767481066,3.08911745348014e-17,0.00060230462278265,0.000591197166922642,NA
"Dm_00001784-RA",1.21264380606065e-05,0.631038657824103,2.96130817519524e-17,NA,0.000561750153897292,0.000563956382692015
"Dm_00001884-RA",9.68638924242484e-07,0.676111147279049,1.84849704051157e-16,0.000147612147770666,0.000140215748980531,NA
"Dm_00001891-RA",1.07528581630042e-05,0.609966935053164,1.26728552049148e-15,0.000480020133792109,0.00045764201721914,NA
"Dm_00001897-RA",3.34679699626509e-06,0.675781287460505,3.35282560466896e-07,0.00752005263962276,0.0110530133936852,0.0112495950300925
"Dm_00001302-RA",3.09816295264732e-06,0.634157496856642,4.06827196261343e-13,0.000363748280611278,0.000336018930040085,NA
"Dm_00001319-RA",7.03376884689517e-09,0.742145396684137,NA,0.00428608101556263,0.00612538541180403,0.00622837423697644
"Dm_00001310-RA",1.82762874136372e-05,0.626278045020356,9.74804963032807e-15,0.000408142524332176,0.000410191059046565,NA
"Dm_00001225-RA",8.9044789444479e-11,0.784607340175402,1.44519307874615e-21,2.15003544315804e-05,2.00178315697963e-05,NA
"Dm_00001947-RA",3.17165983979632e-08,0.739665502312583,NA,0.0196978603068598,0.0217799752108336,0.0218887092489994
"Dm_00002327-RA",2.11641248443469e-05,0.626735617516377,2.63932534619734e-17,0.000347905637924996,0.000331968689891171,NA
"Dm_00002223-RA",1.20912805987888e-08,0.731555876069906,4.52079704580488e-13,0.00050556027201476,0.000413927222947893,NA
"Dm_00001997-RA",3.99488649491392e-08,0.73025453539771,1.28418493725852e-09,0.000352981335682614,0.000285423855333387,NA
"Dm_00001995-RA",3.45015192260638e-10,0.785270923275216,2.71987667281544e-10,0.00426779894649619,0.00750301872022024,0.00769745670001064
"Dm_00001630-RA",9.12425980839164e-08,0.641979152808842,1.47687408108349e-12,0.000796157492668735,NA,0.000635791148845449
"Dm_00001629-RA",1.18096640549934e-10,0.808270655416187,9.4019494456032e-14,0.00016087161142792,0.000125779248916903,NA
"Dm_00001973-RA",4.56220063190007e-06,0.680837380222972,2.81564258486667e-10,0.000563160865753081,0.000516331163367829,NA
"Dm_00002176-RA",1.61395937044528e-09,0.759176044541274,3.91665346923528e-18,NA,3.05378906762427e-05,3.05404312085658e-05
"Dm_00002180-RA",2.51216758199407e-07,0.700153690364993,1.38111935717499e-13,0.000166916346267908,0.000153266581490824,NA
"Dm_00002032-RA",0.000174368825733158,0.625661861965717,6.42596089320193e-13,0.0315192789845292,0.0432912102370232,0.0439208448532805
"Dm_00001554-RA",7.88464244831295e-09,0.742285838415909,0.00581016628478788,0.00934532371719251,0.0144145677151028,0.0147008605524784
"Dm_00001556-RA",0.000112800654570954,0.63392819086144,8.55673356625704e-18,0.0188006412918042,0.0287428661639854,0.0292895948249269
"Dm_00001414-RA",3.37721975172461e-06,0.660907553366504,8.37511220463798e-22,0.000346544060258538,0.000310209247417375,NA
"Dm_00001351-RA",2.07259489683041e-05,0.63087710441964,8.97760201825688e-17,0.000573429258250395,0.000523712331338969,NA
"Dm_00001350-RA",1.66632596863294e-06,0.641376993988238,3.01775173851024e-07,0.00422216620116953,0.0061341197253917,0.0062414067502149
"Dm_00001873-RA",7.19301143226926e-06,0.742277769258483,1.04962842445673e-10,0.00131085742426289,0.00113329673805134,NA
"Dm_00001876-RA",6.03567015117969e-05,0.601687279624985,3.84093396684611e-18,0.000803958136595825,0.000823177006331092,NA
"Dm_00002077-RA",3.09377912292121e-05,0.639448458408539,1.94010419251325e-14,0.000792322920300378,0.000739521749883946,NA
"Dm_00001839-RA",3.13363108839268e-06,0.634286037671594,6.21477662268347e-14,NA,0.00214883550130779,0.00213095592378354
"Dm_00001454-RA",3.43628210915357e-05,0.623098532967739,7.49980442188121e-17,0.000713174576596819,0.000656882259475201,NA
"Dm_00001464-RA",5.25019028673875e-10,0.722040881764198,2.29272295960712e-09,0.000130498688103294,0.00010273996901933,NA
"Dm_00002158-RA",1.25616064475646e-07,0.701050058452422,1.43789068801593e-18,0.000126168036952241,0.000119005332173716,NA
"Dm_00002159-RA",0.000239600252312757,0.661376148990531,2.32580354486942e-10,0.00493341722027733,0.00425973948299877,NA
"Dm_00002160-RA",3.57497476410097e-07,0.682544666789911,3.9540087319443e-17,0.000138803572673619,0.000147842474324103,NA
"Dm_00001519-RA",1.82164540550031e-12,0.798630610269211,2.96582884538061e-16,NA,4.76005141256386e-06,4.75758803053451e-06
"Dm_00001591-RA",3.33514675554689e-06,0.660990105763894,8.34073830145936e-13,NA,0.000536439496292106,0.000534152297628159
"Dm_00002127-RA",9.13750354171188e-06,0.641856971050848,6.07713294080504e-14,0.00310394785994673,0.00418281048073882,0.00424188954881469
"Dm_00002126-RA",5.75636822423906e-06,0.62444294045745,1.1349884103317e-10,NA,0.00198294431323398,0.00196308600400349
"Dm_00002128-RA",2.55535482871012e-08,0.730892284243966,1.26592576901859e-15,7.10155897751324e-05,6.44413169406787e-05,NA
"Dm_00001377-RA",2.15962928631669e-05,0.621763101424326,3.74368087352574e-19,0.00104140656676428,0.000905247363420595,NA
"Dm_00001381-RA",1.70078694679139e-07,0.676190715979064,1.15689289662774e-16,0.000226115972908813,0.000200121332311003,NA
"Dm_00001386-RA",2.62156488594847e-07,0.682801486161043,0.0247896165399953,0.000375149652594451,0.00030652349048564,NA
"Dm_00001407-RA",4.14031847719199e-05,0.60323625191301,3.40227477772117e-20,0.000749953189730633,0.000725545350519601,NA
"Dm_00001711-RA",9.30867318961995e-06,0.641756733657595,1.06504688015438e-20,0.00193724484082607,0.00160134272292396,NA
"Dm_00003862-RA",1.56043665319815e-08,0.692893506177953,0.00514380344353203,0.00679157216335446,0.0104140888604317,0.0106211150926307
"Dm_00003855-RA",2.65703019879923e-08,0.763081445198202,6.94256288174836e-09,0.0103383630863904,0.0168919312276937,0.0172715025128624
"Dm_00003858-RA",2.6089185656537e-12,0.806902999320943,2.52100477153959e-17,3.39705165985069e-05,2.77355397207484e-05,NA
"Dm_00003874-RA",9.77875398059661e-07,0.672467157661006,0.000996679549728561,0.000228530412522362,0.00020383426082475,NA
"Dm_00004018-RA",4.06835318038156e-07,0.728309657866838,0.0342852908847392,0.00730296035316187,0.010402464604463,0.0105740257691193
"Dm_00004017-RA",5.43757288959947e-16,0.838882716403981,2.72660910499354e-12,2.40784147645806e-06,NA,2.25474486270959e-06
"Dm_00003509-RA",1.9908100491737e-06,0.663583903135265,6.49949723423867e-20,0.00018558492497123,0.000175312870316789,NA
"Dm_00003793-RA",1.66224031867857e-06,0.645376423512649,1.47176843322969e-16,NA,0.000177905363216819,0.000177465242292109
"Dm_00004252-RA",3.97735898254485e-06,0.643060759350176,1.17412905725499e-16,0.000419801881754481,0.000376796090949597,NA
"Dm_00003687-RA",6.41178088856626e-07,0.651489801062784,1.84493005819703e-14,0.000459840100213146,0.000394726120170697,NA
"Dm_00003822-RA",6.12152748310051e-07,0.633709351841414,NA,0.00101278608918703,0.00114878082381954,0.00115603262818349
"Dm_00003552-RA",6.14039558570958e-05,0.652509112785419,1.64201690834641e-13,0.0133260640875158,0.0171192310452192,0.0173234257622798
"Dm_00003803-RA",4.29298018591979e-06,0.666359916339271,8.29625887607395e-18,0.000204301628826457,NA,0.000194035009691665
"Dm_00004413-RA",6.5007256701167e-07,0.720533359519529,7.15288930904067e-13,0.00528333869826472,0.00959869169799702,0.00985505362234383
"Dm_00004033-RA",3.72277545774016e-05,0.651182720147703,8.35993589521724e-07,0.00172808324606375,0.0015259286243166,NA
"Dm_00004126-RA",2.52985349773047e-05,0.619651375616818,3.30416922672198e-17,0.000609425972024958,0.000599182576017201,NA
"Dm_00004129-RA",8.73337167462161e-06,0.617896144362494,7.36389360107457e-07,NA,0.000566748403753816,0.000565286411589127
"Dm_00019718-RA",3.44514174032116e-05,0.647067679447471,7.84161355750592e-10,0.0154861389205321,0.0237681778061681,0.0242245788757224
"Dm_00019763-RA",7.6509758705319e-07,0.732927536148976,7.35497320062148e-14,0.000489871608216798,0.00043496223343853,NA
"Dm_00019560-RA",1.20094787916312e-10,0.752499859256483,1.33991456416231e-05,0.00688478775611272,0.0119549929987622,0.0122574229291056
"Dm_00019215-RA",5.70331201354785e-05,0.617110694038541,6.58885774372774e-15,0.000682959215517576,0.00065463879467307,NA
"Dm_00012332-RA",3.77164549600737e-05,0.610152088941441,3.59072484426613e-17,0.000920882261709269,0.00102075502953807,NA
"Dm_00014282-RA",1.60441516010291e-09,0.639857212389494,NA,0.00490866951759033,0.00369879636812287,NA
"Dm_00014281-RA",1.11759708888285e-08,0.650091104091441,NA,NA,0.0186033179003492,0.0188056288483956
"Dm_00011404-RA",2.95169038795508e-10,0.793230131861031,0.0085809855787269,0.00258189426108886,0.00409656535829846,0.00418481206713486
"Dm_00014287-RA",3.67745224905666e-07,0.637075247473937,3.63249193412364e-12,0.000595962963590875,0.000516430050627664,NA
"Dm_00014159-RA",4.50483649441465e-05,0.612441357764577,4.16990141919027e-16,0.000537323357255238,0.000547022088735953,NA
"Dm_00010629-RA",1.02430984401804e-10,0.748890807585339,0.00845557311029519,0.00527605055381747,0.00817345895742964,0.00834022304642275
"Dm_00014151-RA",1.20645204152135e-08,0.72444406696966,6.61450267193767e-16,0.000124209550099978,0.000107266197047888,NA
"Dm_00014182-RA",7.47490273535876e-07,0.677936415847192,4.52203723003737e-18,0.000120452878094682,0.000121451319656857,NA
"Dm_00013565-RA",0.000765317215592289,0.605392760482994,0.00228458569837527,0.0175387794270804,0.0135882272703867,NA
"Dm_00013980-RA",5.47425444046003e-05,0.619923579345793,2.54955783495255e-12,0.00164702023275867,NA,0.00147248277543339
"Dm_00013551-RA",6.03500951370126e-07,0.695402038794413,4.73996972650755e-12,0.000719584516780135,0.000604198115864239,NA
"Dm_00013686-RA",4.97926068864298e-05,0.621802007641257,6.57744992163197e-19,0.00195870410218298,0.001666078092097,NA
"Dm_00012873-RA",1.29435982000074e-05,0.627553931125947,1.25729573634334e-17,0.000333537818639813,0.000333568258184458,NA
"Dm_00011346-RA",1.43961038799708e-05,0.626809092099914,5.73297302730876e-10,0.00154287327771699,0.00140380947023046,NA
"Dm_00012670-RA",1.9590878812837e-06,0.65067899540918,3.47761114914241e-15,NA,0.000204752732745894,0.000204531117133346
"Dm_00012597-RA",5.45691404075722e-07,0.670478324686497,1.62527319425299e-07,0.000892099904718459,0.000719212640165214,NA
"Dm_00010383-RA",2.72096026924019e-09,0.668620542555434,0.00464664527491142,0.00195580273740537,0.00151746471058984,NA
"Dm_00013037-RA",6.56394032732078e-05,0.60457575069741,4.18449677311262e-20,0.000842586560209328,0.000780519037106063,NA
"Dm_00012907-RA",1.5126146596236e-07,0.693353889823031,1.00576974357128e-19,0.000107095805716404,NA,0.000106987334893555
"Dm_00007633-RA",1.17071549920968e-05,0.602561699494747,5.3258456745224e-14,0.000403501776816783,0.000367478796367903,NA
"Dm_00007346-RA",1.0933718679062e-05,0.683485754845225,5.98211467196678e-15,0.00684909060299075,0.0112556997279292,0.0115063316970189
"Dm_00008406-RA",1.93012300550656e-05,0.600572045208315,2.03292075089439e-11,0.00142625148398206,0.00122642901065848,NA
"Dm_00007362-RA",0.000155181371123063,0.604185341539475,1.13013746285116e-14,0.00083464280476193,0.000818324193049926,NA
"Dm_00007129-RA",4.50267050152218e-07,0.741639579331963,4.6347990985932e-07,0.000339134360058011,0.000299482906371314,NA
"Dm_00007127-RA",5.51183379738374e-07,0.677642155704208,9.99280733739358e-19,0.000146576965400597,0.00014889945096453,NA
"Dm_00007448-RA",4.51815185649251e-08,0.717183027805463,5.56375633755667e-11,0.000428949134570373,0.000350283142086636,NA
"Dm_00007365-RA",1.12099406611663e-05,0.622761103495338,2.50528161637679e-17,NA,0.000539548304039751,0.000538174391590691
"Dm_00005633-RA",2.24888168565338e-06,0.668490410671713,6.41091174535225e-18,0.000612065668779585,NA,0.00052512445897053
"Dm_00018122-RA",3.11042569501443e-05,0.620148780103249,1.48120248396132e-19,NA,0.000425885832760988,0.000425862198590721
"Dm_00017787-RA",7.62851107165021e-08,0.704426766185908,0.000193683662155578,0.00418678521162447,0.00658263622292599,0.00672107102810138
"Dm_00017605-RA",4.19498548508444e-05,0.604377491326369,4.30910208560961e-17,0.000564007564507011,0.000576996970296699,NA
"Dm_00018077-RA",3.35435847463033e-07,0.614939958005303,4.07181470829151e-10,0.000811645377769208,0.000651802770500891,NA
"Dm_00015937-RA",7.53722485491426e-11,0.781077389375532,0.0358768970422255,0.00345433869747998,0.00463857942182997,0.00470601457214413
"Dm_00018073-RA",3.07506607420485e-05,0.617263253215772,2.91746572515362e-15,NA,0.000378129847624626,0.00037823369961704
"Dm_00016481-RA",2.74336542994356e-05,0.601487465081065,2.47679359565218e-19,0.000722581455261315,0.00068631933037146,NA
"Dm_00016479-RA",9.22099881090709e-06,0.701387933097902,1.41830903303133e-10,0.000757119070330596,0.000696108179625891,NA
"Dm_00015483-RA",1.55102039602732e-05,0.633118170548875,3.0109974335855e-15,NA,0.000485844312333808,0.000485046642593868
"Dm_00014561-RA",4.38876947650516e-06,0.648891606513299,2.53574509601222e-18,0.00047143590349761,0.000413585925380836,NA
"Dm_00016023-RA",5.33754270634809e-06,0.615611154484223,4.40723865504591e-14,0.00033034125565066,0.000331635221848643,NA
"Dm_00010749-RA",1.56662059188853e-10,0.778085156032957,5.10983325339161e-21,0.000287912779861933,NA,0.000213023705282066
"Dm_00007818-RA",3.25281657530574e-06,0.653860236487639,8.74040306260557e-13,0.000303902491432792,0.000303270292359545,NA
"Dm_00008436-RA",3.67146333613695e-05,0.623458794363233,1.4094120730856e-12,NA,0.00230212950200288,0.00228782276390685
"Dm_00009177-RA",0.00364502656803467,0.619659731973362,0.000199365643893564,0.020539176400765,0.0178156885995759,NA
"Dm_00009178-RA",2.41103292633774e-05,0.623734637997369,1.22881547574075e-14,0.000515593357166422,0.000485942351078403,NA
"Dm_00010598-RA",4.62054919813575e-05,0.613504958317439,1.66441857591553e-15,0.000847659807258945,NA,0.00076774460804035
"Dm_00009996-RA",1.34296229269371e-09,0.767167942432506,1.90341566153128e-11,9.12688556495779e-05,7.80295782493713e-05,NA
"Dm_00017749-RA",8.18746122302496e-06,0.632675332759505,1.97734410128501e-13,NA,0.000358000185105682,0.000358045813931834
"Dm_00017695-RA",3.00570235640317e-06,0.613346401432617,0.000500505628941487,NA,0.00145899006328186,0.00144150911331894
"Dm_00017651-RA",3.38083136136115e-12,0.743477581822512,2.36145698545378e-05,0.00869348125187183,0.0165614015280643,0.0170456714891611
"Dm_00015108-RA",2.81319635991653e-08,0.723622399031511,1.18227439999323e-20,7.84771165643888e-05,6.96055843510073e-05,NA
"Dm_00017643-RA",0.000190337595201245,0.62664889660783,4.22484384910013e-10,0.0159226128780196,0.0245873921997131,0.0250659508400585
"Dm_00014678-RA",1.29177255462725e-05,0.624608374788783,5.67874895991775e-12,0.00084619690972795,0.000779006780624784,NA
"Dm_00016891-RA",7.67807761407601e-06,0.759820364557124,6.54604789566497e-07,0.00178595626781617,0.00148998036370337,NA
"Dm_00017271-RA",3.37708911606033e-06,0.648921223080181,2.36532182538795e-15,0.000379136155667459,0.000423141499885275,NA
"Dm_00008102-RA",5.38502560733566e-14,0.850514607606152,3.84477442140654e-10,0.00384051853727158,0.00802930486530265,0.0082985747059032
"Dm_00008104-RA",5.95185677293505e-09,0.759310789998129,6.19213156309121e-16,3.76454102660227e-05,3.43688000213894e-05,NA
"Dm_00009279-RA",0.00010132170671752,0.610266003842166,1.24554486207183e-16,0.00114607040547879,0.00110131365769144,NA
"Dm_00008727-RA",3.60350387869385e-05,0.62177221386617,3.64638699673784e-20,NA,0.000715612498259103,0.000714560833076928
"Dm_00008729-RA",3.64363744973316e-06,0.674965518931337,2.55242042250532e-17,0.000270237714307218,0.000245749347710422,NA
"Dm_00008704-RA",1.49704529320479e-07,0.705440082703437,5.07653690276633e-15,NA,0.000238080563769422,0.000236612487024581
"Dm_00008983-RA",4.48844729952333e-05,0.606261324011152,3.34578829745022e-15,0.000629695019093669,0.000592276430252174,NA
"Dm_00007906-RA",1.56476785143397e-05,0.600718794471822,1.9530138056895e-15,0.00109242278916186,0.000964899837416414,NA
"Dm_00009636-RA",2.70681052320906e-09,0.769210151460246,1.33509719020291e-18,2.162568570172e-05,2.08055376298443e-05,NA
"Dm_00008933-RA",3.71257086109642e-08,0.696571361777111,1.37447168292748e-10,0.000183548952507086,0.00018143735069556,NA
"Dm_00007680-RA",0.000345760998732479,0.602017378572017,NA,0.0150554675804292,0.0109410076885751,NA
"Dm_00007678-RA",1.05326592864346e-07,0.739726391120794,1.26133831081215e-09,0.00848811655150716,0.0136981639628883,0.0139972225768738
"Dm_00008835-RA",7.62323814787293e-07,0.686984662157824,1.2044282181799e-23,NA,0.00014978705332001,0.000149341132975084
"Dm_00008318-RA",2.03800013846688e-09,0.752935319174279,5.61814824928224e-18,2.27483645449392e-05,2.14364291863527e-05,NA
"Dm_00008060-RA",2.01141784921501e-07,0.66988657474701,2.13328625834991e-17,0.000117551035328781,0.000119941379645957,NA
"Dm_00008686-RA",1.36826589588827e-05,0.618894993943919,3.01753621622597e-15,0.000464664829700884,0.000470478773158572,NA
"Dm_00007965-RA",8.10998395652573e-06,0.636585711784285,2.01947651300871e-17,NA,0.0103726622436246,0.0102605084711879
"Dm_00008975-RA",8.09714608500391e-06,0.651235744247905,3.67604023209212e-15,0.000304939430643987,0.000282733212546998,NA
"Dm_00007980-RA",0.000186775369390939,0.625250843535534,8.8754603508341e-18,0.0430587674980066,0.0270411174952162,0.0265179393389498
"Dm_00008147-RA",6.58530188421392e-06,0.635585392317621,1.13932341900972e-18,0.000379269715964712,0.000407775107928852,NA
"Dm_00007876-RA",1.82026053383819e-05,0.625443259122748,1.44069726571401e-18,0.000877532660271557,0.000999785693538962,NA
"Dm_00019309-RA",1.47454305813215e-08,0.726517673660455,7.56289805097473e-16,0.000211424843468166,0.000177111171785218,NA
"Dm_00019708-RA",1.05833321804921e-17,0.87556675779402,0.000446223468269622,0.00534679200016728,0.0111162305230548,0.0114841610649855
"Dm_00007264-RA",1.33339432446195e-07,0.674730669314096,9.52472537173453e-10,0.00426639781664033,0.00825730700545198,0.00850514924373957
"Dm_00007265-RA",2.11679787987593e-07,0.674514620897485,8.29950756010814e-09,0.00432526212525422,0.00856598091699973,0.00883194667052854
"Dm_00006091-RA",1.60506412122866e-05,0.617983973719882,9.94393986332141e-16,NA,0.000507856562086824,0.000509571833813682
"Dm_00005910-RA",0.000271906081271193,0.609406293259166,5.79869552244559e-12,0.0107064287499814,0.0164528467788199,0.0167662771266055
"Dm_00005277-RA",3.47928564291433e-06,0.612562405879649,1.121255855347e-11,0.00128897795394858,0.00107560134875662,NA
"Dm_00007149-RA",9.03350606392595e-07,0.686893462205351,6.63603778793196e-17,0.00029765518200638,0.000271503485741652,NA
"Dm_00005880-RA",4.06521790227571e-08,0.726141152228761,NA,0.00642101689864633,0.00931055821803497,0.00947092196100521
"Dm_00006137-RA",2.02032561338276e-06,0.665343082708384,9.54817717594273e-16,NA,0.000320344296583564,0.000318884957941269
"Dm_00006651-RA",2.8175677314533e-07,0.706832854351558,1.94788420185642e-20,0.000102394378854349,9.61221684464939e-05,NA
"Dm_00018610-RA",1.31069244247514e-16,0.846032699396323,4.60720787587157e-18,1.74550447350959e-06,1.62375037490439e-06,NA
"Dm_00018635-RA",1.99657979232297e-06,0.655114405960739,2.30250607982665e-17,0.00018830547088161,0.000178095258881341,NA
"Dm_00017934-RA",3.30308134850428e-05,0.622820857330104,1.19278730472656e-18,NA,0.000615796955427898,0.000617293750083419
"Dm_00018615-RA",3.71948569568199e-07,0.709643122416847,3.42427423186856e-08,0.000913710050135569,0.000701439269223179,NA
"Dm_00018681-RA",9.1683312880102e-05,0.626889431246485,4.66709297952997e-20,0.0134311709870474,0.0197751972109335,0.020122411592327
"Dm_00018505-RA",5.26004747602427e-05,0.608228904554226,2.57406714370406e-20,0.000624022775118826,0.00059357359412524,NA
"Dm_00018650-RA",6.73411573909153e-08,0.687729080910321,NA,0.00123837112652618,0.00101009340151457,NA
"Dm_00018797-RA",4.68706380679417e-05,0.605193035344551,1.94937015650767e-13,0.000790565723518355,0.000756354608236558,NA
"Dm_00019080-RA",1.35074778874416e-05,0.697372905442204,2.82353280633156e-05,0.00236687873567835,0.00191101783720044,NA
"Dm_00014877-RA",1.43213066363424e-05,0.62960108334013,5.18528697171647e-15,0.00133086860609771,NA,0.00113560027864101
"Dm_00014577-RA",9.21937083486986e-08,0.714325316715556,1.56205250307205e-16,0.000945095393787343,0.000746543226712078,NA
"Dm_00009768-RA",1.99218979208245e-06,0.668193061390533,1.98399634740404e-06,0.00162610953202344,0.00126251335000962,NA
"Dm_00011808-RA",5.77086875257365e-06,0.65230873207147,2.80505704915617e-18,0.0145823233325241,0.010951840703151,NA
"Dm_00012539-RA",4.64043391084424e-06,0.664990453338833,8.93670233996986e-15,NA,0.000276024876256511,0.000276279036134041
"Dm_00010445-RA",8.82463522916414e-05,0.605432445097781,1.52825133532662e-13,0.00519275974494698,0.00429659256992445,NA
"Dm_00013007-RA",9.15581737762603e-06,0.631987850521405,2.39557730951052e-14,0.000673743162354156,0.000604041372850228,NA
"Dm_00012267-RA",3.59561539137928e-05,0.647891031815939,2.98699802419371e-11,0.0228844181553924,0.0353676470356946,0.0360559483128863
"Dm_00007618-RA",9.55895151388365e-06,0.645554615879896,7.82272801448808e-06,0.0143811317841648,0.0204192349405464,0.0207491664156942
"Dm_00011025-RA",2.83561009743858e-05,0.62125580204318,7.91145793489203e-17,0.000454452573021491,0.000457137576170392,NA
"Dm_00011619-RA",6.95308114054419e-08,0.691915740138416,4.90935482002731e-12,0.000189426905968293,0.000174029482799148,NA
"Dm_00011848-RA",1.79715897776143e-13,0.773417920667881,3.38432094520912e-07,0.00131593043802067,0.00247987418622682,0.00255285987752869
"Dm_00011413-RA",3.21884720490636e-08,0.702746277729684,2.84210917377498e-16,7.81762698555684e-05,NA,7.53975362141679e-05
"Dm_00013153-RA",3.595930614449e-05,0.613630207181785,1.64770022871802e-15,0.000757119306286677,0.000722498441872618,NA
"Dm_00013758-RA",1.95533999286267e-05,0.646400247535798,2.08600251339759e-16,0.000399201092337246,0.000375336439024497,NA
"Dm_00013923-RA",4.33301467226765e-05,0.675682899217853,1.59580032166524e-07,0.0150276180554961,0.0192479888258243,0.0194760700306471
"Dm_00013977-RA",1.1582745005946e-05,0.643399274836118,1.76111545711924e-20,0.000923345073541742,0.000794200464945616,NA
"Dm_00014594-RA",5.06990061559063e-06,0.664366796992408,4.42725464201856e-16,0.000255792814697381,0.000242002857013807,NA
"Dm_00014533-RA",2.50957033528316e-07,0.679181645365698,3.55770477817728e-18,NA,0.000156520907076172,0.000157198053733504
"Dm_00000507-RA",3.02948286792438e-07,0.69611953911353,3.08155973641396e-16,0.000102633921268244,NA,9.53730767412682e-05
"Dm_00000961-RA",7.42390461970038e-07,0.695450370983946,8.1093777225024e-07,0.010225018458214,0.015517368101069,0.0158162513814118
"Dm_00000991-RA",1.48154181068598e-06,0.69175006852543,1.95559754648557e-08,0.0222726824917702,0.0340854886857945,0.0347450147159497
"Dm_00000987-RA",1.21133570397893e-05,0.606752604503104,2.24316227058688e-17,0.000560471509882901,0.000527263357996075,NA
"Dm_00001005-RA",1.49638931808293e-06,0.677151571204432,4.6821212495849e-14,0.000229716119296002,NA,0.000212405543509492
"Dm_00000804-RA",5.13271958198342e-05,0.612189159317989,3.6404738525862e-19,0.00126182751435092,0.00143234154737722,NA
"Dm_00000803-RA",2.89038671486085e-08,0.685006817875778,6.78031745053126e-18,7.96077014472106e-05,7.78436435611134e-05,NA
"Dm_00000332-RA",4.5509758315192e-05,0.617738739576805,0.00156073933332817,0.0117090218685503,0.0153903414716234,0.0155873446257797
"Dm_00000353-RA",4.66642816004549e-05,0.658560355408646,0.00029558777213255,0.0190640720199606,0.0268694415445192,0.0272914020156971
"Dm_00000389-RA",1.66646379442711e-10,0.753394813889009,NA,0.000452406144862382,0.000302662105779753,NA
"Dm_00000096-RA",1.90808550439079e-06,0.666193150324899,5.97931223344211e-16,0.000216915822464435,0.000214988146404942,NA
"Dm_00000111-RA",9.51752276070101e-12,0.745250214579469,0.0128404410278212,NA,0.00437788054065845,0.00462339112724327
"Dm_00000159-RA",3.27107630376956e-06,0.608110415651797,1.70100803604673e-17,0.000523045117860363,0.000476912406899852,NA
"Dm_00000150-RA",0.000168731712213995,0.62910270643446,1.94295566293299e-18,0.0337787553671112,0.0261297193095403,0.0258735069067629
"Dm_00000837-RA",1.28272568893365e-06,0.672468885503785,6.88369472753773e-24,0.000315805769356536,0.00027715761588008,NA
"Dm_00000842-RA",2.49366083085088e-11,0.719671737823234,6.71224862520534e-09,0.000204321449833253,0.000354470854647952,0.00036328435133091
"Dm_00000570-RA",2.38174450280518e-11,0.811337701427167,3.09444872854873e-17,0.0162977063901086,0.0394056579106271,0.0409237787596197
"Dm_00000595-RA",3.16876622004593e-06,0.660296783609085,2.28612882140871e-15,0.000227198101810581,0.000227009113109588,NA
"Dm_00000600-RA",1.22630401874935e-06,0.669513160063548,1.9291829004909e-15,0.000239947073169513,0.000216918399448465,NA
"Dm_00000608-RA",7.02009860566412e-09,0.758261444151873,6.60728465177695e-17,6.72231759688319e-05,6.33542782735095e-05,NA
"Dm_00001163-RA",7.25295871950582e-07,0.666890829698864,1.17833267478696e-13,8.96702103541672e-05,8.67341762278983e-05,NA
"Dm_00000219-RA",1.08623253718195e-06,0.676614574139526,1.2244264282145e-18,0.000192779913610479,0.000178063894088038,NA
"Dm_00000239-RA",1.24796217791028e-05,0.600819058422306,1.79092137855593e-19,NA,0.00366433419619712,0.00363120450099114
"Dm_00001113-RA",1.70204460176376e-09,0.765705898838084,5.77448640741471e-13,0.0108273986922532,0.0194320128720436,0.0199462476168627
"Dm_00001118-RA",0.000245492425546424,0.626501625389969,7.53032533854714e-16,0.0156553409773511,0.0224885598743739,0.0228584113964316
"Dm_00001115-RA",9.32204975605104e-07,0.666572704790322,2.45379879006343e-05,0.0139503437340261,0.0214064700136482,0.0218247715089481
"Dm_00001117-RA",0.000351143797892199,0.639990323121436,2.8708473779233e-10,0.00475991702964274,0.00652063817284427,0.00661389031413969
"Dm_00001295-RA",2.61278811844498e-05,0.61025868475437,6.46357296206488e-13,0.00134327504969449,0.00119954048354794,NA
"Dm_00000029-RA",4.22583971705267e-05,0.600011481266321,9.33487742232829e-18,0.000673613575166846,0.000675824755646545,NA
"Dm_00000034-RA",9.19733550348042e-06,0.614763065399487,7.45426234036603e-06,0.0234944742234004,0.0356573168594425,0.0363244866187516
"Dm_00000033-RA",1.236309550961e-06,0.666081032831617,3.33334928689028e-06,0.00315964370307041,0.00429868171090349,0.00436183819367253
"Dm_00000052-RA",2.111086409826e-05,0.602890317183442,2.25480312664738e-05,0.0308274157812503,0.047151402677174,0.0480493305505737
"Dm_00000057-RA",0.000164340551579056,0.642210755764146,1.48298569770757e-09,0.009940573440575,0.00807556346973004,NA
"Dm_00001084-RA",0.000108962089677771,0.620450042959799,0.000560308604425619,0.00198718636240868,0.00181257151019252,NA
"Dm_00001083-RA",6.2896727395635e-09,0.726011108580503,7.55722329727931e-09,0.000132175080949434,0.000112055933419594,NA
"Dm_00001078-RA",3.56342094157351e-05,0.664750379852525,7.05268508233584e-15,0.00635570993107708,0.00997331964722197,0.0101711656588909
"Dm_00001090-RA",8.63889552722123e-06,0.618969519658026,1.28538511910082e-11,0.00365070350868526,0.00289261392026143,NA
"Dm_00000698-RA",1.9751975379431e-05,0.629988802160214,2.84106503679968e-17,0.000616269359658406,0.000561017770683602,NA
"Dm_00000722-RA",0.000746361912901783,0.61869491888383,1.94533802004727e-08,0.00720044644155266,0.00638196721380546,NA
"Dm_00000724-RA",1.74731826833855e-06,0.624434585746041,NA,0.017218837171755,0.0199467884660276,0.0200905736036068
"Dm_00000717-RA",6.45909065147998e-09,0.732493382206666,5.53803874531046e-13,0.000393090374234787,0.000323861567959882,NA
"Dm_00000869-RA",3.47344105721995e-12,0.710467498332689,5.93024184995467e-10,0.00106434226718773,0.00193801182665723,0.00199185623780462
"Dm_00000891-RA",1.09215905076772e-12,0.796938549474044,1.40989090541668e-16,1.04803588648876e-05,1.2208475169698e-05,NA
"Dm_00000913-RA",2.53867843883147e-07,0.704013729393547,9.18972130342173e-18,0.000106301926302155,NA,0.000114802260932103
"Dm_00000910-RA",1.15906858726552e-05,0.633341169985898,6.88072841492588e-11,NA,0.00165544421707169,0.0016407215148216
"Dm_00000414-RA",1.28132566111548e-05,0.634187664753271,1.5238202513901e-16,0.000431835251767406,NA,0.000443611490636669
"Dm_00000408-RA",2.49583859494758e-05,0.621040534602312,5.8013285554598e-12,0.0016303859004573,0.00141950733847579,NA
"Dm_00000439-RA",0.000278938217302269,0.607527479513176,2.98499521881675e-16,0.031027686802284,0.0468220181840783,0.0476770171810511
"Dm_00001232-RA",8.13839450001014e-06,0.654388438761763,7.88899082671321e-18,0.000475032844925512,0.000425306831210416,NA
"Dm_00001245-RA",1.14892224000872e-07,0.696984241268531,2.30766679768607e-17,0.000160038495720147,0.000145555015368728,NA
"Dm_00001263-RA",9.13730610867559e-08,0.703271903201558,1.34002147490577e-18,NA,0.000134536629377571,0.000135241932361081
"Dm_00001258-RA",3.41659334885936e-07,0.671005366954488,NA,0.00147843182999072,0.00109146054728414,NA
"Dm_00000639-RA",2.46416380393798e-06,0.626446088045567,1.12731515457278e-15,0.000360220123572694,0.00034091541797886,NA
"Dm_00000638-RA",4.42905544768555e-05,0.658389116420796,1.34684460534482e-15,0.00509155040141279,0.00338891067824691,0.00333279369117561
"Dm_00000262-RA",8.76643044133798e-05,0.62622553423861,3.97160969259836e-06,0.00467663305772596,0.00391998699823662,NA
"Dm_00000268-RA",2.27569287710799e-06,0.632853986405336,5.52100878887042e-09,0.00641430687901016,0.00951098936507672,0.00968410024326357
"Dm_00000283-RA",9.87616918545923e-06,0.619505957660463,1.31219340970663e-15,0.00159733031710518,0.00136107365157957,NA
"Dm_00000294-RA",1.59612443189831e-05,0.625030276011299,4.31115947864266e-20,0.00264016521511339,0.00217252495693265,NA
"Dm_00000295-RA",9.34828513255446e-06,0.642404909676163,1.05156626741749e-17,0.000589010328589,0.000543461049715084,NA
"Dm_00000296-RA",1.33764721280854e-13,0.822109724613649,1.90668732700646e-13,7.27119818268335e-06,6.49012646033772e-06,NA
"Dm_00000291-RA",0.000102511591126655,0.635332585117728,3.25175475932442e-11,0.0132114195419471,0.0202133706406106,0.0205886098586561
"Dm_00000322-RA",1.64486889115244e-05,0.621108070789584,8.93260521324873e-15,0.000478868309454828,NA,0.000484984876475962
"Dm_00000304-RA",6.718482134171e-05,0.601838641793047,1.62408280050056e-19,0.000651138934900484,0.000624310246757578,NA
"Dm_00000519-RA",2.55699727171329e-05,0.612695981378808,4.43384995301737e-18,NA,0.000611734473890136,0.000610724965671327
"Dm_00000524-RA",5.67274220563114e-05,0.618253661112009,3.08302200906658e-08,NA,0.00148887153260771,0.00148110375543287
"Dm_00000526-RA",6.47095663774785e-30,0.869025925041342,0.000725445941413657,7.88090450538017e-07,4.76520000199833e-07,NA
"Dm_00000542-RA",6.96151826270125e-08,0.6822070736766,3.39464552236541e-17,8.3654136590948e-05,8.57762949965998e-05,NA
"Dm_00000543-RA",1.66131300576003e-05,0.618179023343943,1.30695886640346e-15,0.000540969027638617,0.000532149518598257,NA
"Dm_00000564-RA",4.88619274529003e-05,0.66082343118813,8.74115829907101e-08,0.00338701765263331,0.00285690864818457,NA
"Dm_00020222-RA",1.17223249111295e-11,0.810723693830058,NA,0.00409169620946581,0.00507591124931391,0.00512792418182828
"Dm_00020427-RA",2.53132515090848e-06,0.6753741222508,7.09268530836559e-09,0.0127615589289958,0.0207950350789237,0.0212528264543272
"Dm_00018840-RA",1.88185645407745e-11,0.736006749378738,NA,0.00665305039107238,0.00959947678603524,0.00976379397768389
"Dm_00017058-RA",3.76584421136887e-13,0.774517360001364,1.93630210607816e-15,0.00188691214535463,0.00115953576850469,NA
"Dm_00020444-RA",5.09815560594656e-06,0.687412568093979,8.23306963166097e-17,0.0252473948300106,0.0431278994392466,0.0441455440578521
"Dm_00017200-RA",7.92219054586382e-05,0.630812597644915,4.0022658392625e-13,0.0117796797561352,0.0158069631378509,0.0160244142999096
"Dm_00017201-RA",7.92219054586382e-05,0.630812597644915,4.0022658392625e-13,0.0117796797561352,0.0158069631378509,0.0160244142999096
"Dm_00018170-RA",2.77635429025451e-06,0.64927399296681,3.94856055766117e-19,0.000250076950280165,0.000258431205688427,NA
"Dm_00019617-RA",1.82206761819831e-05,0.622643984195185,8.23817204964758e-23,NA,0.000595511800608077,0.000593966937519043
"Dm_00019618-RA",5.31453765966092e-05,0.600224863455593,7.84340995800537e-13,0.0370781805252955,0.0295853951880822,NA
"Dm_00018012-RA",1.83225517053284e-07,0.720266391847167,1.02371558464925e-10,0.011115570068913,0.0176575972477704,0.0180307788354362
"Dm_00004446-RA",1.64103028379848e-07,0.703699222481936,5.96015631126278e-22,0.000469363193187421,0.000381549306159841,NA
"Dm_00003991-RA",8.74562401468459e-08,0.68771634004031,1.45644842977873e-13,0.000314977041699877,0.00027188669854573,NA
"Dm_00003992-RA",1.10100246982207e-07,0.682546208040851,5.68596877473366e-18,NA,0.000219727801646966,0.000218498019437295
"Dm_00004866-RA",5.65280778407043e-09,0.758374900180227,9.44857622331064e-12,0.000148248970475379,0.000127715325134569,0.000127094443462738
"Dm_00004567-RA",1.94600396353097e-06,0.664639936358525,1.10571874256006e-15,0.00015860272378184,0.000151360139640177,NA
"Dm_00003442-RA",8.61710263086348e-07,0.665303973669134,NA,0.00130114575548311,NA,0.00105875954863208
"Dm_00004299-RA",2.53520360217659e-06,0.662687156185562,5.20982398700278e-13,0.000238562890470255,0.000222430238495127,NA
"Dm_00004423-RA",1.82441043385961e-06,0.671910344008177,2.42495054324684e-18,0.000223846686435789,0.000203424537383924,NA
"Dm_00002870-RA",1.20340207440448e-06,0.710518321595106,4.3953093639849e-17,0.00311134576427349,0.00508986970941606,0.00520365880968522
"Dm_00002880-RA",4.29716662059747e-05,0.603479435401495,3.61904896253757e-19,NA,0.000595049954469026,0.000595681500758412
"Dm_00004360-RA",3.99474952237563e-05,0.641549583282189,NA,0.00580012576741196,0.00438329928437122,NA
"Dm_00005141-RA",2.73048234598863e-05,0.634849595258684,8.91861581675093e-15,0.000656701604111202,0.000590839118523495,NA
"Dm_00007763-RA",1.16849704238489e-07,0.713132426780423,3.74194192825054e-19,0.000145534269177991,NA,0.000125180909823142
"Dm_00012528-RA",1.02079391598687e-05,0.61013161217313,9.03529936493671e-12,0.000828959657915544,0.000759557030851977,NA
"Dm_00012773-RA",4.99762394424208e-06,0.666897281710103,2.27461694966064e-08,0.00157844160827118,0.00129176187959638,NA
"Dm_00011612-RA",4.23008243748904e-05,0.661904384628994,5.54098471866726e-13,0.00271245574896015,0.00351023547764434,0.00355332039182269
"Dm_00012864-RA",7.85077009530979e-06,0.649344601701318,6.29433843759235e-21,NA,0.00049956001186159,0.000497721863864699
"Dm_00011438-RA",1.07147959384773e-07,0.679579426186895,2.73517456130022e-08,0.00057549614949617,0.000458114875167541,NA
"Dm_00012765-RA",3.11048090102538e-05,0.610397614087591,1.69422467175952e-18,NA,0.0006690874277671,0.000670817810563744
"Dm_00013130-RA",1.00435741765311e-05,0.642594340378452,1.05623251651346e-18,0.000410515382968961,0.000379297026192772,NA
"Dm_00013131-RA",2.82311173892616e-08,0.700789251085319,1.20157188144607e-17,0.000196611582641691,0.000168107686857788,NA
"Dm_00009804-RA",1.60001038994066e-06,0.682231543999106,9.9264401587281e-19,0.000184451928746266,0.000171955725524405,NA
"Dm_00013705-RA",1.18592275512059e-07,0.720439602855834,8.27467926664606e-15,0.000103177319158292,9.72082076539659e-05,NA
"Dm_00014780-RA",7.25305023218173e-06,0.642683992790813,4.82815449556123e-11,0.000338114678226917,0.00033104516632243,NA
"Dm_00014878-RA",2.27260040940133e-06,0.64198656030154,2.24116714377559e-14,0.00112644372314084,0.000937522481224368,NA
"Dm_00014701-RA",5.99163922778988e-07,0.691677414316723,2.71554924346076e-05,0.00280106063536326,0.00411199805516292,0.00418512055497448
"Dm_00014803-RA",7.59100230063139e-06,0.683304253015341,2.44531652997624e-14,0.017770523493682,0.0105643939606954,0.0103391668210027
"Dm_00015490-RA",1.72181380671321e-07,0.734005316216127,4.47583308971316e-13,0.0124286185474261,0.0218663442277034,0.0224187229052222
"Dm_00014854-RA",8.37636050585869e-09,0.749746412663565,5.79243919700631e-17,3.63910744044897e-05,3.33882907045154e-05,NA
"Dm_00015488-RA",2.41432264064351e-06,0.642499661203914,3.24272484500615e-17,0.00028214558551958,0.000306374708670833,NA
"Dm_00015852-RA",6.54454738310869e-10,0.765226669415456,1.63643927054562e-17,NA,0.000149223651912596,0.000147725607424454
"Dm_00014810-RA",1.31908656095964e-11,0.774470099722973,5.88372339309216e-13,2.22640882380017e-05,1.95894399079734e-05,NA
"Dm_00019754-RA",2.20300755425325e-05,0.667675131512272,6.40748463882295e-20,0.000708310157521985,0.000652938310257951,0.000651472388583406
"Dm_00016713-RA",1.11529613759641e-05,0.602616267816083,3.78748145083098e-19,0.00179496390226309,0.00151299493284444,NA
"Dm_00016130-RA",1.12727978006054e-08,0.730850757965088,5.14733746774244e-21,NA,0.00041285797838573,0.000408493841371157
"Dm_00016986-RA",1.43463872132802e-06,0.666320893338812,2.57824716036949e-13,0.000182513694335223,0.000174552913958803,NA
"Dm_00019224-RA",2.95299568290161e-07,0.685308304563759,1.3077391282091e-20,0.000438079208445138,NA,0.000368961586522508
"Dm_00019003-RA",5.0401289068833e-05,0.61186716990513,3.47113427943625e-13,0.00149373420900038,0.00132866508979017,NA
"Dm_00019216-RA",0.000164121360701798,0.668211925367489,1.02537260205537e-07,0.00360338189472003,0.00314438595970081,NA
"Dm_00014718-RA",6.39463530276314e-05,0.600793492769922,3.47018639506706e-16,0.000856421577908217,0.000786135298969625,NA
"Dm_00018142-RA",4.11551418451327e-06,0.701754080696237,1.45553717080169e-14,0.0127832588653011,0.0228816939943201,0.0234682627598247
"Dm_00007595-RA",6.64142173303267e-06,0.651267873727563,1.80420163683229e-13,0.000305492384678372,0.000286500314231074,NA
"Dm_00007598-RA",1.03393120112678e-07,0.69112812774207,5.61832188973866e-19,9.63337640599491e-05,0.000101850419726266,NA
"Dm_00007795-RA",3.78367666815543e-07,0.6292931129682,NA,0.00122858708136518,0.000868580173021772,NA
"Dm_00006200-RA",1.32571887601506e-06,0.723237113329328,9.75726813224697e-18,0.00485899492149567,0.00805883007146318,0.00824350523804297
"Dm_00005949-RA",1.08425073875393e-05,0.651061324649078,2.14351595361044e-19,0.000531416121191545,0.000473115265688491,NA
"Dm_00008268-RA",4.94439753235211e-06,0.663501224523351,3.23448525415017e-15,0.000295031274912241,0.000277571948582992,NA
"Dm_00007827-RA",1.49946721201757e-05,0.675627779419771,1.55588406515417e-17,0.0280196123363159,0.0420462114374154,0.0428174968863722
"Dm_00007828-RA",2.02110800194179e-09,0.789909404160262,7.12879988182227e-10,0.00657902381828703,0.0117840049805117,0.0120973324766516
"Dm_00007697-RA",5.20539515188575e-08,0.671300903173105,5.24558298582426e-08,0.0100371150836902,0.0170736250477457,0.0174853167342219
"Dm_00011090-RA",3.83886771149475e-06,0.69497397841839,6.96046081735743e-18,0.0204795056174019,0.0324952569852776,0.0331718300490113
"Dm_00010038-RA",0.000104957313146079,0.641245794896058,2.77601050775001e-15,0.0118733651410424,0.0179491906002075,0.0182836566384236
"Dm_00009654-RA",6.88776330789033e-10,0.738398000696826,0.000662769697147297,0.00148553115038,0.00194736685066042,0.00197348395872841
"Dm_00010708-RA",6.87998385692177e-11,0.773559038052253,2.86926175668439e-15,1.43487130835551e-05,1.43013744815448e-05,NA
"Dm_00008505-RA",6.94216066256495e-10,0.783937935453498,4.53345419377781e-14,8.67347181308083e-05,7.4499990633728e-05,NA
"Dm_00011431-RA",8.80862068020226e-05,0.605120406661421,1.74078648569889e-14,0.000910624775196176,0.000822790734823529,NA
"Dm_00009144-RA",1.11800954869935e-05,0.639272720107586,6.59355274013089e-15,0.000309968423899045,0.000302972037616825,NA
"Dm_00010199-RA",1.18614750305537e-05,0.617231019917767,4.41620373811487e-17,0.000512097102107119,0.000494950402884496,NA
"Dm_00016229-RA",4.22416434511666e-06,0.651070119740663,1.4978228837548e-20,0.000356989142249593,0.000322565700705952,NA
"Dm_00015439-RA",7.10578281090883e-06,0.629018555244731,8.55904126993129e-14,0.000571384829296323,0.000519073532865091,NA
"Dm_00021120-RA",6.37175840211651e-05,0.707557414836251,0.0285585410469734,0.00367446653715524,0.00306964801937957,NA
"Dm_00016591-RA",1.86518812856892e-06,0.658932642317334,4.72641212692345e-18,0.00127630601008039,0.00104434618564582,NA
"Dm_00017789-RA",8.83878818947778e-05,0.600185488232949,1.61386818869012e-18,0.000808134192329377,0.000771414416042453,NA
"Dm_00017835-RA",9.15581737762603e-06,0.631987850521405,2.39557730951052e-14,0.000673743162354156,0.000604041372850228,NA
"Dm_00016820-RA",1.14626927099131e-05,0.625447056898175,1.73218960671957e-12,0.000604841361221247,0.000562936032619905,NA
"Dm_00018048-RA",1.08517076000734e-08,0.750693296708829,1.81644340108512e-13,0.0129398862143208,0.0213873752869967,0.021877884010261
"Dm_00016541-RA",1.2755245016996e-09,0.72927026401957,2.15161049181376e-07,0.000703014266529718,0.000997941604895841,0.00101471264355215
"Dm_00017384-RA",0.000168542567342064,0.639046215462577,4.1132901686524e-05,0.010554282819645,0.0137305837237551,0.0139009752931077
"Dm_00008091-RA",3.18486862407847e-08,0.711669328848257,5.31116829572581e-08,0.000149021154339592,0.000126032016995655,NA
"Dm_00008787-RA",1.56300446782915e-05,0.628041515035603,8.06195233651611e-16,0.000362671118215339,0.000351506770413379,NA
"Dm_00008484-RA",0.000330786667076826,0.614694062126991,5.63661433007717e-11,0.025858929708014,0.0369715437723512,0.0375676713181022
"Dm_00007601-RA",4.96828497569161e-05,0.614173694166036,1.95502925340592e-11,NA,0.00104924306089629,0.00104726480681988
"Dm_00008766-RA",9.46172052003738e-05,0.668523455012327,0.000488022440779128,0.00279239095639245,0.00245765387228189,NA
"Dm_00007966-RA",0.000384022297035749,0.60602983563731,3.28338773208305e-14,0.0225504428050881,0.035407221958266,0.0361061978471104
"Dm_00007866-RA",3.795402400164e-07,0.621515441548318,NA,0.0019312804730477,0.00149833647392281,NA
"Dm_00007381-RA",5.06895799818039e-05,0.607658126832132,2.53996047232289e-14,0.00208905507115242,0.00246721900587686,NA
"Dm_00008706-RA",4.49516729407924e-07,0.734561019087597,2.18051746138457e-17,0.0083966460014729,0.0150159459867625,0.0154069512921159
"Dm_00008304-RA",2.56755125818229e-06,0.666405054026655,2.63208467399112e-14,0.000461248710887751,0.000417319620042873,NA
"Dm_00007134-RA",2.56369484275469e-05,0.620671988472025,9.4673983651722e-15,0.000494970120655862,0.000483675741546049,NA
"Dm_00017511-RA",4.19257569998834e-10,0.792560481598993,1.01371447702204e-11,0.00933392192043209,0.0231977384995417,0.0241308259800101
"Dm_00015098-RA",4.40189653508424e-08,0.739214255928907,5.1901369470517e-06,0.00377212352113155,0.00542092573944222,0.00551460275919077
"Dm_00012207-RA",1.11014975481152e-08,0.726808277172675,3.21771763441486e-15,NA,0.0140504214164239,0.0142662689075177
"Dm_00017304-RA",5.58805174950257e-06,0.659806809752653,7.22559016132085e-19,0.000369270668530704,0.000397853730569014,NA
"Dm_00017339-RA",3.96525641148173e-06,0.652455924661399,3.31483790466574e-18,0.000253413113606624,0.000237857890433686,NA
"Dm_00016131-RA",2.27379953133796e-05,0.624277743582659,0.000621434808734864,0.000604647463596527,0.000639120398066717,NA
"Dm_00010658-RA",8.57755876233578e-06,0.646211227747135,3.73290021380008e-14,0.000835407746819661,0.000728917689402557,NA
"Dm_00008514-RA",4.64790499308044e-05,0.656933927961088,3.94475235416728e-18,0.00960308628539621,0.00867729956440428,0.00865158113212064
"Dm_00009004-RA",4.65623233086268e-13,0.832824734793645,2.57702135663147e-22,0.0118974600588465,0.0108848928429172,0.010866098578784
"Dm_00009005-RA",2.23180995001368e-05,0.602987993570126,1.17786743722364e-14,0.000557507406847657,0.000580860426120218,NA
"Dm_00010147-RA",1.36456329432029e-13,0.692090923624715,NA,0.000121849294305757,8.01771578387024e-05,NA
"Dm_00009590-RA",1.65669496296936e-06,0.687965469001326,1.12156257808775e-19,0.00028193452556221,0.000265858705172306,NA
"Dm_00010010-RA",5.04480690643543e-06,0.614392859751661,5.20709866943115e-17,0.00346261485214498,0.00275731697132851,NA
"Dm_00016476-RA",7.7955784060643e-06,0.649091870796414,4.48232999183887e-14,0.00201259426781133,NA,0.00165447533403313
"Dm_00015639-RA",1.74358472847959e-05,0.62451199395716,4.81460574612831e-16,NA,0.00539402222481807,0.00544893530601938
"Dm_00015225-RA",5.54568767042988e-07,0.622868917541208,0.0143481287806824,0.0221266351918962,0.032459641612514,0.0330256274151067
"Dm_00016282-RA",6.57174185357694e-09,0.73235406710942,1.91524915097911e-12,NA,7.1163109283676e-05,7.09690454703701e-05
"Dm_00016446-RA",7.79433772510276e-08,0.690158242177146,0.000255951787193208,9.2202772945234e-05,8.41376120369258e-05,NA
"Dm_00016611-RA",9.27528706148332e-10,0.795893803129924,1.77403602822539e-15,8.73956684380208e-05,7.51874717973919e-05,NA
"Dm_00020026-RA",4.19851435358817e-06,0.647550149946636,1.41948063859588e-16,0.000172169646716724,0.000172780402103768,NA
"Dm_00020008-RA",1.42757587035396e-06,0.672893271330605,4.97890486095742e-19,0.000213808258726026,0.00020914326847962,NA
"Dm_00003754-RA",3.76405829110047e-17,0.854720206374516,0.00211986242193003,4.02788853744154e-05,4.91820097176738e-05,4.96926619195429e-05
"Dm_00003634-RA",2.83431663415702e-06,0.667343556134563,6.93329818854186e-19,0.000451535927012447,0.000518281238482186,NA
"Dm_00003630-RA",1.37827704435378e-06,0.723796995232674,2.11773069546948e-13,0.0105996711853614,0.0175471300449188,0.0179455261577055
"Dm_00003311-RA",1.71304629486947e-07,0.680142267609447,6.836030845381e-16,0.000116751385179461,0.000115690235088917,NA
"Dm_00003313-RA",0.000262846513063771,0.609772721052448,1.5217076372305e-18,0.0207457470907832,0.0321701488360352,0.0327842348100277
"Dm_00002447-RA",1.16147179146853e-06,0.668777110244597,9.61043969564746e-18,NA,0.000205472314984702,0.000205996536165496
"Dm_00003021-RA",4.51723495678791e-05,0.613726866621668,2.74233893454756e-15,0.000602237066551522,0.000561390487716901,NA
"Dm_00003845-RA",4.27602525811948e-05,0.621910897100856,1.553101996718e-13,0.000917940651972073,0.000836164630814716,NA
"Dm_00003562-RA",2.43163485900768e-06,0.610935199608634,3.37017495448653e-12,NA,NA,0.000577067591955324
"Dm_00003568-RA",2.22624390113672e-06,0.664988614832148,1.24868562706874e-19,0.000288602717755453,0.000259615407523903,NA
"Dm_00003671-RA",2.31367179724815e-06,0.657751843287054,1.722604182099e-17,0.000858869844504929,0.000733259332575521,NA
"Dm_00003694-RA",3.18216667530385e-05,0.616701259095269,1.60674125616812e-13,0.00108568912328392,0.000963714463846495,NA
"Dm_00002956-RA",3.18309849772555e-09,0.743524872164754,3.47423073566001e-16,NA,6.4874198727101e-05,6.44818400264096e-05
"Dm_00002963-RA",5.77468746244029e-06,0.648379051605006,8.37574929998335e-21,0.00026880084699722,0.000259577841455378,NA
"Dm_00002282-RA",1.80671214189939e-05,0.602471012787594,1.4534906242758e-05,0.00612956408417,0.00751863742096402,0.00759489748359841
"Dm_00002310-RA",5.26926244983477e-06,0.668357139458944,2.85943020353943e-13,NA,0.0028000222514581,0.00277700914568257
"Dm_00002290-RA",1.84640921342008e-08,0.723795178482942,1.91750118391133e-20,5.57683560117616e-05,5.72599822440916e-05,NA
"Dm_00002306-RA",5.26926244983477e-06,0.668357139458944,2.85943020353943e-13,NA,0.0028000222514581,0.00277700914568257
"Dm_00003267-RA",8.83526695558019e-11,0.647223306907698,NA,0.000230807782364799,NA,0.000175578210323456
"Dm_00003277-RA",1.2650956884917e-07,0.774249713628762,8.27918582419796e-09,0.000663327949499862,0.000533265803923645,NA
"Dm_00003262-RA",1.59397336770074e-19,0.864392441676161,6.42831879347405e-14,0.00115687435527823,0.00222450509590209,0.0022929908272835
"Dm_00003258-RA",2.56800301048951e-09,0.786608387835532,4.71802543996306e-16,0.00131206825985723,0.00250391550152462,0.00257668731519192
"Dm_00003910-RA",6.78947479845307e-07,0.676020252288035,6.62682126225854e-18,0.000186892870896699,0.000179972588555442,NA
"Dm_00002524-RA",3.59979409535146e-06,0.625115539567357,2.83006883762356e-17,0.00556948842212053,0.00430210626337023,NA
"Dm_00003395-RA",8.14694575474148e-05,0.605876047758875,7.57654406684402e-11,NA,0.00147586555098451,0.00147197565068569
"Dm_00003835-RA",7.4293889848314e-08,0.740349963000491,1.2099133884427e-13,0.000110113681929164,0.000100086985369475,NA
"Dm_00003214-RA",8.64350491701716e-06,0.661452109463526,3.86242030674656e-15,0.000294478688445296,0.000297426403294076,NA
"Dm_00003449-RA",5.80241656772088e-05,0.604277467375804,3.64238416672244e-19,NA,0.000763465222827711,0.000760761591885361
"Dm_00020837-RA",0.000220808814606795,0.600960782172969,1.1901800084041e-07,0.0160042141304495,0.0203555516786771,0.020588785914575
"Dm_00012373-RA",9.65286111408572e-11,0.769969806495574,2.82947859531424e-12,2.25142923206196e-05,2.10400234614709e-05,NA
"Dm_00012511-RA",4.54861695836451e-19,0.871919126406384,1.20071959241694e-15,0.00072886393202897,0.001670748315937,0.00173470813918353
"Dm_00011791-RA",6.15305184107748e-06,0.675349447696037,3.45263147131045e-12,0.000365355117971464,0.000359145799861616,NA
"Dm_00013567-RA",4.06583017709176e-06,0.650735063778452,7.3677680761632e-19,NA,0.000295072005569177,0.000294774518310997
"Dm_00012841-RA",2.67608203690337e-05,0.621102745499314,1.40255757913076e-17,0.00061219123457077,0.000561117430719877,NA
"Dm_00013780-RA",1.07709508596499e-06,0.642657681651157,1.1727313119164e-14,0.000228650336702644,0.000203403663429163,NA
"Dm_00013350-RA",4.00014599007201e-06,0.692340234129377,1.27769175891573e-10,0.0181122060080041,0.0308008030391128,0.0315104402447515
"Dm_00013846-RA",6.39463530276314e-05,0.600793492769922,3.47018639506706e-16,0.000856421577908217,0.000786135298969625,NA
"Dm_00011955-RA",1.59479532183605e-05,0.612258626978184,8.19834444066756e-16,0.000396987847419034,0.000405540048306971,NA
"Dm_00014993-RA",2.75519272187858e-05,0.601715035876385,4.95302965848245e-19,NA,0.000969238506361344,0.000965226629863802
"Dm_00014012-RA",2.99584612695967e-05,0.61950903298191,7.08745775669849e-22,NA,0.00124753390477937,0.0012396989621784
"Dm_00013539-RA",5.06111169590103e-06,0.706092076137409,1.13231956581366e-16,0.0162792294443786,0.0270827449916003,0.0276996726748718
"Dm_00015327-RA",3.0684830751286e-06,0.658607443445158,4.55698369043466e-11,0.0306223921798034,0.0411371100133904,0.0417105043463586
"Dm_00015543-RA",3.39963601284132e-06,0.622044670028075,2.19239909731705e-16,0.000279439316458751,0.000271643036086169,NA
"Dm_00015131-RA",1.60669510502325e-05,0.631163568668864,1.09086030760687e-16,NA,0.00042455380772544,0.000423508430041107
"Dm_00014576-RA",3.29642713909239e-07,0.692030084210932,2.94990343399774e-16,0.000154267205943987,0.000139412392829213,NA
"Dm_00013646-RA",4.64059443445775e-10,0.745149448012398,8.42212346558727e-09,0.0191561113382576,0.0364113743738601,0.0374501332340083
"Dm_00013023-RA",4.51962578828992e-06,0.668895317731925,2.19538128391299e-18,NA,0.00292607148668954,0.00295556144058625
"Dm_00012297-RA",2.45438529110788e-07,0.705551499818695,2.30166110024881e-17,0.000104832252519526,9.44634043265795e-05,NA
"Dm_00010728-RA",1.24839791988189e-09,0.740658364326638,3.0717043454605e-20,6.50743881954571e-05,5.67647187666774e-05,NA
"Dm_00012064-RA",6.91141063947463e-06,0.626157991885423,6.7570332313074e-17,0.000253139175896606,0.00025264292108392,NA
"Dm_00010262-RA",3.68533095835897e-09,0.731315684175774,5.98248586336707e-20,NA,4.95213296357067e-05,4.97455211036468e-05
"Dm_00011219-RA",2.96287047887089e-09,0.679940323619317,0.000210957491596392,NA,0.0020709558813645,0.00206784295659171
"Dm_00012101-RA",8.04048113968394e-06,0.690700460810173,8.81114415664173e-21,0.0194493027883454,0.0326863771898867,0.0334400698287156
"Dm_00003068-RA",5.72507777988487e-13,0.804150304003208,4.966904906555e-13,1.90299284708349e-05,1.60642386910769e-05,NA
"Dm_00003067-RA",3.22325593085832e-05,0.700162798374453,0.0129443960709176,0.00399956382521963,0.00316222319614121,NA
"Dm_00003077-RA",4.91188199961483e-07,0.619973026158409,2.5647620617609e-13,NA,0.000763303979813872,0.000756832924947953
"Dm_00003075-RA",2.15027630168649e-10,0.761806408152984,NA,0.000146793111423641,0.000108990533684345,NA
"Dm_00002439-RA",3.54557720154755e-06,0.639324219398378,1.08232820984342e-08,0.00061255838122497,0.000892698283629717,0.0009083723545973
"Dm_00002703-RA",4.55096866557797e-06,0.648159472626389,2.2339143436408e-11,0.000619278460888716,0.000533093409902005,NA
"Dm_00002642-RA",0.000154566146294303,0.620233141348573,0.00473158779822053,0.0107075691350975,0.00776231693768027,NA
"Dm_00002368-RA",3.39900751623209e-06,0.675577318015853,3.07335443363616e-12,0.00985006082924623,0.0164803993763489,0.0168596210377319
"Dm_00002369-RA",1.76309905367887e-12,0.803957441011242,4.16726073027285e-08,0.00358836161877718,0.00680711020477233,0.00700712755040682
"Dm_00002384-RA",2.23302323616658e-05,0.638934471583833,6.80438810299495e-16,0.000416345112180926,0.000404387092197451,NA
"Dm_00002668-RA",1.8896392678316e-09,0.755441945836952,3.41063059252441e-21,NA,0.00125087198570583,0.00123366547176697
"Dm_00003152-RA",1.32884997746215e-07,0.644892823910405,2.50536265533513e-07,0.00112504136164521,0.000825874052994989,NA
"Dm_00002005-RA",3.09810228317606e-05,0.646168023245637,0.000156925632387508,0.00482006957382024,0.00369494026493098,NA
"Dm_00002192-RA",2.63664501788158e-05,0.614402659088913,3.56025120315291e-19,0.000457861680218706,0.0004415033259718,NA
"Dm_00002206-RA",1.95198057631638e-08,0.730177233702196,2.11498312083964e-12,7.83491488942842e-05,7.93113258736995e-05,NA
"Dm_00002852-RA",2.95069980959091e-10,0.800966804749872,6.04893471701559e-06,0.00109712043100192,0.00183162502268584,0.00187508526053093
"Dm_00002119-RA",1.27867793012314e-05,0.667410935188546,1.22513613168684e-09,0.00972142612157848,0.0156321372037793,0.0159614897794522
"Dm_00002120-RA",5.93370117953799e-07,0.705449020551451,2.14874729755627e-17,0.000198716547095557,NA,0.000176570173045461
"Dm_00003024-RA",2.25135417326097e-06,0.606318593071382,3.43164243375387e-07,0.00299466399865739,0.00220654217736791,NA
"Dm_00003030-RA",9.07121580555697e-08,0.682306123219425,1.09774143047302e-21,NA,0.000156337045784347,NA
"Dm_00003040-RA",6.50298632236676e-05,0.614372969334035,1.31825879944766e-17,0.000612785874400801,0.000594897579198076,NA
"Dm_00002813-RA",1.95633946935603e-05,0.636492808279085,2.92371278330242e-16,0.00041312141767039,0.000378226970900559,NA
"Dm_00002836-RA",1.64921355901259e-07,0.695615929417775,4.29266409652506e-21,NA,8.18976817242473e-05,8.19094247294351e-05
"Dm_00002730-RA",1.32470525882918e-05,0.617499247568769,1.026081761818e-12,0.000325982632476642,0.000318401324021609,NA
"Dm_00002343-RA",0.000326338378889459,0.620925819628374,1.27486334547211e-13,0.0157676640751814,0.0244193290574436,0.0248901895164847
"Dm_00002355-RA",5.72542200691047e-07,0.650404044562053,5.51531150675495e-08,0.008464142723927,0.0129812191215048,0.013237622752514
"Dm_00002592-RA",1.2059936356513e-18,0.840788433598505,5.65225751557533e-08,2.87391771678721e-05,4.00706878886594e-05,4.07308741000253e-05
"Dm_00002603-RA",6.18489771410516e-05,0.619576358910791,3.39352138187687e-15,0.000551876405415618,0.000534256894373958,NA
"Dm_00002389-RA",1.64968744600407e-06,0.671020655178317,2.89888612128201e-18,0.000811054801160789,0.000672731803064404,NA
"Dm_00002393-RA",2.228151475189e-07,0.701160793479287,5.44485632221044e-16,8.96532243158057e-05,8.50046251662904e-05,NA
"Dm_00002397-RA",1.03831608173057e-09,0.721898941194248,2.66458686115945e-11,0.000109884352468761,9.04872419592247e-05,NA
"Dm_00002248-RA",1.25753767131156e-06,0.662267840568915,9.10540517708056e-17,0.00275164332651724,0.00214200760741491,NA
"Dm_00002257-RA",5.41471820852277e-11,0.711455495779325,0.00943580555520553,2.30250802987407e-05,1.93701708997063e-05,NA
"Dm_00019985-RA",1.07314852804984e-05,0.628692246144441,1.20884089822134e-17,0.00123935415784252,0.00106277877678338,NA
"Dm_00019970-RA",1.34672634548325e-05,0.628335658407033,5.50073527628681e-14,0.000850926866881286,NA,0.0007588608413327
"Dm_00020022-RA",2.00925483802166e-05,0.609064678192152,1.13475561546081e-17,NA,0.000691140664090834,0.000693913246573923
"Dm_00017031-RA",9.29969186272406e-10,0.760168688152121,3.2845774988457e-16,NA,3.56390502617784e-05,3.5448991785835e-05
"Dm_00006026-RA",6.10689776472992e-10,0.716572819396583,3.75265975333174e-08,0.00359943684155557,0.00684609431110166,0.0070456739122901
"Dm_00005031-RA",1.3835429970987e-06,0.673831524277043,3.09231177335058e-15,0.000239072229105219,0.000222598524004149,NA
"Dm_00005033-RA",1.83756838664499e-07,0.688355900710164,8.40174483496277e-16,0.000123211494062897,NA,0.000119292630324285
"Dm_00005475-RA",6.12361430240078e-06,0.665403196379075,1.41111973066762e-12,0.0248553212340208,0.0461894560366963,0.0474245948310029
"Dm_00005819-RA",0.000123328822410149,0.650454366750354,4.95103937817192e-11,0.00455639509865124,0.00385315114437944,NA
"Dm_00006184-RA",4.3897941718818e-05,0.610172877920921,2.21204091921574e-12,0.00225940274030179,0.00197455225621997,NA
"Dm_00005898-RA",1.23560015963039e-05,0.664614768758047,1.66562434301171e-08,0.00190097892026674,0.00162311225783906,NA
"Dm_00006013-RA",1.60771528409176e-06,0.656279723652093,1.78408340756449e-08,0.014918844632115,0.0311069816503665,0.0320998007693969
"Dm_00005488-RA",1.05475737427439e-05,0.64691702682664,1.76603402151866e-17,0.000601409834885799,0.000551327770680492,NA
"Dm_00005491-RA",2.94479664781198e-05,0.628349835038985,1.25450424129583e-18,0.000500041985093637,0.000470285487910086,NA
"Dm_00010180-RA",4.57552135527458e-06,0.684052081036042,1.24458223124006e-12,0.000487967563510937,0.000454619172592207,NA
"Dm_00008894-RA",1.55454719614931e-08,0.760713243645356,6.71963869904154e-15,0.00807112493772199,0.0117261089440471,0.0119330024373453
"Dm_00011216-RA",1.70290102893207e-07,0.72941982396366,NA,0.0209387371862321,0.0282818567576787,0.0286770979239821
"Dm_00010763-RA",4.86694794591379e-10,0.762699697961737,1.48103722022347e-22,NA,2.34453919147644e-05,2.3511260610124e-05
"Dm_00011165-RA",2.39917934691649e-05,0.609301630008001,2.38970795123202e-17,NA,0.00064099742440715,0.000640554614388482
"Dm_00009477-RA",2.7703830990999e-05,0.676025231989399,5.17923217735497e-10,0.00129643791340187,0.00116927542444405,NA
"Dm_00010133-RA",9.29290327140083e-06,0.695327642965238,1.45933073229859e-14,0.00710695585440414,0.0109538311833281,0.0111691957472143
"Dm_00011239-RA",7.90296828489876e-05,0.650176823394678,0.000422242645938118,0.00159818937465469,0.00151395001288539,NA
"Dm_00010995-RA",7.37397624502665e-07,0.67488987433867,4.3906630730097e-14,0.000153965149446055,0.00015789204598854,NA
"Dm_00011635-RA",2.08100801216437e-07,0.625835627230413,NA,0.00107331429190811,0.0007440188973652,NA
"Dm_00009390-RA",6.08348084671536e-14,0.700644875711854,NA,NA,0.00010513583992511,0.000103034992915388
"Dm_00016996-RA",1.54401488811344e-11,0.743061738584915,0.00845277146858122,0.0232183243331878,0.038127335221791,0.0389901675877029
"Dm_00016837-RA",7.47470289758604e-08,0.714178752992873,9.42798823270307e-13,0.000132110661547783,0.000124105592200241,NA
"Dm_00015698-RA",3.78844393333925e-11,0.821148437689579,4.57941642730176e-13,0.0214351263806564,0.0457673555760316,0.0472870081221637
"Dm_00015701-RA",2.55858885615281e-05,0.654341100320293,2.38600284095226e-15,0.0083164049065937,0.0122817266551098,0.0125009466042802
"Dm_00016483-RA",7.84107622779373e-08,0.69906363678828,3.80944568747259e-11,0.000165754465108812,NA,0.000143364493568261
"Dm_00016803-RA",6.54415929164128e-05,0.604465376574641,1.11246034674305e-05,0.0349862287256223,0.0471879189448057,0.0478403102653271
"Dm_00009715-RA",5.3133162172005e-06,0.667145740541277,1.24982003496927e-13,0.000819971607311268,0.000701964275376607,NA
"Dm_00008359-RA",3.69478252513766e-08,0.737720034639201,1.50413718520545e-07,0.00104120655994046,0.000762233259302831,NA
"Dm_00010041-RA",8.32279105342121e-07,0.680752638217346,3.74960217790843e-18,NA,0.000191468152279349,0.000192036857196002
"Dm_00008354-RA",6.00600356582304e-06,0.63267141483147,1.15564424118922e-13,0.000349629661725668,0.000342455517490151,NA
"Dm_00008764-RA",2.17340599279896e-06,0.645922840322371,4.22507507566151e-12,0.00023537013680409,0.000228202002815853,NA
"Dm_00009781-RA",1.34381800220328e-07,0.706136965098908,1.33018354360254e-15,NA,0.000132305835845615,0.000131752623417522
"Dm_00008231-RA",0.000142373508934989,0.623899714059084,1.94191842762137e-14,0.0073103243894987,0.00990953611145672,0.0100495913085128
"Dm_00008943-RA",2.77235999630508e-06,0.661838086146994,2.32018320639017e-14,0.000277439408336644,0.000255288269378855,NA
"Dm_00009032-RA",3.91630658079851e-05,0.603952469823081,3.10412379215421e-13,0.000574685802935579,0.000581021466825183,NA
"Dm_00020875-RA",0.000144645847286968,0.628874058198418,1.64363392468763e-18,0.00793238114021587,0.0109597816006674,0.0111233283729779
"Dm_00021051-RA",1.00155185325515e-12,0.820530002111635,1.74349868503669e-10,1.85989411425422e-05,1.63526044294484e-05,NA
"Dm_00006285-RA",2.42651720304662e-06,0.686900059597436,2.26020808406466e-08,0.000815151906813581,0.000693352449611356,NA
"Dm_00005226-RA",1.14793110291775e-05,0.629336842139196,7.88398047621305e-17,0.000514495854539284,0.000485194766427076,NA
"Dm_00006259-RA",3.47529436807933e-06,0.643217232260083,3.01855720886867e-11,0.0003608991081805,0.000336863418079301,NA
"Dm_00005926-RA",3.91639637926284e-06,0.667079373423765,3.03973408487692e-10,0.00365414297284349,0.00634763028840471,0.00650348326029733
"Dm_00005275-RA",9.30815054716084e-10,0.769181671809761,9.69809394704167e-21,0.00044201740723905,0.000597172052526035,NA
"Dm_00005875-RA",8.07910956941756e-08,0.717408909431902,1.91803910978056e-19,0.000188835579532737,0.000159419568821734,NA
"Dm_00005876-RA",5.3733450968119e-06,0.651740701013838,3.3769336514861e-21,0.000514811020334081,0.000583472330696736,NA
"Dm_00005408-RA",2.82294934379732e-06,0.651958266621579,1.47337611211344e-20,0.000274534819927381,0.000271320094380642,NA
"Dm_00006211-RA",2.90926800627699e-07,0.73270729039627,2.9167754624492e-13,0.010040410698892,0.0170886095681226,0.017497574200001
"Dm_00006213-RA",2.89353856707554e-10,0.797674862652777,8.00733265648859e-18,0.00533364079666957,0.00741600951494084,0.00753421635406423
"Dm_00006364-RA",3.26041452942337e-06,0.666687295383708,1.99816647725537e-19,0.000193320134742657,0.000198003352103993,NA
"Dm_00005589-RA",2.33471030573046e-05,0.61845585548503,7.8839587938412e-18,0.000816162040492508,NA,0.000755705959219922
"Dm_00006483-RA",2.70415779255289e-06,0.65837392995751,2.67862350492185e-18,0.000438870874473641,0.000394455481908176,NA
"Dm_00004877-RA",1.79517092725844e-09,0.68191489551813,6.66564911180901e-17,0.000569054461496722,NA,0.000429271010869039
"Dm_00005628-RA",2.21840609881171e-06,0.651608220342504,1.39581456403743e-06,0.000802183253450931,0.000669546262622421,NA
"Dm_00006125-RA",1.30448192138024e-05,0.605413036110633,2.25885538569755e-09,0.00147698507083906,0.00123334007288966,NA
"Dm_00017087-RA",3.31558449797467e-08,0.708516570820228,2.32783647620126e-20,7.83438586288116e-05,6.90370155540095e-05,NA
"Dm_00018986-RA",0.000264967420949516,0.619693785883286,1.20711572643807e-16,0.0234650619458287,0.0368430946805251,0.0375654432663256
"Dm_00019064-RA",8.65248960328667e-06,0.64633494869707,1.96671858644416e-17,0.000817714266704126,0.000707954600631872,NA
"Dm_00019056-RA",3.75310652594993e-05,0.629980824041018,2.71477163172401e-12,0.00116141019665724,0.00107211947471995,NA
"Dm_00018944-RA",2.6037130621585e-05,0.613199215012262,2.08284555846476e-19,NA,0.000780031580916622,0.000776355420068575
"Dm_00006619-RA",4.39431841178966e-06,0.642583613294817,7.91571432540213e-10,0.00103039241557615,0.000888686476060005,NA
"Dm_00006410-RA",6.38264296885313e-07,0.730441115224513,1.19954915299847e-12,0.0207293854339635,0.0401416468197425,0.0413076082494555
"Dm_00005855-RA",1.57816432606103e-05,0.617860511652533,2.54706466926259e-17,0.000470177453366756,0.000501560514530846,NA
"Dm_00006864-RA",7.07532424535854e-06,0.630785402671424,4.7656337163654e-14,0.000754965461038381,0.000664347858415524,NA
"Dm_00006332-RA",1.32981458201165e-06,0.676860844067219,2.26074413924047e-19,0.000245478363755384,0.000221713768530994,NA
"Dm_00006808-RA",8.76017500081386e-08,0.645913382382477,1.90103781692015e-08,0.000379990352660758,0.000611854792478729,0.000625225675942504
"Dm_00006203-RA",1.52692520496925e-05,0.635198337811678,4.63933976634977e-19,0.000363630561022334,0.000350873582841483,NA
"Dm_00006624-RA",3.90036690648071e-06,0.659973474359253,7.75361362781147e-20,0.00291104366876102,0.00230922429740444,NA
"Dm_00007774-RA",3.93146679890453e-05,0.606015056525454,4.07376591925356e-20,NA,0.00207896925192036,0.00206486976077542
"Dm_00007730-RA",5.17599713425695e-07,0.693267478903083,1.49638322956339e-15,0.000123862419534367,0.000123653463490433,NA
"Dm_00007386-RA",1.23835676981971e-05,0.614292964570044,2.6609805717349e-16,0.000665541756144264,NA,0.000607085709636908
"Dm_00018141-RA",5.10867103525588e-06,0.698273649249058,8.85189888100578e-06,0.00225272428372155,0.00326526782703206,0.0033216101478852
"Dm_00018338-RA",1.08245398343058e-07,0.716341995227988,2.30722733359915e-11,NA,0.000248115664043806,0.000246555727659966
"Dm_00018343-RA",1.90108628625603e-06,0.673850249678254,4.31132254821478e-20,0.000219418240510655,0.00022719680928011,NA
"Dm_00018280-RA",1.62133546589384e-10,0.801006076121643,1.28926868543232e-18,0.00448441709121361,0.00914162283307291,0.00943574759625598
"Dm_00018277-RA",2.43142560317737e-05,0.629192362087144,1.32908257393132e-15,0.000460946803331636,0.000424357577509389,NA
"Dm_00018051-RA",7.75744697928439e-12,0.766162892665488,4.7004622874836e-10,0.00407216525965052,0.00814328749917009,0.00839951207472183
"Dm_00018320-RA",6.26196497757616e-07,0.660701067162073,4.97910257386495e-16,0.000189288654097014,0.000169045294026975,NA
"Dm_00016884-RA",4.46180322935459e-10,0.794561764233968,0.000309476829446664,0.0070201115993218,0.0116275670232337,0.0118972716098524
"Dm_00018387-RA",1.18539143830422e-05,0.626199686448228,4.33158241264564e-12,0.00144831512279238,0.00122066858502183,NA
"Dm_00018347-RA",6.75166111049088e-06,0.624238028345642,8.34751085712754e-11,0.000409350922121799,0.000395653630836939,NA
"Dm_00017820-RA",6.23082650148863e-09,0.759547241082914,1.73629296970655e-07,0.0108382714154217,0.019261099841345,0.0197567576927974
"Dm_00017236-RA",4.19524046432509e-08,0.725681186171844,5.61830978302565e-18,6.17747298192161e-05,6.26029095042999e-05,NA
"Dm_00016901-RA",1.38059045163797e-06,0.617586797257904,4.856092784585e-10,0.00035421536281335,NA,0.000358517273695459
"Dm_00019465-RA",1.12484280525363e-05,0.634062833972684,3.24292646410395e-18,0.000593650877679477,0.000529942927797521,NA
"Dm_00018794-RA",7.25681488459333e-11,0.795158958904337,5.84507026120124e-11,0.00410983295906533,0.00784186427934145,0.00807214083899804
"Dm_00019481-RA",1.00148233402933e-07,0.721361621118704,1.58181720704801e-10,0.00050413867802769,0.000445987428329265,NA
"Dm_00016099-RA",2.40719834682071e-05,0.613438290067242,2.88521771061335e-15,NA,0.00346476641799401,0.00343445846800696
"Dm_00015946-RA",3.54995317152785e-06,0.635995411862256,1.14461332478855e-19,0.000276533906828679,0.000279567049268523,NA
"Dm_00015503-RA",0.000108777408225837,0.637538126544403,2.65471861113961e-19,0.00455446657625106,0.00553428978759705,0.00558721959316493
"Dm_00010219-RA",2.63491144334933e-05,0.664603879904901,NA,0.0076792687733598,0.00552941681007157,NA
"Dm_00010216-RA",1.3053689082368e-05,0.610257119059723,5.69814714235634e-10,NA,0.00322230500035953,0.0031888423316753
"Dm_00011062-RA",1.19523353448338e-06,0.668571776686064,3.95655693032999e-19,0.00554633709848035,0.00422271379777998,NA
"Dm_00010484-RA",2.38297875962071e-05,0.614317457642238,1.67029743028217e-14,0.000603847645547286,0.000592794690894818,NA
"Dm_00010982-RA",5.51704347680617e-07,0.689239648380763,3.37781556146238e-14,0.000181612772232866,0.000171488654962636,NA
"Dm_00005500-RA",1.58607022994441e-05,0.627042502241026,3.37443697757988e-18,0.000498558140656663,0.000485239215401276,NA
"Dm_00005081-RA",1.56877002837827e-06,0.646376277567423,2.83922609360219e-12,0.000201771096261806,0.000188435689284898,NA
"Dm_00004771-RA",3.20673102502795e-06,0.653457801985374,5.1625179881537e-12,0.000513805635054176,0.000451708541575608,NA
"Dm_00004548-RA",8.6313544592334e-09,0.756249378449412,0.00107070461490071,0.000281367412428656,0.00021982186980207,NA
"Dm_00005016-RA",2.22526994080984e-08,0.722135199787207,2.83902948653405e-19,4.47521748546903e-05,4.2162259453867e-05,NA
"Dm_00005011-RA",2.78821359709322e-05,0.62778984913149,1.47591026099581e-18,0.00151965456535049,0.00132500200156433,NA
"Dm_00004152-RA",7.51954936596907e-06,0.670197129094557,6.45867906722769e-14,0.0011829968569343,0.00102676389522037,NA
"Dm_00004916-RA",1.60371863857172e-10,0.766229952876996,2.38790907589938e-22,0.0012340651689718,0.000863451251576006,NA
"Dm_00005200-RA",9.10023671462655e-15,0.834604375749926,7.89439215951852e-18,6.46412266981349e-06,5.78091747462027e-06,NA
"Dm_00004521-RA",0.000175142454633354,0.621109526844063,4.56140061685541e-10,0.0266510177411967,0.043781595370995,0.0447202526792115
"Dm_00004908-RA",6.90468274838989e-05,0.611478089854692,3.17620477837985e-18,0.000662484550329555,NA,0.0006350944264116
"Dm_00004946-RA",3.62444089591442e-05,0.612208612489875,2.0181192561555e-21,0.00279454900544094,0.00232373858024778,NA
"Dm_00005259-RA",2.78847169328122e-05,0.603247320387523,2.26198438062072e-15,0.000931626813518686,0.00104568290789542,NA
"Dm_00019502-RA",2.83122562548587e-06,0.637359499025726,5.31530246228454e-15,0.000289684935183263,0.000280617250222402,NA
"Dm_00015712-RA",5.55205403408264e-06,0.646234268564359,6.83679755904803e-15,0.000241761230250938,0.000225899400354854,NA
"Dm_00015363-RA",8.39386793921294e-07,0.664445437473306,7.60693094320095e-18,0.000181937901903521,0.000193310222147487,NA
"Dm_00011839-RA",2.41080357249449e-05,0.605443342166519,0.000462573899133353,0.0196552424888774,0.0252281895833886,0.0255292284231771
"Dm_00012580-RA",0.000242314761030163,0.618159809161453,5.41032698209494e-10,0.0325711799692191,0.0403645655991916,0.0407771416104474
"Dm_00014413-RA",1.50878062164454e-08,0.714619844897617,7.822658937581e-18,5.68916035790217e-05,NA,5.98588490085175e-05
"Dm_00014326-RA",3.28862289154701e-05,0.620204288979589,1.9228791099435e-14,0.00119352623797532,0.00135896368283942,NA
"Dm_00014785-RA",1.48330903329376e-09,0.756648738779896,3.90628789555843e-14,4.76383796819311e-05,4.29988116091523e-05,NA
"Dm_00014726-RA",3.61863575580734e-07,0.65095194031985,NA,0.00152233626472258,0.00106385116142048,NA
"Dm_00012874-RA",2.52266188370091e-05,0.609731060552436,8.66513240203152e-18,0.00064511122224554,0.000584966752427265,NA
"Dm_00013570-RA",2.21235213209312e-05,0.633570491054398,1.91158498265961e-18,0.000764634314112594,0.000676260399268721,NA
"Dm_00014669-RA",8.79192586503958e-06,0.601498817786858,3.45136640682995e-11,0.00132575878530336,0.00110743583409741,NA
"Dm_00014672-RA",0.000497902848121631,0.603990597830265,7.72718450945531e-14,0.014091381556928,0.0197917781351047,0.0200969908460955
"Dm_00013065-RA",9.32014157723832e-13,0.777947214766914,NA,0.00672307753143008,0.00979161419886404,0.00996755245498028
"Dm_00010188-RA",8.18650126415803e-06,0.639151896518854,1.37147586932881e-18,0.000357752468744103,0.000360364321734871,NA
"Dm_00013313-RA",3.46939984970191e-14,0.78389770559872,0.00217853974507049,0.00929011918049378,0.0163428367385872,0.0167663798987514
"Dm_00011212-RA",1.76919679492461e-06,0.645851522346385,3.14157264836445e-14,NA,0.00145411333608115,0.00144059223946317
"Dm_00011154-RA",5.40409209317772e-06,0.64129860467775,1.030713679575e-13,0.00194855129716811,0.00158894776090893,NA
"Dm_00012413-RA",1.4606599135557e-14,0.84175691062182,1.61342738512924e-18,1.91760339914949e-06,NA,1.70071729334855e-06
"Dm_00012301-RA",7.5398604931562e-05,0.64677922381632,4.22626429220671e-11,0.00345676703791198,0.00473179451613854,0.00480055420305738
"Dm_00013710-RA",1.16268910812357e-09,0.7522225961734,6.23726793585573e-15,5.09184820478952e-05,4.50500294690871e-05,NA
"Dm_00013159-RA",7.71226414236349e-07,0.624228142709992,6.60364853546742e-14,0.00022353384045139,0.000211713728861907,NA
"Dm_00013900-RA",4.02757739635442e-06,0.654845448499126,4.47067696059237e-14,0.000253402187351301,0.000241623270854715,NA
"Dm_00013369-RA",2.44501527091685e-07,0.641135712985521,2.33480977175811e-11,0.000205814156559742,0.000196289821178093,NA
"Dm_00012883-RA",4.35065730376789e-05,0.614746982529718,3.70757648413376e-15,0.000772346737413737,0.000705221800526119,NA
"Dm_00013650-RA",4.45938952459311e-05,0.606464009519996,2.25474678166913e-13,0.0024332647882255,0.00210146353446996,NA
"Dm_00013374-RA",7.64784253817323e-06,0.635529518577511,6.10975419964335e-05,0.026385252209259,0.0389734551780447,0.0396603122076013
"Dm_00012498-RA",3.10961541129355e-05,0.628848750490843,1.23029654096455e-16,0.000594262482572737,0.000552871663800551,NA
"Dm_00010454-RA",1.77920189605333e-10,0.777224605068493,5.23144417946729e-20,2.14853680730757e-05,1.91396545930378e-05,NA
"Dm_00013145-RA",3.61109108439558e-13,0.820289599938145,3.52338660255138e-13,NA,0.000179063062522078,0.00017603341557267
"Dm_00012800-RA",3.14444235827057e-05,0.602282800549223,1.1039061232633e-17,0.000646465577191337,0.00064651508353151,NA
"Dm_00015052-RA",1.66104383150549e-05,0.622822021507598,1.41493979857893e-17,0.000647445700067372,0.000716400226474521,NA
"Dm_00012820-RA",1.55440934027916e-08,0.733621553310756,5.41288907756965e-16,0.000102772283388314,9.23824937859059e-05,NA
"Dm_00013993-RA",7.48142687348985e-06,0.620342070432788,8.54548289697682e-15,0.000463092933144242,0.00051222266069003,NA
"Dm_00015058-RA",5.041698319844e-07,0.698163519936781,1.34789708072297e-11,NA,0.000237383219564779,0.000237073498577502
"Dm_00020642-RA",2.92047888417738e-12,0.823372100883833,3.51173133029032e-08,0.0148689663098265,0.0311802950228749,0.032205410581839
"Dm_00018969-RA",4.74524600249796e-05,0.605388692622939,2.90681764823882e-12,0.00116847167696371,0.00106577939841908,NA
"Dm_00020570-RA",2.11213046240794e-05,0.675636220113356,1.96261543795797e-18,0.00337228505305287,0.0027046870812231,0.00268291662363936
"Dm_00020511-RA",1.28289762148675e-05,0.647762004210067,2.01018620684261e-17,NA,0.00096947214292697,0.000964498938130138
"Dm_00009827-RA",2.16943425397719e-06,0.662511059900134,7.50072725038255e-19,NA,0.000183671220339037,0.00018339856672633
"Dm_00007815-RA",3.21007057673319e-09,0.746322184071923,3.26533839086004e-21,2.27101780068135e-05,NA,2.27193208390153e-05
"Dm_00007945-RA",7.955474406653e-09,0.710478123267858,1.0765495327179e-22,NA,2.72930118282154e-05,NA
"Dm_00008365-RA",3.67359659651606e-05,0.614645376340044,1.22758351251413e-14,0.0019673297390105,0.00168392643864614,NA
"Dm_00009232-RA",2.85804365543412e-05,0.617554293616,1.98686102810418e-14,0.00102069582324526,0.000921507226483968,NA
"Dm_00009659-RA",1.89300743685074e-07,0.672820104193612,2.57795299771425e-13,0.000285006528734493,0.000241801515578613,NA
"Dm_00008803-RA",3.83349443414751e-08,0.755627524383216,1.46175325408676e-19,0.0223541117210827,0.0424289620459053,0.0435857982715321
"Dm_00009298-RA",3.21262712898021e-05,0.724786926873255,1.65552944307716e-07,0.00269146310321609,0.00228701899579398,NA
"Dm_00009294-RA",8.12947093239551e-06,0.602057726125735,4.62839388781827e-07,0.00115410851232894,0.000983655829287053,NA
"Dm_00009931-RA",7.20654541679078e-05,0.638399314372104,NA,0.00385703280588963,0.00321044266116581,NA
"Dm_00008810-RA",0.000807043781727871,0.626656835534372,6.54599699689044e-12,0.0066089852268316,0.00593365216319916,NA
"Dm_00007716-RA",1.51410292610924e-06,0.624372622656702,1.65080780137979e-14,0.000242998039051851,0.000211219084055672,NA
"Dm_00016021-RA",4.5314471909485e-09,0.690873954843422,9.60929334696604e-13,7.59857690761483e-05,7.02589146269721e-05,NA
"Dm_00018316-RA",1.2172932602387e-11,0.810699493092874,3.25630042393183e-13,0.0107770652841245,0.0241534268899731,0.0250087911603613
"Dm_00016273-RA",3.31050817227124e-06,0.654082481541967,1.21884816068434e-17,0.00034192568114915,0.000305518507165633,NA
"Dm_00016349-RA",1.6406753803251e-05,0.714012879102689,8.76194118506889e-09,0.0016295701959883,0.00142919993899426,NA
"Dm_00016960-RA",9.22565631880614e-08,0.603720182615929,8.50782782870634e-09,0.00222905382829064,0.00156040071913726,NA
"Dm_00016675-RA",1.70625355936401e-06,0.605491604725253,2.26076153704449e-06,0.000944816426527699,0.000755074844249788,NA
"Dm_00018490-RA",1.34672634548325e-05,0.628335658407033,5.50073527628681e-14,0.000850926866881286,NA,0.0007588608413327
"Dm_00018441-RA",4.03882356496307e-05,0.613172484285246,2.0284559749884e-15,0.000765439388304844,0.000699191496117924,NA
"Dm_00018645-RA",1.54260040280458e-06,0.643621292508028,1.07206379255938e-14,0.00113748646479479,0.000930198419785727,NA
"Dm_00018822-RA",4.05942680191562e-05,0.600743532612056,1.26577113178428e-15,0.00143968604893522,0.00128353088121007,NA
"Dm_00020993-RA",5.89479844997495e-06,0.670990649902389,7.15183238876046e-08,0.00107387961057091,0.000906161374543686,NA
"Dm_00018291-RA",2.56477730940967e-05,0.616616515220324,4.15931044774815e-12,NA,0.000892425087662069,0.000895931503772115
"Dm_00017525-RA",9.4106932330118e-08,0.725655161152797,2.70750166570966e-16,5.14454143581151e-05,4.83019758795536e-05,NA
"Dm_00006656-RA",2.11105011254106e-05,0.608129088784715,2.18211059856877e-15,0.000403675396281147,0.000384435749177041,NA
"Dm_00007238-RA",3.30821580656822e-18,0.804688624194405,0.000189173742857098,0.00192478890493796,0.00388288339063429,0.00400895424040229
"Dm_00007319-RA",1.71125286703194e-05,0.691740652574505,1.46995120693325e-06,0.0175635045093179,0.0245998296984277,0.0249838206524811
"Dm_00007779-RA",8.35470589208874e-06,0.600076752968675,NA,0.00431807647864926,0.00291432540541095,NA
"Dm_00007571-RA",7.62310011409971e-05,0.634690234043491,4.87532237046851e-14,0.0308227622358402,0.048961976070094,0.04996678859604
"Dm_00007788-RA",9.53763367703698e-06,0.649905290362368,2.78375485310928e-17,0.000409982267540667,0.000372957730750805,NA
"Dm_00006817-RA",1.81919185693779e-05,0.604044314049701,8.64739134951629e-13,0.000454494879804733,0.000441126984038426,NA
"Dm_00006818-RA",4.91701823302957e-06,0.646026025292097,6.1223723697671e-11,0.000531941183787163,0.000517104986603293,NA
"Dm_00009249-RA",5.076925301524e-10,0.742978431187768,6.2929308416775e-14,3.36105822501216e-05,3.01615817928514e-05,NA
"Dm_00009250-RA",1.16313014041248e-10,0.779223960112227,3.51889645679573e-11,6.48164193985307e-05,6.03976115114485e-05,NA
"Dm_00007223-RA",1.01355769387459e-05,0.600765269431496,1.4500699001676e-16,0.000430424409008463,0.000423012039982528,NA
"Dm_00009383-RA",1.06365628570411e-05,0.636683646718562,6.53936501053474e-14,0.000474227656743125,0.000454393413209533,NA
"Dm_00007938-RA",1.29946414279659e-05,0.631956545149653,1.61644325070254e-17,NA,0.000356654298641948,0.000356872375282375
"Dm_00008910-RA",1.79776427834255e-06,0.659463501122487,1.2586101004969e-18,0.000252771541949395,0.000273650024743128,NA
"Dm_00008402-RA",7.45019806953497e-07,0.683308358487501,4.39566324621584e-26,NA,0.000164875147160571,0.000165257923398558
"Dm_00008825-RA",1.48388189076872e-07,0.713448810118735,2.77565753252203e-16,0.000101996087993738,0.000101698352478138,NA
"Dm_00007298-RA",7.86768893924518e-08,0.713234770040726,6.26076803440024e-20,7.25762387916498e-05,6.61084102878685e-05,NA
"Dm_00008874-RA",2.81658994995208e-07,0.649596332829573,NA,NA,0.00184337127633191,0.0018310116665822
"Dm_00008393-RA",8.56255729963775e-06,0.620332581052141,2.75919097721132e-13,0.000477552220982543,0.000450848342620786,NA
"Dm_00007891-RA",2.61530760383333e-05,0.617101241852982,4.29241949946858e-15,0.000595772612381238,0.000597281417536961,NA
"Dm_00008486-RA",2.37293251220069e-06,0.664356231045868,3.88881260904088e-20,0.000258513650651282,0.000234969579361484,NA
"Dm_00020781-RA",0.000194563351443999,0.6311213010086,8.77970007365287e-10,0.0084704209898003,0.0111210680488584,0.0112632847304754
"Dm_00020766-RA",9.78028161521583e-05,0.647220644750828,NA,0.00477327619638159,0.0038911130671671,NA
"Dm_00020767-RA",3.33032083110567e-08,0.755253849857082,NA,0.000550504432332879,0.000442149390152269,NA
"Dm_00020606-RA",8.68288056581717e-06,0.650102606353761,0.000507298838943254,0.00370185055069363,0.00268603484456298,NA
"Dm_00020813-RA",2.1433344977624e-11,0.773506379523892,3.3384482023064e-09,0.00110225127028921,0.00206700256728784,0.00212672511147439
