,Orthogroup,A_coerulea.proteins,A_hypochondriacus.proteins,A_thaliana.proteins,A_vesiculosa.proteins,B_vulgaris.proteins,D_muscipula.proteins,D_spatulata.proteins,G_max.proteins,L_sativa.proteins,P_amilis.proteins,S_lycopersicum.proteins,V_vinifera.proteins,Total
1,OG0000001,0,0,0,0,0,1130,1,2,0,0,0,0,1133
4,OG0000009,0,0,0,8,5,260,4,1,0,0,0,0,278
3,OG0000007,85,0,0,0,0,224,0,0,0,0,0,0,309
6,OG0000019,0,0,0,0,0,214,2,0,0,0,0,0,216
5,OG0000013,0,0,0,9,2,203,53,0,0,0,0,0,267
7,OG0000020,0,0,0,16,4,189,4,0,0,2,0,0,215
11,OG0000035,1,0,0,2,0,187,0,0,0,0,0,0,190
13,OG0000045,3,0,1,0,3,160,1,0,0,6,0,0,174
17,OG0000052,25,0,0,0,8,114,4,1,0,2,2,6,162
44,OG0000259,0,0,0,0,0,82,1,0,0,0,0,0,83
31,OG0000126,4,0,0,1,6,81,8,3,0,1,3,0,107
38,OG0000177,10,0,0,0,0,81,0,2,0,0,2,0,95
45,OG0000273,0,0,1,9,1,69,0,0,0,1,0,1,82
41,OG0000237,1,0,1,11,2,62,4,0,0,3,0,1,85
64,OG0000524,0,0,0,3,0,62,0,0,0,0,0,0,65
16,OG0000051,1,0,0,41,10,52,11,1,0,46,5,0,167
96,OG0000774,1,0,0,2,0,52,1,0,0,1,0,0,57
151,OG0001411,0,0,0,0,1,45,0,0,0,0,0,0,46
163,OG0001506,0,0,0,0,0,45,0,0,0,0,0,0,45
164,OG0001507,0,0,0,0,0,40,3,0,0,2,0,0,45
15,OG0000050,6,21,1,7,45,38,18,1,0,27,3,2,169
23,OG0000092,4,7,0,3,13,38,6,7,0,38,3,6,125
182,OG0001706,0,0,2,4,0,35,0,1,0,1,0,0,43
292,OG0002665,0,0,0,1,0,35,0,0,0,0,0,0,36
56,OG0000432,2,5,0,1,7,34,8,2,1,3,0,6,69
240,OG0002202,0,0,1,1,2,33,1,0,0,0,1,0,39
10,OG0000028,2,13,2,30,2,32,24,3,4,25,53,10,200
291,OG0002664,0,0,1,0,0,32,0,1,0,0,2,0,36
388,OG0003510,0,0,0,0,0,32,0,0,0,0,0,0,32
389,OG0003511,0,0,0,0,0,32,0,0,0,0,0,0,32
69,OG0000555,0,0,0,4,1,31,18,2,0,8,0,0,64
180,OG0001701,1,1,1,2,1,29,1,2,3,0,1,1,43
298,OG0002721,3,0,0,0,1,28,1,0,0,2,0,0,35
134,OG0001247,2,4,3,0,0,27,6,0,0,2,3,1,48
449,OG0004016,0,0,0,0,0,27,2,1,0,0,0,0,30
448,OG0004015,0,0,0,0,4,26,0,0,0,0,0,0,30
520,OG0004997,0,0,0,1,0,26,0,0,0,0,0,0,27
560,OG0005381,0,0,0,0,0,26,0,0,0,0,0,0,26
521,OG0004999,0,0,0,0,0,25,1,0,0,0,1,0,27
598,OG0005804,0,0,0,0,0,25,0,0,0,0,0,0,25
8,OG0000022,26,8,5,11,12,24,12,19,15,45,10,22,209
20,OG0000075,10,0,2,5,63,23,11,2,2,14,1,0,133
42,OG0000246,0,3,0,2,13,23,10,1,29,0,0,3,84
311,OG0002842,0,0,0,4,4,23,4,0,0,0,0,0,35
722,OG0007355,0,0,0,0,0,22,0,0,0,0,0,0,22
89,OG0000734,2,2,6,1,1,21,3,0,2,2,1,17,58
202,OG0001824,0,2,0,0,12,21,5,0,0,1,1,0,42
768,OG0007952,0,0,0,0,0,21,0,0,0,0,0,0,21
287,OG0002623,1,1,0,2,1,20,8,1,0,2,0,0,36
597,OG0005803,0,0,2,0,0,20,1,0,1,0,0,1,25
2,OG0000004,0,0,0,420,0,19,0,1,0,0,0,0,440
18,OG0000060,0,1,2,5,88,19,3,21,0,6,5,1,151
111,OG0000961,1,0,2,0,18,19,4,2,0,2,0,5,53
14,OG0000047,4,21,9,21,6,18,16,3,33,9,8,24,172
946,OG0009927,0,0,0,0,0,18,0,0,0,0,0,0,18
12,OG0000041,9,4,12,25,10,17,15,28,8,13,16,19,176
254,OG0002350,0,5,0,0,5,16,5,0,0,4,3,0,38
471,OG0004284,0,0,0,2,2,16,7,0,0,1,0,1,29
1041,OG0011292,0,0,0,0,0,16,0,0,0,0,0,0,16
1088,OG0011944,0,0,0,0,0,15,0,0,0,0,0,0,15
294,OG0002683,7,0,0,1,2,14,0,11,0,0,0,0,35
62,OG0000503,2,6,4,5,4,13,3,7,3,7,8,4,66
683,OG0006802,0,0,0,10,0,13,0,0,0,0,0,0,23
943,OG0009920,0,0,0,3,1,13,0,1,0,0,0,0,18
1175,OG0013021,0,0,0,0,0,13,0,0,0,0,0,0,13
767,OG0007948,0,0,0,7,2,12,0,0,0,0,0,0,21
1042,OG0011293,0,0,0,0,0,12,2,0,0,0,2,0,16
25,OG0000101,27,1,10,0,48,11,11,7,0,1,4,0,120
162,OG0001502,0,3,0,0,2,11,0,0,0,23,0,6,45
845,OG0008755,1,0,2,0,0,11,1,0,0,1,3,0,19
1256,OG0013908,0,0,0,0,0,11,0,0,0,0,0,0,11
488,OG0004598,0,4,0,0,2,10,7,0,2,3,0,0,28
1211,OG0013464,0,0,0,1,0,10,0,0,0,1,0,0,12
9,OG0000026,3,21,4,0,6,9,13,11,37,39,17,40,200
22,OG0000089,18,4,3,7,3,9,13,10,18,11,11,19,126
26,OG0000102,14,3,4,7,5,9,18,28,11,4,7,7,117
40,OG0000207,6,7,7,5,5,9,7,15,13,7,5,4,90
204,OG0001845,7,1,5,1,2,9,1,6,6,1,1,1,41
1303,OG0014333,0,0,0,0,0,9,0,0,0,1,0,0,10
1346,OG0014808,0,0,0,0,0,9,0,0,0,0,0,0,9
39,OG0000191,8,6,3,2,7,8,8,13,4,29,3,1,92
78,OG0000649,3,4,5,3,6,8,1,6,7,9,2,7,61
115,OG0000992,4,3,4,2,2,8,4,7,7,3,4,4,52
125,OG0001106,11,0,0,1,2,8,4,5,13,1,0,5,50
1142,OG0012723,2,0,0,1,0,8,0,0,0,0,1,1,13
1344,OG0014806,0,0,0,0,0,8,1,0,0,0,0,0,9
1384,OG0015397,0,0,0,0,0,8,0,0,0,0,0,0,8
1386,OG0015399,0,0,0,0,0,8,0,0,0,0,0,0,8
28,OG0000110,0,2,2,5,2,7,4,8,12,3,2,66,113
33,OG0000137,9,10,0,5,6,7,4,7,11,21,8,15,103
52,OG0000358,0,0,0,68,0,7,0,0,0,0,0,0,75
71,OG0000585,1,2,4,7,2,7,12,14,3,2,6,3,63
117,OG0001043,5,3,1,6,2,7,7,3,4,3,5,5,51
213,OG0001947,0,0,0,28,0,7,1,0,0,0,5,0,41
235,OG0002164,4,1,1,1,4,7,8,2,3,1,6,1,39
365,OG0003253,1,1,1,2,6,7,6,3,1,0,5,0,33
557,OG0005367,0,3,1,2,2,7,6,0,0,1,2,2,26
559,OG0005379,0,0,0,0,3,7,3,1,11,0,1,0,26
621,OG0006270,0,0,0,1,1,7,1,13,0,0,1,0,24
883,OG0009215,0,0,0,0,3,7,0,0,0,6,0,3,19
1059,OG0011519,2,0,0,0,0,7,0,0,0,1,1,4,15
1067,OG0011625,1,1,0,0,0,7,2,0,1,3,0,0,15
1136,OG0012625,2,0,0,2,0,7,0,0,0,0,0,2,13
1174,OG0013017,0,0,0,2,0,7,0,0,0,0,4,0,13
1304,OG0014334,0,0,0,0,0,7,2,0,0,1,0,0,10
1338,OG0014779,0,0,0,2,0,7,0,0,0,0,0,0,9
1376,OG0015347,0,0,1,0,0,7,0,0,0,0,0,0,8
1381,OG0015394,0,0,0,0,0,7,0,0,0,0,1,0,8
1432,OG0016084,0,0,0,0,0,7,0,0,0,0,0,0,7
1438,OG0016090,0,0,0,0,0,7,0,0,0,0,0,0,7
19,OG0000063,3,15,3,5,21,6,3,28,12,20,15,18,149
32,OG0000127,4,7,5,9,3,6,3,15,13,18,14,10,107
51,OG0000354,7,2,3,2,2,6,4,6,21,5,8,9,75
58,OG0000441,6,3,2,9,3,6,3,16,6,2,6,7,69
67,OG0000537,6,5,3,7,2,6,3,10,10,3,2,7,64
97,OG0000783,2,2,2,1,5,6,1,9,12,3,3,11,57
212,OG0001943,0,1,2,0,0,6,0,0,5,7,5,15,41
285,OG0002617,8,1,2,0,1,6,2,7,5,1,2,1,36
572,OG0005515,1,1,1,6,1,6,2,2,1,1,2,1,25
827,OG0008539,0,5,0,0,1,6,2,0,0,6,0,0,20
863,OG0008935,1,1,1,1,1,6,1,2,1,1,1,2,19
1254,OG0013901,0,0,0,1,2,6,1,0,0,1,0,0,11
1291,OG0014257,0,4,0,0,0,6,0,0,0,0,0,0,10
1435,OG0016087,0,0,0,0,0,6,0,0,0,0,1,0,7
1493,OG0017036,0,0,0,0,0,6,0,0,0,0,0,0,6
1495,OG0017038,0,0,0,0,0,6,0,0,0,0,0,0,6
1496,OG0017039,0,0,0,0,0,6,0,0,0,0,0,0,6
1500,OG0017043,0,0,0,0,0,6,0,0,0,0,0,0,6
30,OG0000123,4,2,1,8,8,5,3,18,13,8,4,34,108
57,OG0000437,3,6,4,9,3,5,6,8,8,5,7,5,69
70,OG0000580,3,5,3,4,6,5,4,8,6,10,6,3,63
74,OG0000605,3,2,1,7,3,5,4,22,4,3,4,4,62
77,OG0000635,2,4,3,7,3,5,4,16,6,2,5,4,61
93,OG0000754,6,4,4,9,3,5,2,7,4,3,4,6,57
101,OG0000835,7,3,3,6,5,5,3,6,3,4,4,6,55
105,OG0000874,0,0,0,49,0,5,1,0,0,0,0,0,55
126,OG0001107,3,2,2,3,3,5,7,6,5,7,4,3,50
129,OG0001206,0,17,0,0,12,5,2,2,1,8,0,2,49
152,OG0001433,3,3,4,5,2,5,5,5,4,2,5,2,45
160,OG0001490,1,2,1,5,3,5,5,8,7,2,3,3,45
184,OG0001734,4,2,3,8,2,5,3,4,2,3,4,2,42
226,OG0002112,4,2,2,5,5,5,2,2,5,3,1,3,39
353,OG0003196,2,2,2,5,1,5,4,3,5,1,1,2,33
369,OG0003301,4,1,1,2,1,5,1,4,5,2,1,5,32
430,OG0003852,2,0,1,0,0,5,17,0,0,4,0,1,30
534,OG0005179,1,4,0,2,4,5,3,1,2,2,1,1,26
545,OG0005256,3,1,1,2,1,5,1,3,2,2,1,4,26
936,OG0009891,0,1,0,0,1,5,11,0,0,0,0,0,18
1153,OG0012865,1,0,1,1,0,5,1,0,0,1,2,1,13
1300,OG0014320,0,0,0,5,0,5,0,0,0,0,0,0,10
1302,OG0014331,0,0,0,0,1,5,3,0,0,1,0,0,10
1345,OG0014807,0,0,0,0,0,5,0,1,0,2,0,1,9
1347,OG0014809,0,0,0,0,0,5,4,0,0,0,0,0,9
1405,OG0015895,0,1,0,0,0,5,0,0,0,1,0,0,7
1497,OG0017040,0,0,0,0,0,5,1,0,0,0,0,0,6
1501,OG0017044,0,0,0,0,0,5,0,0,0,1,0,0,6
1560,OG0018304,0,0,0,0,0,5,0,0,0,0,0,0,5
1561,OG0018305,0,0,0,0,0,5,0,0,0,0,0,0,5
1566,OG0018310,0,0,0,0,0,5,0,0,0,0,0,0,5
24,OG0000097,3,39,0,1,11,4,2,7,8,21,11,17,124
34,OG0000157,0,3,2,7,6,4,4,45,0,12,5,12,100
43,OG0000256,3,3,3,6,5,4,2,10,8,22,4,13,83
60,OG0000470,8,5,0,6,8,4,3,9,6,5,6,7,67
66,OG0000535,14,2,2,4,3,4,4,12,3,5,1,10,64
79,OG0000693,1,9,3,2,5,4,7,3,10,6,5,4,59
85,OG0000726,4,5,3,7,3,4,3,4,7,5,5,8,58
91,OG0000749,4,3,3,3,4,4,5,8,9,4,5,6,58
94,OG0000758,6,4,3,2,2,4,3,7,0,11,8,7,57
99,OG0000819,2,4,3,4,4,4,3,10,5,5,8,4,56
107,OG0000900,3,3,3,3,2,4,1,22,1,5,2,5,54
113,OG0000982,4,4,2,4,3,4,4,8,6,2,7,4,52
119,OG0001052,4,2,1,4,2,4,9,5,9,4,1,6,51
122,OG0001087,0,0,0,0,0,4,47,0,0,0,0,0,51
131,OG0001219,2,3,2,4,3,4,3,7,9,4,4,3,48
137,OG0001287,2,2,2,3,1,4,4,4,11,7,4,3,47
138,OG0001291,3,4,1,5,3,4,2,8,5,5,2,5,47
142,OG0001326,3,3,3,6,2,4,2,5,8,5,2,4,47
150,OG0001405,2,2,0,5,4,4,4,12,7,3,3,0,46
153,OG0001439,4,4,3,1,3,4,2,6,6,5,3,4,45
155,OG0001457,3,4,2,5,2,4,3,6,5,5,4,2,45
156,OG0001460,3,4,2,4,2,4,2,6,4,2,1,11,45
157,OG0001461,3,1,3,6,2,4,2,6,3,7,3,5,45
159,OG0001487,1,1,2,5,2,4,6,11,4,2,5,2,45
178,OG0001690,2,1,1,3,1,4,1,20,5,1,1,3,43
181,OG0001702,2,4,2,4,3,4,2,6,5,4,2,5,43
186,OG0001746,1,4,3,5,3,4,3,6,4,3,4,2,42
187,OG0001750,6,2,1,2,4,4,2,5,5,2,2,7,42
193,OG0001769,2,3,3,5,3,4,3,6,4,4,3,2,42
197,OG0001793,2,3,3,3,3,4,4,8,4,2,4,2,42
198,OG0001800,1,3,3,4,4,4,2,10,4,2,4,1,42
199,OG0001801,2,3,2,5,3,4,6,4,5,2,3,3,42
208,OG0001926,2,1,3,5,2,4,3,3,7,5,2,4,41
211,OG0001931,1,3,0,6,1,4,3,9,4,2,3,5,41
222,OG0002088,4,2,3,4,2,4,1,7,5,2,3,2,39
223,OG0002103,3,1,1,3,2,4,5,2,4,3,1,10,39
228,OG0002116,5,3,2,4,3,4,4,5,0,4,2,3,39
231,OG0002149,1,1,3,5,2,4,5,5,2,3,6,2,39
233,OG0002162,3,3,2,4,5,4,2,6,2,3,3,2,39
283,OG0002606,1,2,1,3,4,4,3,3,3,4,4,4,36
302,OG0002748,2,1,1,7,2,4,3,9,1,2,3,0,35
306,OG0002792,1,1,2,5,2,4,2,10,1,2,1,4,35
313,OG0002849,1,2,2,2,2,4,1,5,6,3,3,3,34
323,OG0002956,1,1,3,2,1,4,1,11,3,3,2,2,34
332,OG0003040,0,4,0,7,4,4,5,3,0,5,1,1,34
334,OG0003047,0,2,0,4,1,4,1,0,0,2,0,20,34
335,OG0003079,1,2,1,1,6,4,1,3,4,2,3,5,33
341,OG0003129,3,1,1,2,2,4,10,2,2,2,1,3,33
345,OG0003154,5,1,1,1,4,4,4,2,3,2,3,3,33
399,OG0003616,1,1,2,5,1,4,3,4,3,1,5,1,31
404,OG0003662,6,1,2,1,2,4,2,1,4,3,2,3,31
425,OG0003822,2,1,3,7,1,4,3,5,1,1,1,1,30
462,OG0004188,1,1,3,4,3,4,2,2,2,3,1,3,29
474,OG0004347,1,2,2,6,1,4,3,2,2,2,2,1,28
484,OG0004521,2,1,3,3,1,4,1,4,4,2,2,1,28
490,OG0004629,1,1,1,1,1,4,1,3,3,3,1,7,27
583,OG0005662,1,1,3,1,2,4,2,5,1,2,2,1,25
591,OG0005730,1,1,0,6,1,4,3,4,1,1,0,3,25
641,OG0006435,1,1,1,2,1,4,4,2,1,2,2,2,23
680,OG0006782,0,4,1,6,0,4,2,0,1,1,2,2,23
682,OG0006788,0,1,0,2,0,4,15,0,0,1,0,0,23
687,OG0006848,1,2,1,2,1,4,1,3,1,3,1,2,22
702,OG0007053,2,1,2,2,1,4,0,2,2,3,2,1,22
708,OG0007179,1,2,2,2,1,4,1,4,1,2,1,1,22
759,OG0007884,1,2,2,2,1,4,1,2,2,1,2,1,21
764,OG0007935,0,1,1,6,1,4,1,0,2,2,2,1,21
876,OG0009103,1,1,1,2,1,4,1,3,1,1,2,1,19
916,OG0009582,2,1,1,1,1,4,1,1,1,1,2,2,18
1069,OG0011660,11,0,0,0,0,4,0,0,0,0,0,0,15
1077,OG0011781,1,1,0,3,1,4,2,0,0,3,0,0,15
1130,OG0012476,0,0,1,4,1,4,0,1,0,3,0,0,14
1244,OG0013825,0,2,0,2,0,4,1,0,1,1,0,0,11
1280,OG0014178,1,1,0,0,0,4,1,0,0,3,0,0,10
1307,OG0014502,5,0,0,0,0,4,0,0,0,0,0,0,9
1440,OG0016092,0,0,0,0,0,4,1,0,0,2,0,0,7
1488,OG0016997,0,0,0,1,0,4,1,0,0,0,0,0,6
1573,OG0018317,0,0,0,0,0,4,1,0,0,0,0,0,5
1642,OG0020116,0,0,0,0,0,4,0,0,0,0,0,0,4
1643,OG0020117,0,0,0,0,0,4,0,0,0,0,0,0,4
1645,OG0020119,0,0,0,0,0,4,0,0,0,0,0,0,4
1652,OG0020126,0,0,0,0,0,4,0,0,0,0,0,0,4
27,OG0000104,21,7,0,2,11,3,7,12,25,9,5,14,116
29,OG0000122,7,2,2,12,8,3,4,4,22,2,39,3,108
36,OG0000173,0,0,1,5,7,3,76,0,0,4,0,0,96
46,OG0000300,4,2,2,4,3,3,3,13,25,4,4,12,79
47,OG0000304,0,1,0,0,1,3,5,1,0,0,68,0,79
50,OG0000344,8,6,0,0,9,3,6,2,10,9,10,13,76
54,OG0000421,5,2,1,6,7,3,5,10,9,5,5,12,70
61,OG0000475,18,1,1,3,2,3,2,9,8,0,2,18,67
68,OG0000551,5,5,2,2,8,3,4,4,5,10,4,12,64
73,OG0000602,6,1,1,1,5,3,5,5,5,4,15,11,62
84,OG0000722,5,2,2,5,6,3,2,7,7,6,7,6,58
95,OG0000773,3,5,1,6,3,3,11,9,7,3,4,2,57
98,OG0000809,18,4,2,3,4,3,5,4,3,3,4,3,56
103,OG0000868,4,2,2,3,5,3,2,12,3,3,2,14,55
104,OG0000872,3,4,2,6,4,3,3,10,8,5,3,4,55
106,OG0000888,6,3,1,7,6,3,1,8,12,4,1,2,54
116,OG0001005,1,4,1,6,2,3,3,15,4,3,3,7,52
121,OG0001066,2,4,2,2,4,3,1,23,2,3,1,4,51
123,OG0001094,3,5,1,1,5,3,2,14,8,5,2,1,50
124,OG0001095,4,2,2,1,3,3,3,6,6,6,9,5,50
127,OG0001126,1,4,0,7,8,3,5,3,1,11,6,1,50
128,OG0001155,4,3,1,8,2,3,2,11,9,2,2,2,49
139,OG0001308,3,4,2,6,2,3,3,4,5,5,3,7,47
140,OG0001310,2,4,2,5,3,3,3,9,4,3,3,6,47
141,OG0001317,1,3,2,3,5,3,2,3,4,5,2,14,47
148,OG0001387,2,4,1,5,2,3,2,7,5,10,1,4,46
149,OG0001400,3,3,2,3,3,3,4,6,4,6,3,6,46
168,OG0001544,2,2,2,3,2,3,3,5,4,6,3,9,44
169,OG0001546,3,3,1,1,6,3,2,13,3,4,2,3,44
170,OG0001553,1,7,2,1,5,3,3,9,2,9,1,1,44
171,OG0001557,6,1,2,1,1,3,1,12,5,6,1,5,44
172,OG0001558,7,1,2,2,14,3,3,4,1,5,1,1,44
173,OG0001596,3,3,2,5,2,3,2,10,6,2,2,4,44
174,OG0001632,2,2,2,4,3,3,2,18,1,2,1,3,43
177,OG0001687,2,2,1,3,1,3,2,19,3,3,1,3,43
179,OG0001700,1,2,0,4,2,3,2,12,7,4,4,2,43
189,OG0001757,4,2,2,1,2,3,2,7,3,4,4,8,42
191,OG0001767,1,3,2,5,2,3,3,10,4,3,2,4,42
201,OG0001820,2,1,0,1,1,3,1,25,4,2,1,1,42
207,OG0001911,1,2,2,8,1,3,1,7,7,2,4,3,41
209,OG0001929,2,2,1,4,2,3,3,6,4,2,3,9,41
210,OG0001930,1,1,2,1,4,3,1,6,3,2,15,2,41
215,OG0001970,2,3,2,3,3,3,2,5,6,6,3,2,40
220,OG0002013,1,2,1,4,1,3,4,2,8,3,3,8,40
221,OG0002072,1,2,1,9,1,3,3,8,4,2,4,2,40
224,OG0002105,2,2,2,3,1,3,1,14,6,2,1,2,39
229,OG0002120,7,2,2,3,2,3,2,6,3,4,3,2,39
230,OG0002141,2,2,2,0,7,3,2,8,5,2,2,4,39
236,OG0002166,3,3,2,3,3,3,3,4,5,4,3,3,39
239,OG0002194,2,4,2,4,3,3,4,6,4,2,3,2,39
243,OG0002242,1,1,1,2,1,3,1,0,13,3,11,1,38
245,OG0002269,3,2,2,4,4,3,1,7,3,3,3,3,38
255,OG0002366,5,1,2,2,2,3,2,8,5,3,2,2,37
261,OG0002409,3,2,2,3,2,3,1,5,3,3,2,8,37
263,OG0002413,1,2,2,3,3,3,2,6,6,2,3,4,37
267,OG0002467,1,3,1,4,2,3,3,2,2,4,4,8,37
268,OG0002471,1,3,1,2,2,3,6,9,3,2,3,2,37
269,OG0002483,2,2,2,7,2,3,3,4,4,2,4,2,37
270,OG0002495,1,2,2,2,1,3,2,9,2,1,3,9,37
273,OG0002533,3,3,2,3,2,3,3,2,5,5,2,3,36
275,OG0002537,2,3,2,4,2,3,2,2,6,3,5,2,36
286,OG0002618,1,2,2,6,4,3,2,4,3,2,4,3,36
290,OG0002645,1,2,2,4,1,3,2,5,8,6,1,1,36
296,OG0002693,5,1,1,2,1,3,1,6,3,7,1,4,35
301,OG0002744,1,3,1,3,3,3,2,8,3,3,2,3,35
303,OG0002750,3,2,1,4,2,3,1,8,5,2,2,2,35
305,OG0002790,8,1,2,4,1,3,1,10,1,1,1,2,35
307,OG0002796,2,2,2,4,1,3,2,8,1,4,2,4,35
308,OG0002815,3,2,1,1,2,3,2,6,5,1,2,7,35
309,OG0002833,1,2,1,2,1,3,1,10,3,1,4,6,35
315,OG0002870,4,4,1,2,1,3,1,5,5,1,7,0,34
316,OG0002919,1,4,2,4,2,3,2,8,2,3,2,1,34
319,OG0002928,3,2,1,2,2,3,1,5,4,3,2,6,34
321,OG0002942,2,3,2,2,2,3,3,4,1,5,4,3,34
322,OG0002950,3,3,2,3,2,3,2,7,2,2,2,3,34
325,OG0002979,7,2,1,3,2,3,1,4,0,5,1,5,34
328,OG0003008,2,2,1,2,3,3,3,4,5,4,2,3,34
331,OG0003032,1,3,1,3,7,3,2,4,3,2,2,3,34
333,OG0003043,0,2,1,6,1,3,2,4,6,2,2,5,34
337,OG0003103,5,1,2,2,1,3,1,12,1,3,1,1,33
338,OG0003108,2,3,2,2,2,3,2,5,5,4,1,2,33
339,OG0003112,2,2,1,6,2,3,1,5,3,2,2,4,33
340,OG0003127,1,3,2,3,2,3,2,8,2,2,3,2,33
347,OG0003164,2,2,2,2,2,3,3,6,3,4,2,2,33
350,OG0003191,2,1,2,2,1,3,3,5,4,2,2,6,33
356,OG0003203,3,3,1,6,2,3,1,4,5,1,2,2,33
359,OG0003229,1,3,1,3,1,3,3,4,4,2,3,5,33
367,OG0003278,0,0,0,0,1,3,29,0,0,0,0,0,33
370,OG0003336,1,2,1,9,1,3,4,2,4,1,3,1,32
373,OG0003371,2,4,2,3,2,3,2,6,1,3,2,2,32
377,OG0003406,1,3,2,2,2,3,2,6,3,3,3,2,32
382,OG0003455,2,2,2,3,2,3,2,4,4,3,2,3,32
384,OG0003466,1,4,2,2,2,3,1,2,5,5,2,3,32
385,OG0003471,2,3,2,5,2,3,1,6,1,2,2,3,32
390,OG0003551,1,2,2,5,1,3,2,3,4,2,3,3,31
398,OG0003606,2,2,1,4,2,3,2,7,1,1,3,3,31
400,OG0003620,2,2,2,3,2,3,2,7,3,1,2,2,31
401,OG0003637,1,1,1,3,1,3,3,4,5,3,2,4,31
409,OG0003693,4,2,1,3,1,3,2,8,2,3,1,1,31
410,OG0003695,3,2,2,2,2,3,1,8,3,1,2,2,31
414,OG0003728,2,3,1,5,2,3,2,4,4,2,2,1,31
416,OG0003776,2,2,1,2,3,3,3,4,1,4,1,4,30
418,OG0003783,6,2,1,3,1,3,1,2,4,3,1,3,30
420,OG0003800,3,1,2,3,1,3,1,3,3,5,2,3,30
426,OG0003826,2,2,2,3,2,3,2,4,3,3,3,1,30
443,OG0003948,2,1,2,4,1,3,3,7,1,2,2,2,30
455,OG0004084,1,3,2,5,2,3,2,2,4,3,1,1,29
456,OG0004103,2,1,2,1,1,3,1,9,3,3,1,2,29
459,OG0004123,3,10,0,1,0,3,0,3,1,3,2,3,29
465,OG0004218,1,2,2,2,1,3,2,5,2,2,1,6,29
475,OG0004350,1,13,0,0,4,3,0,0,0,3,4,0,28
479,OG0004397,1,1,1,1,1,3,1,10,4,1,1,3,28
486,OG0004569,2,1,1,0,1,3,7,2,5,1,2,3,28
487,OG0004578,2,2,2,3,3,3,2,2,4,1,3,1,28
495,OG0004726,2,1,1,1,3,3,2,2,6,2,3,1,27
497,OG0004762,1,1,1,3,1,3,1,9,1,1,1,4,27
505,OG0004837,1,1,1,1,1,3,1,10,2,4,1,1,27
511,OG0004890,1,3,1,4,2,3,2,3,3,2,2,1,27
512,OG0004908,2,1,1,2,1,3,1,2,2,2,2,8,27
514,OG0004927,5,1,1,3,1,3,1,4,3,1,3,1,27
517,OG0004983,0,5,0,1,3,3,1,2,0,12,0,0,27
526,OG0005092,1,1,2,2,1,3,1,6,4,2,1,2,26
535,OG0005193,1,1,1,4,1,3,2,4,3,3,1,2,26
540,OG0005212,2,1,1,1,1,3,1,4,2,2,1,7,26
552,OG0005342,2,1,1,2,3,3,1,1,2,2,1,7,26
554,OG0005349,1,1,1,1,2,3,1,6,2,4,2,2,26
561,OG0005417,4,3,1,1,2,3,2,2,3,2,1,1,25
573,OG0005531,1,1,1,3,1,3,2,4,2,2,2,3,25
588,OG0005707,2,1,1,2,1,3,3,4,1,2,3,2,25
589,OG0005708,2,1,1,1,0,3,5,6,2,2,1,1,25
611,OG0006123,1,2,1,2,1,3,1,2,2,6,1,2,24
616,OG0006187,1,2,2,3,1,3,1,5,2,1,2,1,24
626,OG0006305,1,2,2,3,2,3,1,2,1,1,2,3,23
631,OG0006372,1,1,2,1,1,3,1,6,2,2,1,2,23
643,OG0006455,2,1,2,1,1,3,1,5,2,1,1,3,23
646,OG0006476,1,1,1,1,2,3,1,3,2,5,2,1,23
652,OG0006534,1,3,2,2,2,3,1,2,2,2,2,1,23
656,OG0006588,1,1,1,1,1,3,1,2,2,1,2,7,23
659,OG0006597,1,3,1,0,2,3,0,6,1,1,2,3,23
662,OG0006626,2,1,2,2,1,3,1,5,3,1,1,1,23
678,OG0006769,1,1,2,2,2,3,1,2,2,1,3,3,23
688,OG0006901,4,1,2,1,0,3,1,3,1,3,1,2,22
692,OG0006944,2,1,1,1,1,3,1,2,1,3,1,5,22
693,OG0006945,1,1,1,3,1,3,2,3,1,2,2,2,22
696,OG0006992,2,1,1,1,1,3,1,3,2,5,1,1,22
697,OG0007011,4,0,2,2,0,3,1,3,3,2,0,2,22
704,OG0007072,2,1,2,1,1,3,2,2,4,1,1,2,22
717,OG0007269,1,1,1,1,4,3,1,5,2,1,1,1,22
718,OG0007310,2,2,2,1,1,3,2,2,1,3,2,1,22
721,OG0007343,0,1,2,1,1,3,1,5,3,1,1,3,22
726,OG0007436,2,2,1,2,1,3,2,4,1,1,1,1,21
747,OG0007750,1,2,1,2,1,3,1,3,3,2,0,2,21
748,OG0007760,3,1,1,0,1,3,2,4,2,1,1,2,21
765,OG0007937,0,2,0,4,2,3,5,0,1,2,1,1,21
775,OG0008053,2,1,2,2,1,3,2,2,2,1,1,1,20
780,OG0008098,1,1,1,2,1,3,1,2,4,2,1,1,20
797,OG0008234,1,2,2,2,1,3,2,2,2,1,1,1,20
804,OG0008281,1,1,2,3,1,3,1,2,2,1,1,2,20
822,OG0008466,1,1,1,1,1,3,1,1,2,1,1,6,20
825,OG0008515,1,1,1,2,1,3,1,5,2,1,1,1,20
839,OG0008686,1,2,1,1,1,3,3,2,1,1,1,2,19
841,OG0008695,1,2,1,3,1,3,1,2,2,1,1,1,19
850,OG0008811,1,1,1,2,1,3,1,4,1,2,1,1,19
853,OG0008826,1,1,2,0,1,3,1,2,1,1,5,1,19
857,OG0008863,1,1,1,1,1,3,2,1,1,1,1,5,19
860,OG0008872,1,2,1,1,1,3,1,2,1,3,1,2,19
865,OG0008946,1,0,0,3,0,3,5,0,1,2,1,3,19
869,OG0008979,1,1,1,1,0,3,1,3,3,1,3,1,19
884,OG0009216,0,0,0,0,3,3,0,1,1,0,0,11,19
902,OG0009419,1,1,2,2,1,3,1,4,1,1,1,0,18
931,OG0009842,1,1,1,3,1,3,1,2,2,1,1,1,18
968,OG0010338,1,1,1,2,1,3,1,3,1,1,1,1,17
1019,OG0010996,1,2,0,1,0,3,0,0,1,1,2,5,16
1023,OG0011035,1,1,1,0,2,3,2,1,1,1,1,2,16
1025,OG0011070,1,1,1,2,1,3,1,2,1,1,1,1,16
1026,OG0011085,1,1,1,1,1,3,1,2,1,1,2,1,16
1036,OG0011244,0,1,2,2,1,3,1,0,3,1,1,1,16
1048,OG0011424,1,1,1,1,1,3,1,2,1,1,1,1,15
1056,OG0011496,1,1,1,1,1,3,1,2,1,1,1,1,15
1076,OG0011773,1,2,2,2,0,3,0,0,2,1,1,1,15
1087,OG0011922,0,1,0,1,2,3,2,0,3,1,1,1,15
1127,OG0012450,0,1,0,2,2,3,0,0,1,2,0,3,14
1128,OG0012451,0,1,1,1,1,3,1,2,1,1,1,1,14
1138,OG0012640,2,0,0,1,0,3,1,2,0,1,1,2,13
1160,OG0012938,0,2,0,2,2,3,3,0,0,1,0,0,13
1173,OG0013015,0,0,0,2,0,3,3,5,0,0,0,0,13
1222,OG0013621,1,0,0,1,1,3,1,2,0,2,0,0,11
1258,OG0014018,2,1,0,1,0,3,1,1,0,0,1,0,10
1275,OG0014160,1,0,0,1,0,3,1,0,3,0,0,1,10
1296,OG0014315,0,0,0,4,0,3,2,0,0,1,0,0,10
1297,OG0014316,0,0,0,7,0,3,0,0,0,0,0,0,10
1320,OG0014622,1,0,0,0,1,3,1,2,0,0,1,0,9
1356,OG0015119,2,0,0,0,1,3,0,0,0,0,0,2,8
1423,OG0016050,0,0,0,2,2,3,0,0,0,0,0,0,7
1428,OG0016059,0,0,0,1,2,3,0,0,0,1,0,0,7
1498,OG0017041,0,0,0,0,0,3,0,0,0,2,1,0,6
1553,OG0018248,0,0,0,1,0,3,1,0,0,0,0,0,5
1563,OG0018307,0,0,0,0,0,3,1,0,0,0,0,1,5
1572,OG0018316,0,0,0,0,0,3,1,0,0,1,0,0,5
1639,OG0020113,0,0,0,0,0,3,0,0,0,1,0,0,4
1655,OG0020129,0,0,0,0,0,3,0,0,1,0,0,0,4
1656,OG0020130,0,0,0,0,0,3,0,0,0,0,0,1,4
1746,OG0023042,0,0,0,0,0,3,0,0,0,0,0,0,3
1771,OG0023067,0,0,0,0,0,3,0,0,0,0,0,0,3
1775,OG0023071,0,0,0,0,0,3,0,0,0,0,0,0,3
1792,OG0023088,0,0,0,0,0,3,0,0,0,0,0,0,3
35,OG0000159,26,4,1,2,11,2,9,8,10,14,3,9,99
48,OG0000315,19,5,1,1,7,2,4,8,3,10,9,9,78
49,OG0000320,0,0,0,0,0,2,0,0,0,76,0,0,78
53,OG0000383,4,4,1,1,3,2,3,4,36,3,7,5,73
55,OG0000427,3,5,1,2,6,2,2,6,17,6,5,15,70
63,OG0000513,16,0,1,1,1,2,3,9,2,2,19,9,65
75,OG0000624,2,2,0,7,2,2,3,19,2,4,2,16,61
81,OG0000711,2,1,0,7,1,2,2,16,2,1,2,23,59
82,OG0000715,3,2,0,2,1,2,1,22,2,5,3,16,59
87,OG0000732,31,0,1,0,0,2,1,8,0,0,1,14,58
88,OG0000733,8,2,1,0,2,2,1,7,8,6,7,14,58
90,OG0000745,1,2,1,4,2,2,1,26,2,6,1,10,58
102,OG0000867,5,2,1,2,3,2,3,20,2,2,4,9,55
108,OG0000928,7,2,1,5,1,2,2,15,5,4,2,7,53
109,OG0000934,2,2,1,5,3,2,2,26,3,2,1,4,53
110,OG0000938,2,2,1,6,2,2,3,17,8,5,1,4,53
112,OG0000976,1,3,1,5,5,2,2,15,4,3,3,8,52
114,OG0000988,2,1,0,4,1,2,2,17,2,4,2,15,52
120,OG0001054,3,5,0,2,5,2,2,6,4,8,3,11,51
132,OG0001225,1,5,1,4,4,2,4,7,7,4,4,5,48
136,OG0001284,9,2,1,2,2,2,3,5,6,2,5,8,47
145,OG0001357,2,2,0,2,21,2,2,4,4,2,2,3,46
146,OG0001368,3,3,1,3,4,2,1,8,3,7,2,9,46
154,OG0001452,2,4,1,3,3,2,3,10,5,8,2,2,45
158,OG0001465,5,3,1,3,2,2,2,11,4,3,5,4,45
161,OG0001500,2,5,1,3,3,2,1,9,4,3,4,8,45
166,OG0001519,9,1,1,1,5,2,1,8,1,2,2,11,44
167,OG0001524,5,2,1,2,1,2,1,21,4,1,1,3,44
175,OG0001663,1,2,1,3,2,2,1,12,3,3,3,10,43
176,OG0001674,2,3,1,4,3,2,3,7,2,6,3,7,43
192,OG0001768,2,1,1,6,1,2,1,1,23,1,1,2,42
194,OG0001770,4,3,1,1,2,2,5,7,7,2,2,6,42
196,OG0001786,5,4,1,2,4,2,3,4,3,9,2,3,42
200,OG0001808,6,2,1,2,2,2,2,14,5,2,2,2,42
205,OG0001873,3,6,0,4,7,2,4,2,5,3,1,4,41
206,OG0001877,1,1,1,5,2,2,1,1,13,3,3,8,41
214,OG0001948,0,0,0,0,1,2,0,0,0,38,0,0,41
217,OG0001978,8,1,1,3,2,2,1,7,5,7,1,2,40
218,OG0001989,2,1,0,1,2,2,3,8,1,5,2,13,40
219,OG0001997,5,3,1,3,1,2,3,3,6,4,2,7,40
232,OG0002153,8,1,0,5,1,2,4,8,1,1,4,4,39
234,OG0002163,2,3,1,3,2,2,2,5,10,3,4,2,39
237,OG0002169,8,1,0,1,1,2,1,13,2,2,1,7,39
238,OG0002193,8,3,1,2,2,2,2,4,6,5,2,2,39
241,OG0002217,1,1,1,2,2,2,1,8,2,3,7,8,38
246,OG0002277,3,2,1,4,2,2,2,12,2,3,1,4,38
247,OG0002286,3,2,1,4,1,2,3,2,7,8,2,3,38
248,OG0002290,1,1,1,3,1,2,1,15,6,1,2,4,38
249,OG0002292,1,2,1,3,2,2,3,3,3,6,2,10,38
250,OG0002296,4,3,1,3,1,2,4,7,4,2,3,4,38
251,OG0002306,2,1,0,3,4,2,1,16,1,2,1,5,38
252,OG0002308,3,2,1,2,1,2,1,10,5,3,2,6,38
253,OG0002320,2,2,0,6,2,2,2,8,1,4,3,6,38
256,OG0002368,15,1,1,1,4,2,1,2,2,5,1,2,37
258,OG0002386,4,3,1,4,2,2,2,4,3,3,2,7,37
259,OG0002398,3,2,1,4,1,2,1,8,2,3,1,9,37
260,OG0002401,2,0,0,7,0,2,7,0,8,5,2,4,37
262,OG0002411,1,0,1,5,2,2,2,10,5,3,4,2,37
265,OG0002459,2,1,1,3,1,2,1,10,4,3,1,8,37
266,OG0002462,1,1,1,1,1,2,1,9,9,3,1,7,37
271,OG0002504,2,3,0,1,2,2,1,12,2,4,3,5,37
274,OG0002534,4,2,1,3,1,2,2,7,3,3,1,7,36
278,OG0002578,4,2,1,2,1,2,1,3,3,4,11,2,36
279,OG0002588,2,4,1,4,4,2,3,7,1,2,3,3,36
280,OG0002593,1,3,1,8,2,2,3,8,2,3,2,1,36
281,OG0002600,1,2,1,4,1,2,1,9,3,3,4,5,36
282,OG0002605,2,0,1,1,3,2,3,5,0,2,0,17,36
284,OG0002611,2,3,1,2,3,2,3,9,4,2,3,2,36
288,OG0002630,1,2,1,3,2,2,2,8,10,1,3,1,36
289,OG0002641,1,2,1,2,1,2,1,2,2,2,18,2,36
293,OG0002679,1,0,0,0,1,2,27,0,0,1,3,0,35
297,OG0002711,2,1,1,2,4,2,1,13,2,3,2,2,35
300,OG0002734,3,1,1,6,1,2,3,6,3,3,3,3,35
304,OG0002754,1,3,1,2,2,2,1,8,5,1,2,7,35
310,OG0002838,0,2,0,0,3,2,0,7,9,7,1,4,35
317,OG0002923,1,1,1,3,2,2,2,5,9,3,3,2,34
320,OG0002933,4,1,0,1,1,2,1,5,2,1,1,15,34
324,OG0002977,2,2,1,1,2,2,0,5,2,1,1,15,34
326,OG0002996,6,2,1,4,2,2,1,4,3,3,2,4,34
327,OG0002999,1,3,1,4,1,2,2,8,2,3,2,5,34
329,OG0003025,1,1,1,1,1,2,2,15,4,1,1,4,34
342,OG0003141,1,2,1,3,2,2,2,10,4,3,2,1,33
343,OG0003145,3,3,1,2,2,2,2,3,2,3,1,9,33
344,OG0003148,1,1,1,2,5,2,1,7,3,6,2,2,33
346,OG0003157,3,3,1,2,2,2,2,1,3,4,3,7,33
348,OG0003180,1,4,1,1,4,2,1,9,3,3,1,3,33
349,OG0003186,1,2,1,2,2,2,2,7,2,4,2,6,33
352,OG0003194,3,1,1,2,1,2,1,13,2,1,1,5,33
354,OG0003198,7,1,0,2,1,2,1,5,2,5,1,6,33
357,OG0003210,1,2,1,4,2,2,1,8,5,3,3,1,33
358,OG0003228,2,2,1,1,1,2,1,4,3,1,2,13,33
360,OG0003233,2,1,1,5,1,2,1,12,4,1,1,2,33
361,OG0003234,2,2,1,1,1,2,1,12,2,2,4,3,33
363,OG0003238,2,1,0,6,1,2,2,6,6,1,1,5,33
364,OG0003247,2,2,1,1,4,2,2,3,7,4,2,3,33
366,OG0003257,2,1,1,5,1,2,2,6,5,4,1,3,33
368,OG0003295,3,2,1,3,2,2,2,3,4,3,2,5,32
371,OG0003363,7,1,1,1,1,2,1,8,2,2,1,5,32
372,OG0003366,1,2,1,4,1,2,3,8,3,3,2,2,32
374,OG0003379,2,2,1,2,1,2,2,9,3,1,4,3,32
376,OG0003401,4,2,1,2,1,2,3,4,4,1,2,6,32
378,OG0003424,1,2,1,5,1,2,1,7,4,2,2,4,32
379,OG0003425,1,3,1,2,3,2,1,6,3,3,4,3,32
381,OG0003429,1,3,1,5,2,2,2,4,6,2,2,2,32
383,OG0003464,2,1,0,2,1,2,1,6,4,3,1,9,32
386,OG0003483,1,3,1,3,3,2,1,5,5,4,2,2,32
391,OG0003553,6,2,1,1,2,2,3,3,2,7,1,1,31
395,OG0003594,3,2,1,2,1,2,1,10,4,2,2,1,31
396,OG0003600,9,1,1,1,1,2,0,3,1,4,1,7,31
397,OG0003605,2,4,0,1,2,2,2,2,6,5,4,1,31
402,OG0003639,1,2,1,4,2,2,2,6,4,3,1,3,31
403,OG0003657,1,4,0,2,16,2,1,0,0,2,1,2,31
405,OG0003664,1,2,1,2,1,2,2,5,6,2,2,5,31
406,OG0003670,4,3,1,3,3,2,1,4,3,1,2,4,31
407,OG0003680,1,2,1,4,1,2,4,5,3,2,3,3,31
408,OG0003690,3,3,1,1,3,2,2,5,2,4,1,4,31
411,OG0003704,1,2,1,1,2,2,2,6,3,2,1,8,31
412,OG0003709,3,3,0,2,1,2,1,8,4,1,2,4,31
413,OG0003713,3,2,1,1,1,2,2,6,5,5,1,2,31
417,OG0003782,2,3,1,5,2,2,1,7,3,1,1,2,30
419,OG0003788,2,4,1,8,1,2,0,3,8,0,0,1,30
422,OG0003802,4,1,1,1,1,2,2,7,2,1,1,7,30
423,OG0003804,4,2,1,2,2,2,1,7,4,1,2,2,30
427,OG0003837,5,1,1,1,2,2,2,5,6,2,1,2,30
428,OG0003845,3,0,0,1,0,2,2,10,1,0,1,10,30
429,OG0003848,3,1,1,3,2,2,1,4,5,3,4,1,30
431,OG0003853,1,2,1,3,1,2,1,5,4,2,1,7,30
432,OG0003856,3,1,1,2,1,2,1,11,1,1,3,3,30
433,OG0003858,4,1,0,1,1,2,1,8,1,5,1,5,30
434,OG0003860,4,2,1,3,1,2,2,8,2,3,2,0,30
435,OG0003863,4,2,1,3,1,2,1,8,2,3,1,2,30
436,OG0003874,12,2,0,1,1,2,0,2,3,2,3,2,30
437,OG0003880,2,2,1,3,4,2,2,3,3,4,2,2,30
438,OG0003892,9,0,0,2,2,2,2,3,1,3,1,5,30
439,OG0003897,1,2,1,1,5,2,2,2,6,2,3,3,30
440,OG0003921,1,1,1,2,1,2,1,12,3,2,2,2,30
441,OG0003942,1,2,1,5,2,2,4,2,2,3,4,2,30
442,OG0003946,1,3,1,2,2,2,2,10,2,2,2,1,30
444,OG0003970,1,3,1,2,2,2,2,4,4,3,2,4,30
445,OG0003994,1,1,1,4,1,2,2,7,5,3,2,1,30
446,OG0004003,2,2,1,3,3,2,1,7,2,1,1,5,30
447,OG0004006,1,1,1,1,1,2,2,3,2,1,1,14,30
451,OG0004048,2,1,1,3,1,2,1,8,2,4,1,3,29
452,OG0004055,1,2,1,2,3,2,1,6,4,1,2,4,29
454,OG0004065,2,2,1,3,2,2,3,4,5,0,2,3,29
457,OG0004105,2,1,1,1,4,2,1,4,4,1,1,7,29
458,OG0004110,2,1,1,1,1,2,1,2,4,1,12,1,29
460,OG0004139,6,2,1,3,1,2,2,5,2,1,1,3,29
461,OG0004154,3,2,1,3,1,2,2,7,1,1,1,5,29
464,OG0004211,3,1,1,4,1,2,1,9,2,1,2,2,29
467,OG0004238,5,1,1,1,1,2,1,10,1,3,1,2,29
468,OG0004240,1,1,1,3,1,2,2,11,2,2,1,2,29
469,OG0004262,1,1,1,2,1,2,1,4,2,5,1,8,29
472,OG0004307,1,2,0,2,1,2,1,8,1,2,1,7,28
473,OG0004309,2,2,1,3,1,2,2,5,5,2,1,2,28
476,OG0004359,2,1,1,2,1,2,1,4,7,3,1,3,28
477,OG0004367,1,1,1,2,1,2,1,6,3,2,1,7,28
478,OG0004389,2,1,0,6,1,2,2,8,1,1,2,2,28
480,OG0004411,7,1,1,2,1,2,1,2,2,1,1,7,28
481,OG0004433,2,2,1,3,2,2,2,6,2,2,1,3,28
482,OG0004444,1,2,1,2,2,2,1,3,6,2,1,5,28
483,OG0004507,1,1,1,2,1,2,1,8,3,1,1,6,28
485,OG0004533,1,3,0,3,4,2,3,1,1,4,0,6,28
491,OG0004660,1,1,1,3,1,2,1,7,4,2,2,2,27
492,OG0004681,1,1,1,1,4,2,1,5,5,2,3,1,27
493,OG0004714,8,1,0,2,1,2,1,4,4,2,1,1,27
494,OG0004718,3,2,1,2,1,2,2,4,6,2,1,1,27
496,OG0004747,1,1,1,1,4,2,1,5,2,2,1,6,27
498,OG0004773,2,2,0,0,1,2,4,4,4,4,3,1,27
499,OG0004777,1,2,1,3,1,2,3,6,4,1,1,2,27
500,OG0004783,3,1,1,2,1,2,1,5,6,1,1,3,27
501,OG0004791,1,2,1,3,2,2,2,4,3,1,2,4,27
502,OG0004801,3,4,1,1,2,2,1,1,2,3,2,5,27
503,OG0004822,1,2,1,2,2,2,1,5,4,2,1,4,27
504,OG0004829,2,1,1,2,1,2,1,11,2,1,2,1,27
506,OG0004843,2,1,1,4,1,2,1,5,2,1,2,5,27
507,OG0004849,3,2,1,1,3,2,1,6,3,1,2,2,27
508,OG0004861,2,1,1,2,1,2,1,6,3,1,2,5,27
509,OG0004866,1,2,1,2,2,2,3,2,6,3,1,2,27
519,OG0004991,0,1,0,3,3,2,2,3,5,1,2,5,27
522,OG0005016,2,1,1,1,2,2,1,5,4,4,1,2,26
523,OG0005056,3,0,0,2,0,2,2,2,0,0,1,14,26
524,OG0005072,3,1,1,1,1,2,1,4,6,3,1,2,26
525,OG0005085,2,1,1,1,1,2,1,5,3,4,1,4,26
528,OG0005116,2,1,1,1,1,2,1,3,4,1,3,6,26
529,OG0005120,1,1,1,2,1,2,1,9,1,4,1,2,26
530,OG0005141,2,1,1,1,2,2,1,8,0,2,1,5,26
531,OG0005148,5,0,1,1,1,2,3,3,2,3,1,4,26
532,OG0005154,1,1,1,1,1,2,2,9,3,1,2,2,26
533,OG0005172,2,1,1,2,1,2,3,3,2,2,3,4,26
536,OG0005207,1,1,1,2,1,2,2,2,2,5,3,4,26
537,OG0005208,3,1,1,1,3,2,0,4,2,3,2,4,26
538,OG0005210,2,2,1,1,1,2,1,5,3,4,1,3,26
539,OG0005211,4,1,1,3,1,2,2,4,3,2,2,1,26
541,OG0005220,1,1,1,2,1,2,2,8,3,2,1,2,26
542,OG0005245,1,2,1,3,3,2,1,4,3,2,2,2,26
543,OG0005246,1,1,1,1,4,2,1,4,1,5,1,4,26
544,OG0005254,2,2,1,3,1,2,2,6,2,1,1,3,26
546,OG0005272,1,1,1,3,2,2,3,3,5,1,2,2,26
547,OG0005280,1,2,1,2,1,2,1,6,2,1,2,5,26
549,OG0005298,1,1,1,1,1,2,1,9,1,1,1,6,26
550,OG0005318,1,2,1,2,1,2,2,7,2,2,3,1,26
551,OG0005320,1,1,1,4,1,2,2,4,2,2,4,2,26
553,OG0005345,4,1,1,2,1,2,1,2,2,4,1,5,26
555,OG0005354,2,1,1,3,2,2,1,4,1,2,1,6,26
563,OG0005429,2,2,0,2,1,2,1,6,2,1,1,5,25
564,OG0005431,1,3,1,2,1,2,3,3,2,1,2,4,25
566,OG0005482,1,1,1,1,1,2,1,8,3,1,3,2,25
567,OG0005488,1,2,1,4,1,2,1,5,3,3,1,1,25
568,OG0005490,3,1,1,4,1,2,1,4,3,2,2,1,25
569,OG0005500,1,1,1,4,1,2,2,4,4,1,2,2,25
574,OG0005558,1,1,1,1,1,2,2,5,2,2,1,6,25
575,OG0005566,1,0,1,3,2,2,2,3,2,3,4,2,25
576,OG0005576,1,2,1,3,1,2,2,4,3,2,3,1,25
577,OG0005581,1,1,1,1,1,2,1,7,1,1,2,6,25
578,OG0005591,1,1,1,4,2,2,2,3,5,1,1,2,25
579,OG0005592,1,2,1,2,1,2,2,4,5,3,1,1,25
582,OG0005642,2,1,0,3,1,2,1,6,2,1,1,5,25
585,OG0005679,1,2,1,3,2,2,2,1,2,4,2,3,25
586,OG0005682,1,2,1,2,1,2,2,2,2,1,3,6,25
590,OG0005712,1,2,1,1,2,2,1,3,4,4,3,1,25
592,OG0005736,1,2,1,2,1,2,2,4,4,2,2,2,25
593,OG0005740,2,2,1,1,1,2,2,4,3,2,1,4,25
594,OG0005745,1,2,1,1,1,2,3,9,2,1,1,1,25
595,OG0005756,3,3,1,2,1,2,0,5,1,2,1,4,25
596,OG0005766,1,1,1,1,1,2,1,3,2,3,4,5,25
600,OG0005854,1,2,1,5,1,2,1,5,2,1,1,2,24
601,OG0005873,8,1,1,1,1,2,1,3,1,1,1,3,24
602,OG0005878,1,1,1,1,1,2,1,10,1,2,1,2,24
603,OG0005939,3,2,1,5,1,2,1,3,3,1,1,1,24
604,OG0005953,1,1,1,1,7,2,2,5,1,1,1,1,24
605,OG0005958,1,1,1,3,6,2,1,5,1,1,1,1,24
606,OG0005963,1,1,1,1,1,2,1,7,2,2,2,3,24
607,OG0005990,3,1,1,2,1,2,2,3,1,1,1,6,24
609,OG0006057,2,1,1,2,1,2,2,6,2,2,2,1,24
610,OG0006106,1,1,1,1,1,2,1,6,4,3,2,1,24
612,OG0006130,1,1,1,2,1,2,3,3,7,1,1,1,24
613,OG0006137,7,1,1,1,1,2,1,3,1,2,1,3,24
614,OG0006181,1,1,1,1,1,2,1,4,1,3,1,7,24
617,OG0006207,1,1,1,2,1,2,1,8,3,1,1,2,24
618,OG0006231,1,2,1,3,1,2,1,6,2,2,1,2,24
619,OG0006250,4,1,1,1,1,2,2,1,4,1,1,5,24
624,OG0006299,3,2,1,2,3,2,1,4,1,1,0,3,23
625,OG0006304,1,2,1,1,2,2,1,4,3,2,2,2,23
627,OG0006312,2,2,1,2,1,2,1,6,1,3,1,1,23
632,OG0006374,3,1,1,3,1,2,1,5,3,1,1,1,23
633,OG0006375,5,1,1,1,1,2,1,5,2,1,1,2,23
634,OG0006386,1,2,0,3,2,2,2,4,0,4,2,1,23
635,OG0006391,1,3,1,2,2,2,0,2,3,2,1,4,23
636,OG0006396,1,2,1,2,2,2,2,2,3,1,1,4,23
637,OG0006397,1,2,1,2,2,2,2,2,2,4,1,2,23
638,OG0006413,11,1,1,0,1,2,0,2,1,2,1,1,23
639,OG0006415,1,2,1,5,1,2,1,3,1,3,1,2,23
640,OG0006419,2,1,1,1,1,2,1,10,1,1,1,1,23
644,OG0006467,2,2,1,2,1,2,1,4,3,1,3,1,23
645,OG0006469,1,1,1,1,1,2,1,2,2,1,1,9,23
647,OG0006496,2,3,1,2,1,2,0,4,4,1,2,1,23
648,OG0006502,2,1,1,2,1,2,2,2,4,4,1,1,23
651,OG0006522,1,1,1,2,2,2,1,4,4,2,1,2,23
653,OG0006561,1,2,1,2,4,2,2,5,1,1,1,1,23
654,OG0006571,1,4,1,1,1,2,1,3,2,4,2,1,23
657,OG0006589,1,2,1,2,2,2,1,2,3,4,1,2,23
660,OG0006610,1,1,1,3,1,2,1,3,2,2,3,3,23
661,OG0006615,1,2,1,2,3,2,2,3,2,2,1,2,23
663,OG0006682,1,2,1,2,1,2,1,3,2,4,1,3,23
664,OG0006687,1,1,1,6,1,2,1,4,3,1,1,1,23
665,OG0006694,2,1,1,1,1,2,1,5,1,1,1,6,23
666,OG0006697,1,1,1,2,1,2,2,1,1,3,2,6,23
667,OG0006699,4,1,0,0,1,2,0,7,1,2,2,3,23
668,OG0006709,1,1,1,4,1,2,1,3,3,1,1,4,23
669,OG0006716,1,1,1,1,1,2,1,5,5,1,1,3,23
670,OG0006719,2,1,1,1,1,2,1,2,1,5,2,4,23
671,OG0006728,1,2,1,2,2,2,2,2,1,2,2,4,23
672,OG0006730,1,1,1,1,1,2,1,3,4,1,4,3,23
673,OG0006737,1,1,0,2,1,2,2,2,0,2,0,10,23
674,OG0006740,1,1,1,2,1,2,1,6,2,2,2,2,23
675,OG0006746,4,1,0,2,1,2,1,6,2,1,1,2,23
677,OG0006759,5,1,1,1,1,2,0,2,2,3,2,3,23
679,OG0006777,1,2,1,5,1,2,2,0,4,2,2,1,23
686,OG0006844,1,1,1,4,1,2,1,3,2,2,2,2,22
689,OG0006926,1,1,1,3,1,2,1,3,1,1,5,2,22
690,OG0006935,1,2,1,1,1,2,1,4,4,1,2,2,22
694,OG0006977,2,0,0,0,0,2,5,2,7,1,2,1,22
695,OG0006988,3,1,1,1,2,2,1,6,2,1,1,1,22
699,OG0007031,1,3,0,3,1,2,1,2,1,7,1,0,22
700,OG0007034,3,1,0,1,1,2,0,2,7,2,1,2,22
703,OG0007069,3,1,1,1,1,2,1,2,3,2,1,4,22
705,OG0007134,5,2,1,1,1,2,1,4,1,1,1,2,22
706,OG0007164,1,1,1,1,3,2,2,3,1,1,2,4,22
707,OG0007167,6,1,1,2,1,2,1,3,2,1,1,1,22
709,OG0007180,1,2,1,2,1,2,1,5,2,0,1,4,22
710,OG0007197,4,1,1,1,1,2,1,2,2,2,1,4,22
714,OG0007243,1,1,1,3,1,2,2,2,3,2,3,1,22
715,OG0007252,1,1,1,3,1,2,1,3,1,2,2,4,22
716,OG0007256,2,3,1,3,1,2,2,0,2,2,3,1,22
719,OG0007328,1,2,1,1,1,2,2,4,4,1,1,2,22
720,OG0007329,1,1,1,2,1,2,1,4,3,3,1,2,22
724,OG0007390,8,1,1,1,1,2,1,1,2,1,1,1,21
728,OG0007448,2,1,1,1,1,2,1,5,1,1,1,4,21
729,OG0007452,1,1,1,1,1,2,1,4,3,2,3,1,21
730,OG0007466,2,1,1,2,1,2,1,4,2,1,1,3,21
731,OG0007485,1,1,1,1,1,2,1,3,1,3,2,4,21
732,OG0007500,1,2,1,1,2,2,1,4,2,1,2,2,21
733,OG0007512,2,1,1,1,1,2,1,4,4,1,1,2,21
735,OG0007541,1,1,1,3,1,2,1,3,2,1,1,4,21
736,OG0007549,1,2,1,2,1,2,1,2,2,4,2,1,21
737,OG0007563,2,1,1,2,1,2,1,2,1,3,2,3,21
739,OG0007597,3,0,1,2,1,2,1,6,1,2,1,1,21
740,OG0007626,2,1,1,1,2,2,1,3,1,3,2,2,21
741,OG0007633,1,1,1,0,1,2,1,5,4,3,1,1,21
742,OG0007645,1,2,1,2,1,2,1,4,2,2,1,2,21
743,OG0007665,1,1,1,1,1,2,1,6,2,1,2,2,21
745,OG0007690,2,2,1,2,1,2,1,1,3,3,2,1,21
746,OG0007732,3,2,1,1,1,2,1,5,1,1,2,1,21
749,OG0007778,1,1,1,4,1,2,1,2,3,1,2,2,21
750,OG0007790,2,1,1,1,3,2,1,2,2,1,1,4,21
751,OG0007795,1,1,1,2,1,2,2,4,2,3,1,1,21
752,OG0007811,2,1,1,1,1,2,1,5,2,2,2,1,21
753,OG0007814,1,2,1,2,2,2,1,2,2,3,2,1,21
754,OG0007831,1,1,1,1,1,2,1,4,2,1,2,4,21
755,OG0007835,1,2,1,1,2,2,1,4,4,1,1,1,21
756,OG0007858,1,0,1,1,1,2,1,3,4,1,1,5,21
757,OG0007866,1,0,1,3,1,2,1,2,4,1,2,3,21
762,OG0007911,1,1,1,1,1,2,1,3,3,1,1,5,21
766,OG0007939,0,2,1,2,4,2,6,0,3,0,0,1,21
771,OG0007987,2,1,1,3,1,2,1,3,1,2,1,2,20
773,OG0008024,4,1,1,2,1,2,1,2,1,2,1,2,20
774,OG0008030,1,1,1,3,1,2,2,4,2,1,1,1,20
776,OG0008054,4,1,1,0,1,2,1,3,1,2,1,3,20
777,OG0008076,2,1,1,1,1,2,1,3,3,1,1,3,20
779,OG0008094,1,2,1,1,4,2,1,2,2,2,1,1,20
782,OG0008108,2,1,1,2,1,2,2,2,3,1,1,2,20
783,OG0008120,5,1,1,1,1,2,1,2,2,1,1,2,20
784,OG0008123,1,1,1,1,1,2,1,4,2,1,1,4,20
785,OG0008144,1,2,1,4,1,2,1,3,1,2,1,1,20
787,OG0008157,2,2,0,2,1,2,1,4,2,2,1,1,20
788,OG0008158,1,1,0,3,1,2,0,4,2,1,2,3,20
790,OG0008187,3,1,1,3,1,2,1,3,2,1,1,1,20
791,OG0008193,1,1,1,0,1,2,1,2,3,2,2,4,20
794,OG0008198,1,1,1,0,1,2,1,4,2,2,3,2,20
795,OG0008208,1,1,1,2,1,2,1,5,1,1,2,2,20
796,OG0008217,1,2,1,2,1,2,1,2,4,1,1,2,20
798,OG0008236,1,2,1,3,1,2,2,4,1,1,1,1,20
799,OG0008249,1,1,1,1,1,2,1,2,1,4,1,4,20
800,OG0008257,1,1,1,2,1,2,1,4,4,1,1,1,20
801,OG0008260,1,2,1,2,1,2,1,4,2,2,1,1,20
803,OG0008276,1,1,1,2,1,2,1,7,1,1,1,1,20
805,OG0008287,3,1,1,2,2,2,2,4,1,0,1,1,20
806,OG0008294,4,1,1,2,1,2,1,2,2,1,2,1,20
807,OG0008320,1,1,0,2,2,2,1,4,4,1,1,1,20
808,OG0008324,1,1,1,1,1,2,1,1,1,1,8,1,20
809,OG0008341,1,1,1,3,1,2,1,2,2,2,2,2,20
811,OG0008376,1,1,1,1,1,2,1,5,2,3,1,1,20
812,OG0008409,2,2,1,2,1,2,2,4,1,1,1,1,20
813,OG0008412,2,2,1,1,2,2,1,3,3,1,1,1,20
814,OG0008417,1,1,1,2,1,2,1,2,1,3,3,2,20
815,OG0008422,1,1,1,1,1,2,1,7,2,1,1,1,20
818,OG0008443,2,1,1,1,1,2,1,3,3,3,1,1,20
819,OG0008449,2,1,1,2,2,2,1,3,1,3,1,1,20
820,OG0008453,1,1,1,2,1,2,1,5,3,1,1,1,20
823,OG0008487,1,1,1,3,1,2,1,4,1,1,1,3,20
824,OG0008491,1,1,1,2,1,2,1,5,2,1,2,1,20
826,OG0008537,1,2,1,1,1,2,1,2,3,2,3,1,20
829,OG0008549,0,1,0,2,0,2,3,1,5,1,1,4,20
831,OG0008607,1,1,1,2,2,2,2,2,2,1,1,2,19
832,OG0008608,1,2,0,3,1,2,2,2,2,1,2,1,19
833,OG0008613,1,1,1,3,1,2,1,3,2,1,1,2,19
835,OG0008636,1,2,1,2,1,2,1,2,1,3,2,1,19
837,OG0008662,2,2,1,2,1,2,1,2,3,1,1,1,19
838,OG0008663,3,0,1,0,1,2,1,4,4,2,1,0,19
840,OG0008692,1,2,1,3,1,2,2,2,2,1,1,1,19
842,OG0008700,2,1,1,1,1,2,1,3,2,2,2,1,19
843,OG0008705,3,1,1,2,1,2,2,3,0,2,1,1,19
848,OG0008782,3,1,1,1,3,2,1,3,1,1,1,1,19
849,OG0008810,1,1,1,1,1,2,1,3,5,1,1,1,19
851,OG0008815,1,1,1,1,1,2,1,1,2,2,1,5,19
852,OG0008825,1,0,1,2,1,2,1,2,3,2,3,1,19
855,OG0008833,1,1,0,0,1,2,1,4,2,2,1,4,19
856,OG0008855,1,0,1,0,2,2,2,4,2,0,2,3,19
861,OG0008888,2,2,1,1,1,2,1,2,2,1,2,2,19
862,OG0008915,3,1,1,1,1,2,1,3,2,1,2,1,19
864,OG0008938,3,1,1,1,1,2,1,1,5,1,1,1,19
866,OG0008959,1,0,1,3,0,2,1,4,3,1,1,2,19
867,OG0008965,1,2,1,2,1,2,1,2,4,1,1,1,19
870,OG0008991,1,1,1,1,2,2,2,4,1,1,2,1,19
871,OG0009004,1,1,1,1,1,2,1,5,1,1,1,3,19
872,OG0009047,1,2,1,3,1,2,2,3,1,1,1,1,19
873,OG0009060,1,2,1,2,2,2,1,2,2,2,1,1,19
874,OG0009064,1,1,1,3,1,2,1,2,2,3,1,1,19
875,OG0009071,1,1,1,4,1,2,2,2,3,2,0,0,19
878,OG0009150,1,1,1,3,1,2,1,4,1,2,1,1,19
887,OG0009291,1,1,1,1,1,2,2,4,2,1,1,1,18
888,OG0009296,1,1,1,1,1,2,1,2,5,1,1,1,18
889,OG0009300,4,1,1,1,1,2,2,2,1,1,1,1,18
890,OG0009304,2,1,1,2,2,2,1,2,1,2,1,1,18
892,OG0009341,2,2,1,0,1,2,1,4,2,1,1,1,18
893,OG0009346,3,1,1,1,1,2,1,2,3,1,1,1,18
894,OG0009347,2,1,1,1,1,2,1,2,3,2,1,1,18
895,OG0009372,2,1,1,1,1,2,2,4,2,0,1,1,18
896,OG0009376,2,2,1,1,1,2,1,1,1,1,3,2,18
897,OG0009390,2,1,1,2,1,2,1,3,1,1,1,2,18
900,OG0009411,1,1,1,3,1,2,1,4,1,1,1,1,18
901,OG0009415,1,1,1,3,2,2,2,1,1,2,1,1,18
903,OG0009421,1,1,1,1,0,2,1,4,3,1,2,1,18
904,OG0009424,2,1,1,2,1,2,1,2,2,1,1,2,18
905,OG0009435,1,1,1,1,1,2,1,2,2,1,1,4,18
906,OG0009446,2,1,1,2,1,2,1,3,1,2,1,1,18
907,OG0009460,1,1,1,2,1,2,1,4,2,1,1,1,18
908,OG0009467,1,2,1,2,1,2,1,2,2,2,1,1,18
909,OG0009502,1,2,1,2,1,2,2,4,0,1,1,1,18
910,OG0009508,1,1,1,3,1,2,1,2,3,1,2,0,18
913,OG0009561,1,1,1,2,2,2,3,2,1,1,1,1,18
914,OG0009574,1,1,1,2,1,2,1,4,1,2,1,1,18
917,OG0009621,2,1,1,1,1,2,2,2,1,2,1,2,18
919,OG0009709,1,1,1,1,1,2,1,2,3,1,1,3,18
922,OG0009749,1,1,1,1,1,2,1,3,1,3,1,2,18
923,OG0009760,1,1,1,3,1,2,2,2,2,1,1,1,18
924,OG0009785,1,1,0,0,1,2,1,5,1,1,1,4,18
925,OG0009809,2,1,1,3,0,2,1,4,1,1,1,1,18
926,OG0009817,1,2,1,2,1,2,1,2,1,2,2,1,18
927,OG0009834,1,1,1,4,1,2,1,2,1,1,2,1,18
928,OG0009835,1,1,1,1,2,2,2,1,2,1,1,3,18
929,OG0009838,1,1,1,1,4,2,1,1,2,1,2,1,18
930,OG0009840,1,1,1,1,1,2,1,3,2,2,2,1,18
932,OG0009847,1,1,1,2,1,2,1,2,2,2,1,2,18
939,OG0009898,0,2,0,4,1,2,3,1,0,3,2,0,18
942,OG0009912,0,1,1,1,1,2,1,2,2,3,1,3,18
947,OG0009964,2,1,1,1,1,2,1,1,2,2,1,2,17
948,OG0009977,1,1,1,2,1,2,1,3,1,1,2,1,17
949,OG0009996,3,1,1,1,1,2,1,3,1,1,1,1,17
950,OG0010039,1,1,1,2,1,2,1,2,3,1,1,1,17
951,OG0010046,1,1,1,1,1,2,3,2,1,1,1,2,17
952,OG0010049,3,1,0,1,2,2,2,1,1,1,1,2,17
953,OG0010079,1,1,1,2,1,2,1,2,2,1,1,2,17
954,OG0010097,1,2,1,1,1,2,1,2,3,1,1,1,17
955,OG0010101,1,3,1,1,1,2,1,2,1,2,1,1,17
956,OG0010102,2,1,1,2,1,2,1,2,2,1,1,1,17
957,OG0010108,1,1,1,1,1,2,1,3,1,1,1,3,17
959,OG0010149,2,2,1,1,1,2,1,2,2,1,1,1,17
960,OG0010196,1,1,1,1,1,2,1,3,2,1,1,2,17
962,OG0010213,1,1,1,1,1,2,2,1,2,2,2,1,17
964,OG0010258,1,0,1,1,1,2,1,6,1,1,1,1,17
965,OG0010279,2,0,1,0,0,2,0,1,0,11,0,0,17
967,OG0010294,1,1,1,1,1,2,1,2,2,2,2,1,17
969,OG0010340,1,1,1,1,1,2,2,1,1,4,1,1,17
970,OG0010359,1,1,1,3,1,2,1,4,0,1,1,1,17
971,OG0010368,1,1,1,1,1,2,1,3,2,1,2,1,17
974,OG0010425,1,1,1,2,1,2,2,1,1,2,2,1,17
977,OG0010462,1,0,0,14,0,2,0,0,0,0,0,0,17
979,OG0010516,1,1,1,1,1,2,1,4,3,0,1,1,17
980,OG0010523,1,2,1,1,1,2,2,2,2,1,1,1,17
983,OG0010558,0,1,1,2,1,2,1,5,1,1,1,1,17
989,OG0010657,1,1,1,1,1,2,2,1,2,1,2,1,16
990,OG0010665,1,1,1,2,1,2,1,2,2,1,1,1,16
991,OG0010673,2,1,1,1,1,2,1,3,1,1,1,1,16
992,OG0010722,3,2,1,2,0,2,1,1,2,1,1,0,16
993,OG0010729,1,1,1,2,1,2,1,2,2,1,1,1,16
994,OG0010735,1,1,1,1,0,2,1,3,1,1,1,3,16
997,OG0010762,1,1,1,1,1,2,1,3,2,1,1,1,16
998,OG0010768,2,2,0,1,1,2,0,3,0,0,1,4,16
1001,OG0010803,5,0,0,4,1,2,4,0,0,0,0,0,16
1002,OG0010805,1,1,1,1,1,2,0,3,1,1,3,1,16
1003,OG0010809,1,1,1,1,1,2,1,4,1,1,1,1,16
1005,OG0010859,1,1,0,1,1,2,1,3,2,1,1,2,16
1007,OG0010894,2,0,1,2,1,2,1,4,1,1,0,1,16
1008,OG0010910,1,0,1,2,1,2,2,1,2,1,2,1,16
1009,OG0010919,1,1,1,2,1,2,1,2,1,1,1,2,16
1011,OG0010943,1,0,1,3,1,2,1,2,2,1,2,0,16
1012,OG0010945,1,1,1,1,1,2,1,3,2,1,1,1,16
1014,OG0010954,1,2,1,2,1,2,1,2,1,1,1,1,16
1016,OG0010976,1,2,1,1,1,2,1,2,2,1,1,1,16
1017,OG0010981,1,1,1,1,1,2,1,2,1,2,1,2,16
1020,OG0011018,1,1,1,1,1,2,1,2,2,1,2,1,16
1021,OG0011029,1,2,1,0,1,2,1,4,1,1,1,1,16
1024,OG0011048,2,1,1,1,1,2,1,1,1,2,1,2,16
1027,OG0011124,1,3,1,1,1,2,1,1,2,1,1,1,16
1028,OG0011150,2,1,1,1,1,2,1,2,2,1,1,1,16
1029,OG0011169,1,1,1,1,1,2,0,4,2,1,1,1,16
1030,OG0011185,1,2,1,2,1,2,1,1,2,1,1,1,16
1032,OG0011215,1,1,1,3,1,2,1,2,1,1,1,1,16
1033,OG0011222,1,1,1,1,1,2,1,4,1,1,1,1,16
1034,OG0011228,1,1,1,0,1,2,2,1,1,3,2,1,16
1038,OG0011254,0,1,0,1,2,2,2,1,4,1,1,1,16
1045,OG0011355,1,1,1,3,1,2,1,2,0,1,1,1,15
1047,OG0011413,1,1,1,2,1,2,1,1,0,2,1,2,15
1049,OG0011441,1,1,1,2,1,2,1,2,1,1,1,1,15
1050,OG0011443,1,1,1,1,1,2,1,3,2,0,1,1,15
1051,OG0011462,1,1,1,1,2,2,1,2,1,1,1,1,15
1052,OG0011476,2,0,1,1,1,2,1,3,2,0,1,1,15
1053,OG0011479,1,1,1,1,1,2,1,2,2,1,1,1,15
1055,OG0011485,1,1,1,1,2,2,1,1,2,1,1,1,15
1062,OG0011533,4,0,0,0,0,2,0,0,4,2,0,3,15
1064,OG0011556,1,1,1,2,2,2,1,1,1,1,2,0,15
1065,OG0011575,1,2,0,1,0,2,1,2,1,1,1,3,15
1072,OG0011704,3,1,1,1,1,2,1,1,1,1,1,1,15
1074,OG0011719,1,1,1,1,1,2,1,2,1,2,1,1,15
1075,OG0011746,1,1,1,2,1,2,1,2,1,1,1,1,15
1080,OG0011842,1,1,1,2,1,2,1,2,1,1,1,1,15
1082,OG0011877,1,1,1,1,1,2,0,3,2,0,1,2,15
1083,OG0011879,0,2,0,1,7,2,1,0,0,2,0,0,15
1085,OG0011893,0,1,1,1,1,2,1,1,1,3,1,2,15
1086,OG0011902,0,1,0,0,2,2,1,0,0,9,0,0,15
1096,OG0012115,1,1,1,1,1,2,1,2,1,1,1,1,14
1099,OG0012164,1,1,1,0,1,2,0,3,2,1,1,1,14
1102,OG0012175,2,1,1,1,1,2,1,1,1,1,1,1,14
1103,OG0012176,2,1,1,1,1,2,1,0,1,1,1,2,14
1109,OG0012234,5,1,0,2,1,2,0,2,0,1,0,0,14
1111,OG0012260,1,1,1,1,1,2,1,1,2,1,1,1,14
1114,OG0012283,1,1,1,1,1,2,1,2,1,1,1,1,14
1115,OG0012290,2,1,1,1,1,2,1,2,1,1,0,1,14
1117,OG0012319,1,1,1,1,1,2,1,2,1,2,0,1,14
1120,OG0012378,1,2,1,2,1,2,1,0,1,1,0,2,14
1123,OG0012421,2,1,1,1,1,2,2,1,1,0,1,1,14
1131,OG0012481,0,0,1,3,0,2,1,3,1,1,1,1,14
1132,OG0012488,0,0,0,1,4,2,0,0,2,2,2,1,14
1135,OG0012608,7,1,1,0,1,2,0,0,0,0,0,1,13
1137,OG0012632,3,1,0,1,0,2,1,0,3,1,1,0,13
1140,OG0012699,1,2,1,1,0,2,1,1,1,1,1,1,13
1145,OG0012766,1,1,0,1,1,2,1,1,2,1,1,1,13
1148,OG0012792,1,1,1,1,1,2,1,1,1,1,1,1,13
1162,OG0012948,0,2,0,4,1,2,1,0,0,1,1,1,13
1167,OG0012974,0,1,0,1,1,2,1,2,2,1,1,1,13
1184,OG0013186,1,1,0,2,0,2,4,1,0,0,1,0,12
1199,OG0013350,1,0,1,0,0,2,0,0,4,2,1,1,12
1200,OG0013370,0,1,0,1,0,2,1,0,2,1,1,3,12
1201,OG0013377,0,1,0,2,0,2,0,1,0,1,2,3,12
1203,OG0013385,0,2,0,3,3,2,1,0,0,1,0,0,12
1207,OG0013402,0,1,0,1,1,2,1,2,1,2,0,1,12
1208,OG0013407,0,1,1,0,1,2,1,0,0,2,2,2,12
1209,OG0013412,0,1,0,0,1,2,0,2,0,0,0,6,12
1214,OG0013475,0,0,0,0,0,2,2,0,2,0,4,2,12
1217,OG0013574,2,1,0,0,1,2,0,0,0,2,0,3,11
1221,OG0013603,5,1,0,0,0,2,1,0,0,1,1,0,11
1240,OG0013813,0,1,0,2,2,2,1,0,0,3,0,0,11
1255,OG0013904,0,0,0,0,7,2,0,0,0,0,2,0,11
1257,OG0013909,0,0,0,0,0,2,0,0,8,1,0,0,11
1261,OG0014031,1,1,1,0,0,2,2,0,0,0,3,0,10
1269,OG0014113,2,1,0,1,1,2,1,0,0,2,0,0,10
1270,OG0014116,1,1,0,0,1,2,1,1,1,1,0,1,10
1278,OG0014171,1,1,1,1,1,2,1,1,0,0,0,1,10
1290,OG0014250,0,1,0,0,0,2,0,1,6,0,0,0,10
1295,OG0014270,0,1,0,0,0,2,0,4,1,0,0,2,10
1298,OG0014317,0,0,0,1,0,2,0,0,5,0,1,1,10
1309,OG0014526,1,0,0,2,0,2,0,0,0,1,2,1,9
1315,OG0014569,1,1,0,0,1,2,1,0,0,1,1,1,9
1333,OG0014710,0,1,0,3,0,2,2,0,0,0,0,1,9
1336,OG0014714,0,1,0,1,0,2,0,2,1,0,0,2,9
1341,OG0014784,0,0,0,3,0,2,1,1,0,1,0,1,9
1360,OG0015159,1,0,0,1,0,2,0,1,1,1,1,0,8
1361,OG0015160,1,0,0,0,0,2,0,0,0,2,0,3,8
1365,OG0015201,1,0,0,0,0,2,0,1,3,1,0,0,8
1371,OG0015224,0,1,0,2,1,2,1,0,0,0,0,1,8
1377,OG0015356,0,0,0,2,0,2,1,0,2,1,0,0,8
1398,OG0015808,1,0,0,0,0,2,0,0,1,1,0,2,7
1406,OG0015899,0,1,0,0,0,2,0,0,0,1,3,0,7
1409,OG0015905,0,1,0,1,0,2,3,0,0,0,0,0,7
1419,OG0016040,0,0,0,3,1,2,1,0,0,0,0,0,7
1420,OG0016045,0,0,0,1,0,2,0,0,2,0,0,2,7
1426,OG0016057,0,0,0,2,0,2,3,0,0,0,0,0,7
1427,OG0016058,0,0,0,1,0,2,1,0,0,1,0,2,7
1433,OG0016085,0,0,0,0,0,2,0,0,0,3,2,0,7
1451,OG0016740,0,1,0,0,0,2,0,0,2,1,0,0,6
1452,OG0016755,0,1,1,1,0,2,0,0,0,0,0,1,6
1454,OG0016760,0,1,0,1,0,2,0,0,0,0,1,1,6
1463,OG0016818,0,1,0,1,0,2,0,0,0,1,0,1,6
1474,OG0016972,0,0,0,3,0,2,1,0,0,0,0,0,6
1480,OG0016982,0,0,0,1,0,2,3,0,0,0,0,0,6
1482,OG0016986,0,0,0,1,1,2,1,0,0,1,0,0,6
1486,OG0016994,0,0,0,3,0,2,0,0,0,0,0,1,6
1487,OG0016996,0,0,0,1,0,2,0,0,3,0,0,0,6
1513,OG0017723,1,0,0,0,0,2,0,0,0,0,1,1,5
1519,OG0017867,0,1,0,1,0,2,0,0,1,0,0,0,5
1526,OG0017932,0,1,0,0,0,2,0,0,0,0,1,1,5
1547,OG0018234,0,0,0,2,0,2,1,0,0,0,0,0,5
1550,OG0018241,0,0,0,1,0,2,1,0,0,1,0,0,5
1554,OG0018250,0,0,0,1,0,2,2,0,0,0,0,0,5
1556,OG0018262,0,0,0,0,1,2,1,0,0,1,0,0,5
1569,OG0018313,0,0,0,0,0,2,0,0,0,3,0,0,5
1576,OG0018320,0,0,0,0,0,2,1,0,0,1,1,0,5
1605,OG0019895,0,0,1,1,0,2,0,0,0,0,0,0,4
1609,OG0019994,0,0,0,1,0,2,1,0,0,0,0,0,4
1613,OG0020009,0,0,0,1,0,2,0,0,1,0,0,0,4
1618,OG0020021,0,0,0,2,0,2,0,0,0,0,0,0,4
1620,OG0020025,0,0,0,1,0,2,0,1,0,0,0,0,4
1627,OG0020040,0,0,0,1,0,2,0,0,0,0,0,1,4
1628,OG0020041,0,0,0,1,0,2,1,0,0,0,0,0,4
1653,OG0020127,0,0,0,0,0,2,0,0,0,1,0,1,4
1654,OG0020128,0,0,0,0,0,2,0,1,0,0,0,1,4
1663,OG0020137,0,0,0,0,0,2,2,0,0,0,0,0,4
1668,OG0020142,0,0,0,0,0,2,1,1,0,0,0,0,4
1676,OG0020150,0,0,0,0,0,2,0,0,2,0,0,0,4
1694,OG0022239,0,1,0,0,0,2,0,0,0,0,0,0,3
1695,OG0022259,0,1,0,0,0,2,0,0,0,0,0,0,3
1703,OG0022834,0,0,0,1,0,2,0,0,0,0,0,0,3
1704,OG0022839,0,0,0,1,0,2,0,0,0,0,0,0,3
1705,OG0022840,0,0,0,1,0,2,0,0,0,0,0,0,3
1714,OG0022874,0,0,0,1,0,2,0,0,0,0,0,0,3
1725,OG0022909,0,0,0,1,0,2,0,0,0,0,0,0,3
1745,OG0023041,0,0,0,0,0,2,1,0,0,0,0,0,3
1752,OG0023048,0,0,0,0,0,2,1,0,0,0,0,0,3
1759,OG0023055,0,0,0,0,0,2,0,0,1,0,0,0,3
1760,OG0023056,0,0,0,0,0,2,0,0,0,0,1,0,3
1765,OG0023061,0,0,0,0,0,2,0,0,0,1,0,0,3
1770,OG0023066,0,0,0,0,0,2,1,0,0,0,0,0,3
1780,OG0023076,0,0,0,0,0,2,0,0,0,0,1,0,3
1787,OG0023083,0,0,0,0,0,2,0,0,0,0,0,1,3
1798,OG0023094,0,0,0,0,0,2,0,0,0,1,0,0,3
1801,OG0023097,0,0,0,0,0,2,0,0,1,0,0,0,3
1873,OG0028125,0,0,0,0,0,2,0,0,0,0,0,0,2
1874,OG0028126,0,0,0,0,0,2,0,0,0,0,0,0,2
1876,OG0028128,0,0,0,0,0,2,0,0,0,0,0,0,2
1883,OG0028135,0,0,0,0,0,2,0,0,0,0,0,0,2
1884,OG0028136,0,0,0,0,0,2,0,0,0,0,0,0,2
1885,OG0028137,0,0,0,0,0,2,0,0,0,0,0,0,2
1886,OG0028138,0,0,0,0,0,2,0,0,0,0,0,0,2
1888,OG0028140,0,0,0,0,0,2,0,0,0,0,0,0,2
1889,OG0028141,0,0,0,0,0,2,0,0,0,0,0,0,2
1891,OG0028143,0,0,0,0,0,2,0,0,0,0,0,0,2
1892,OG0028144,0,0,0,0,0,2,0,0,0,0,0,0,2
1893,OG0028145,0,0,0,0,0,2,0,0,0,0,0,0,2
1899,OG0028151,0,0,0,0,0,2,0,0,0,0,0,0,2
1903,OG0028155,0,0,0,0,0,2,0,0,0,0,0,0,2
1905,OG0028157,0,0,0,0,0,2,0,0,0,0,0,0,2
1907,OG0028159,0,0,0,0,0,2,0,0,0,0,0,0,2
1909,OG0028161,0,0,0,0,0,2,0,0,0,0,0,0,2
1911,OG0028163,0,0,0,0,0,2,0,0,0,0,0,0,2
1914,OG0028166,0,0,0,0,0,2,0,0,0,0,0,0,2
1917,OG0028169,0,0,0,0,0,2,0,0,0,0,0,0,2
1918,OG0028170,0,0,0,0,0,2,0,0,0,0,0,0,2
1919,OG0028171,0,0,0,0,0,2,0,0,0,0,0,0,2
1921,OG0028173,0,0,0,0,0,2,0,0,0,0,0,0,2
1922,OG0028174,0,0,0,0,0,2,0,0,0,0,0,0,2
1923,OG0028175,0,0,0,0,0,2,0,0,0,0,0,0,2
1926,OG0028178,0,0,0,0,0,2,0,0,0,0,0,0,2
1927,OG0028179,0,0,0,0,0,2,0,0,0,0,0,0,2
1928,OG0028180,0,0,0,0,0,2,0,0,0,0,0,0,2
1935,OG0028187,0,0,0,0,0,2,0,0,0,0,0,0,2
1936,OG0028188,0,0,0,0,0,2,0,0,0,0,0,0,2
1947,OG0028199,0,0,0,0,0,2,0,0,0,0,0,0,2
1948,OG0028200,0,0,0,0,0,2,0,0,0,0,0,0,2
1958,OG0028210,0,0,0,0,0,2,0,0,0,0,0,0,2
1963,OG0028215,0,0,0,0,0,2,0,0,0,0,0,0,2
1966,OG0028218,0,0,0,0,0,2,0,0,0,0,0,0,2
1969,OG0028221,0,0,0,0,0,2,0,0,0,0,0,0,2
1972,OG0028224,0,0,0,0,0,2,0,0,0,0,0,0,2
1973,OG0028225,0,0,0,0,0,2,0,0,0,0,0,0,2
1974,OG0028226,0,0,0,0,0,2,0,0,0,0,0,0,2
1978,OG0028230,0,0,0,0,0,2,0,0,0,0,0,0,2
1979,OG0028231,0,0,0,0,0,2,0,0,0,0,0,0,2
1981,OG0028233,0,0,0,0,0,2,0,0,0,0,0,0,2
1982,OG0028234,0,0,0,0,0,2,0,0,0,0,0,0,2
1986,OG0028238,0,0,0,0,0,2,0,0,0,0,0,0,2
1987,OG0028239,0,0,0,0,0,2,0,0,0,0,0,0,2
1988,OG0028240,0,0,0,0,0,2,0,0,0,0,0,0,2
1990,OG0028242,0,0,0,0,0,2,0,0,0,0,0,0,2
1991,OG0028243,0,0,0,0,0,2,0,0,0,0,0,0,2
1996,OG0028248,0,0,0,0,0,2,0,0,0,0,0,0,2
1998,OG0028250,0,0,0,0,0,2,0,0,0,0,0,0,2
2000,OG0028252,0,0,0,0,0,2,0,0,0,0,0,0,2
2001,OG0028253,0,0,0,0,0,2,0,0,0,0,0,0,2
2002,OG0028254,0,0,0,0,0,2,0,0,0,0,0,0,2
2011,OG0028263,0,0,0,0,0,2,0,0,0,0,0,0,2
2013,OG0028265,0,0,0,0,0,2,0,0,0,0,0,0,2
2025,OG0028277,0,0,0,0,0,2,0,0,0,0,0,0,2
21,OG0000086,0,0,0,0,1,1,0,0,0,125,0,0,127
37,OG0000174,0,0,0,0,0,1,0,0,0,95,0,0,96
59,OG0000468,31,2,0,0,1,1,1,7,9,8,1,6,67
65,OG0000533,1,2,0,1,2,1,3,11,12,6,12,13,64
72,OG0000587,0,1,0,0,6,1,3,0,0,1,51,0,63
76,OG0000626,3,2,0,0,29,1,16,4,0,6,0,0,61
80,OG0000694,5,7,0,0,5,1,4,8,6,7,5,11,59
83,OG0000717,0,1,0,4,1,1,52,0,0,0,0,0,59
86,OG0000730,8,1,0,1,3,1,1,8,5,1,3,26,58
92,OG0000750,0,0,0,0,0,1,2,0,0,49,6,0,58
100,OG0000830,0,36,0,0,17,1,0,0,0,2,0,0,56
118,OG0001049,6,1,0,2,1,1,5,7,19,1,4,4,51
130,OG0001207,0,1,0,0,1,1,5,15,14,2,1,9,49
133,OG0001241,4,2,0,3,1,1,1,18,6,4,2,6,48
135,OG0001267,0,0,0,26,2,1,6,4,0,9,0,0,48
143,OG0001338,44,0,0,0,0,1,0,0,0,0,1,0,46
144,OG0001347,4,0,0,0,0,1,1,3,5,7,5,20,46
147,OG0001374,2,1,0,2,2,1,1,25,3,3,2,4,46
165,OG0001508,0,0,0,0,0,1,0,0,0,44,0,0,45
183,OG0001726,8,4,0,1,4,1,0,4,13,1,1,5,42
185,OG0001743,7,17,0,0,2,1,0,0,9,6,0,0,42
188,OG0001756,7,2,0,0,0,1,1,5,8,2,6,10,42
190,OG0001766,1,4,0,2,4,1,1,1,8,12,6,2,42
195,OG0001779,3,1,0,2,1,1,1,14,5,3,2,9,42
203,OG0001833,1,3,0,2,16,1,2,2,2,2,9,1,41
216,OG0001976,18,2,0,1,5,1,1,1,0,3,2,6,40
225,OG0002107,1,0,0,0,0,1,1,6,9,0,2,19,39
227,OG0002115,5,2,0,0,2,1,1,11,4,4,0,9,39
242,OG0002228,4,3,0,1,1,1,1,5,4,3,2,13,38
244,OG0002252,4,0,0,0,21,1,0,4,0,7,1,0,38
257,OG0002385,4,1,0,1,1,1,2,5,2,4,6,10,37
264,OG0002446,3,0,0,0,2,1,0,7,9,1,2,12,37
272,OG0002516,0,1,0,1,16,1,0,6,0,1,2,9,37
276,OG0002563,19,1,0,2,1,1,2,3,3,1,3,0,36
277,OG0002570,2,2,0,0,1,1,0,17,2,2,7,2,36
295,OG0002685,7,3,0,2,2,1,1,6,1,3,3,6,35
299,OG0002732,2,1,0,0,1,1,0,11,7,3,2,7,35
312,OG0002843,0,0,0,0,32,1,0,0,0,2,0,0,35
314,OG0002866,2,1,0,4,1,1,6,11,2,4,1,1,34
318,OG0002927,10,1,0,0,2,1,1,9,2,3,3,2,34
330,OG0003031,4,3,0,2,2,1,1,2,2,2,3,12,34
336,OG0003080,2,1,0,5,0,1,1,7,3,3,1,9,33
351,OG0003193,1,1,0,2,2,1,1,15,2,1,1,6,33
355,OG0003202,2,1,0,1,1,1,1,20,2,1,1,2,33
362,OG0003235,3,2,0,2,2,1,1,3,8,2,3,6,33
375,OG0003395,1,1,0,2,1,1,1,15,2,3,1,4,32
380,OG0003426,3,0,0,0,1,1,1,11,4,1,3,7,32
387,OG0003506,0,2,0,1,1,1,1,3,6,3,3,11,32
392,OG0003554,4,1,0,2,1,1,1,14,2,1,1,3,31
393,OG0003559,4,1,0,3,1,1,2,11,2,0,2,4,31
394,OG0003577,5,0,0,0,0,1,4,5,4,3,4,5,31
415,OG0003731,2,1,0,1,0,1,1,5,3,3,1,13,31
421,OG0003801,6,2,0,1,2,1,2,4,3,1,5,3,30
424,OG0003805,5,1,0,2,1,1,1,0,6,6,1,6,30
450,OG0004041,7,0,0,0,0,1,0,3,0,0,3,15,29
453,OG0004057,3,0,0,13,0,1,1,1,1,0,9,0,29
463,OG0004201,1,1,0,3,9,1,0,4,3,1,1,5,29
466,OG0004222,5,1,0,1,12,1,0,3,3,1,1,1,29
470,OG0004264,2,2,0,1,4,1,2,10,0,2,2,3,29
489,OG0004606,0,0,0,1,0,1,1,1,3,0,4,17,28
510,OG0004873,1,3,0,3,1,1,1,11,1,2,2,1,27
513,OG0004913,2,1,0,2,1,1,1,5,3,4,1,6,27
515,OG0004958,1,1,0,4,1,1,0,5,4,2,3,5,27
516,OG0004981,0,3,0,0,8,1,0,2,7,1,5,0,27
518,OG0004989,0,1,0,3,1,1,1,2,1,3,0,14,27
527,OG0005101,3,6,0,0,3,1,3,1,2,5,1,1,26
548,OG0005282,2,2,0,2,2,1,1,6,3,2,1,4,26
556,OG0005364,0,21,0,0,3,1,1,0,0,0,0,0,26
558,OG0005372,0,1,0,0,0,1,1,9,1,4,6,3,26
562,OG0005422,3,1,0,1,1,1,1,3,5,1,3,5,25
565,OG0005468,4,2,0,1,1,1,1,1,6,4,1,3,25
570,OG0005505,3,0,0,1,0,1,2,0,7,0,6,5,25
571,OG0005512,2,2,0,4,2,1,1,2,2,4,2,3,25
580,OG0005610,1,1,0,3,1,1,1,4,5,1,3,4,25
581,OG0005628,1,1,0,1,1,1,1,3,7,5,1,3,25
584,OG0005665,1,1,0,1,1,1,1,4,2,1,1,11,25
587,OG0005693,4,1,0,0,1,1,1,7,2,6,1,1,25
599,OG0005838,2,0,0,1,0,1,1,6,6,1,1,5,24
608,OG0006004,4,1,0,2,1,1,1,4,2,1,1,6,24
615,OG0006184,5,1,0,2,1,1,1,8,2,2,0,1,24
620,OG0006262,0,1,0,1,1,1,1,0,12,1,2,4,24
622,OG0006271,0,0,0,0,1,1,6,0,0,0,16,0,24
623,OG0006275,0,0,0,0,0,1,0,22,1,0,0,0,24
628,OG0006334,3,1,0,7,2,1,2,1,2,0,2,2,23
629,OG0006337,2,2,0,2,2,1,1,5,1,1,1,5,23
630,OG0006340,3,1,0,1,0,1,1,4,1,1,4,6,23
642,OG0006446,1,5,0,1,6,1,1,2,1,3,1,1,23
649,OG0006506,2,2,0,2,1,1,2,5,2,1,2,3,23
650,OG0006516,2,1,0,2,1,1,1,5,2,3,1,4,23
655,OG0006575,1,1,0,2,1,1,1,10,2,1,1,2,23
658,OG0006596,2,1,0,1,2,1,1,4,2,3,3,3,23
676,OG0006758,4,1,0,1,1,1,1,5,3,1,1,4,23
681,OG0006787,0,1,0,0,0,1,0,0,19,0,2,0,23
684,OG0006803,0,0,0,15,1,1,6,0,0,0,0,0,23
685,OG0006840,1,1,0,2,1,1,1,8,3,1,1,2,22
691,OG0006937,2,1,0,0,0,1,2,5,2,5,0,4,22
698,OG0007022,1,1,0,3,1,1,2,1,2,4,3,3,22
701,OG0007035,2,1,0,2,1,1,1,7,4,1,1,1,22
711,OG0007206,1,2,0,2,1,1,1,6,1,2,2,3,22
712,OG0007223,4,0,0,1,1,1,1,10,2,1,0,1,22
713,OG0007234,5,1,0,1,1,1,1,1,2,2,1,6,22
723,OG0007377,2,1,0,1,1,1,1,2,1,1,2,8,21
725,OG0007396,1,1,0,1,1,1,1,3,2,7,1,2,21
727,OG0007441,1,1,0,2,1,1,1,7,3,2,1,1,21
734,OG0007529,2,3,0,1,1,1,1,2,3,1,2,4,21
738,OG0007572,1,1,0,1,1,1,1,4,4,1,2,4,21
744,OG0007677,1,2,0,2,2,1,0,3,0,4,2,4,21
758,OG0007883,1,1,0,1,1,1,1,1,2,1,2,9,21
760,OG0007888,2,0,0,1,0,1,1,1,7,1,4,3,21
761,OG0007904,1,1,0,1,2,1,1,4,3,1,1,5,21
763,OG0007925,1,1,0,1,0,1,1,0,2,0,2,12,21
769,OG0007953,0,0,0,0,0,1,0,0,0,0,20,0,21
770,OG0007981,3,1,0,1,1,1,1,3,3,1,1,4,20
772,OG0007997,2,0,0,2,1,1,2,5,1,3,0,3,20
778,OG0008081,3,2,0,0,2,1,1,4,1,3,1,2,20
781,OG0008106,6,1,0,0,1,1,0,2,2,3,2,2,20
786,OG0008152,2,1,0,1,1,1,1,8,1,3,1,0,20
789,OG0008186,1,1,0,2,1,1,1,3,2,2,0,6,20
792,OG0008194,1,1,0,1,1,1,0,2,2,3,2,6,20
793,OG0008195,1,2,0,2,1,1,2,3,5,2,0,1,20
802,OG0008264,1,1,0,1,2,1,2,0,0,8,2,2,20
810,OG0008373,12,0,0,1,1,1,1,2,0,0,1,1,20
816,OG0008426,3,1,0,1,2,1,1,3,4,1,1,2,20
817,OG0008440,1,1,0,1,3,1,1,2,6,1,2,1,20
821,OG0008459,2,1,0,0,0,1,0,7,1,2,2,4,20
828,OG0008547,0,3,0,0,3,1,2,0,0,2,1,8,20
830,OG0008559,0,0,0,0,0,1,1,2,9,0,1,6,20
834,OG0008620,1,1,0,1,1,1,1,6,2,3,1,1,19
836,OG0008657,2,1,0,1,1,1,1,2,6,1,1,2,19
844,OG0008723,2,1,0,3,1,1,1,3,2,2,1,2,19
846,OG0008765,1,1,0,1,1,1,1,6,2,1,1,3,19
847,OG0008772,1,1,0,2,0,1,1,6,1,1,2,3,19
854,OG0008827,1,1,0,1,1,1,1,5,2,1,1,4,19
858,OG0008867,1,1,0,1,1,1,1,4,2,3,1,3,19
859,OG0008871,1,0,0,1,1,1,2,6,2,1,1,3,19
868,OG0008975,3,1,0,1,1,1,1,4,2,1,1,3,19
877,OG0009105,5,2,0,1,1,1,1,4,1,1,0,2,19
879,OG0009171,1,2,0,1,2,1,1,0,3,2,1,5,19
880,OG0009190,0,1,0,1,0,1,3,4,2,1,1,5,19
881,OG0009191,0,1,0,3,1,1,1,3,4,2,2,1,19
882,OG0009193,0,1,0,1,1,1,1,0,0,2,0,12,19
885,OG0009217,0,0,0,0,0,1,0,1,0,17,0,0,19
886,OG0009218,0,0,0,0,0,1,18,0,0,0,0,0,19
891,OG0009314,3,0,0,1,1,1,2,2,2,4,1,1,18
898,OG0009392,1,2,0,1,1,1,1,3,2,2,1,3,18
899,OG0009403,4,1,0,1,1,1,1,4,2,1,1,1,18
911,OG0009519,2,1,0,1,1,1,1,3,2,2,2,2,18
912,OG0009551,1,1,0,2,1,1,1,3,2,1,1,4,18
915,OG0009578,3,1,0,1,1,1,1,2,2,1,0,5,18
918,OG0009689,2,1,0,2,1,1,1,4,0,1,0,5,18
920,OG0009734,1,2,0,1,2,1,1,3,3,4,0,0,18
921,OG0009737,2,1,0,1,2,1,1,1,0,1,0,8,18
933,OG0009852,1,2,0,1,1,1,1,3,3,2,2,1,18
934,OG0009862,1,1,0,1,1,1,1,2,2,2,1,5,18
935,OG0009890,0,11,0,0,1,1,0,0,0,0,5,0,18
937,OG0009895,0,2,0,1,9,1,2,0,0,2,1,0,18
938,OG0009897,0,1,0,2,1,1,1,5,2,2,1,2,18
940,OG0009900,0,1,0,1,2,1,1,6,2,1,1,2,18
941,OG0009909,0,1,0,2,1,1,1,4,3,2,0,3,18
944,OG0009921,0,0,0,1,0,1,3,0,0,11,0,2,18
945,OG0009922,0,0,0,1,1,1,0,10,3,0,2,0,18
958,OG0010137,1,1,0,0,1,1,1,2,2,2,1,5,17
961,OG0010210,1,1,0,2,1,1,2,4,2,1,1,1,17
963,OG0010227,1,2,0,1,3,1,1,4,1,1,1,1,17
966,OG0010290,1,0,0,2,0,1,2,0,0,0,8,3,17
972,OG0010389,1,0,0,3,0,1,1,0,6,1,4,0,17
973,OG0010410,2,1,0,1,1,1,1,3,5,1,1,0,17
975,OG0010439,2,1,0,1,1,1,1,2,1,2,2,3,17
976,OG0010448,1,0,0,2,1,1,2,1,4,2,2,1,17
978,OG0010484,1,1,0,1,0,1,1,3,2,2,1,4,17
981,OG0010545,0,1,0,1,2,1,1,3,6,1,1,0,17
982,OG0010557,0,1,0,1,1,1,1,2,3,3,1,3,17
984,OG0010561,0,4,0,4,1,1,1,2,2,0,1,1,17
985,OG0010580,0,0,0,0,0,1,0,2,14,0,0,0,17
986,OG0010581,0,0,0,0,0,1,0,0,0,16,0,0,17
987,OG0010635,2,1,0,1,1,1,1,4,1,2,1,1,16
988,OG0010655,1,0,0,2,0,1,1,5,2,0,3,1,16
995,OG0010746,1,0,0,0,4,1,0,6,1,2,1,0,16
996,OG0010750,2,0,0,1,1,1,1,5,2,1,1,1,16
999,OG0010785,2,1,0,1,1,1,1,3,2,1,1,2,16
1000,OG0010799,1,1,0,0,1,1,1,4,2,3,1,1,16
1004,OG0010817,1,2,0,1,1,1,1,4,2,1,1,1,16
1006,OG0010879,1,2,0,1,1,1,1,3,2,1,1,2,16
1010,OG0010938,3,1,0,2,2,1,1,3,0,2,1,0,16
1013,OG0010953,1,2,0,1,1,1,1,2,2,2,1,2,16
1015,OG0010957,3,1,0,0,2,1,1,3,2,0,1,2,16
1018,OG0010989,4,1,0,0,1,1,0,0,3,1,1,4,16
1022,OG0011034,2,1,0,1,1,1,1,3,2,1,1,2,16
1031,OG0011197,2,1,0,1,1,1,1,4,1,2,1,1,16
1035,OG0011233,0,9,0,0,0,1,0,0,2,0,2,2,16
1037,OG0011245,0,1,0,1,0,1,1,8,0,1,1,2,16
1039,OG0011263,0,1,0,0,1,1,1,5,3,1,1,2,16
1040,OG0011265,0,3,0,2,1,1,1,0,2,2,3,1,16
1043,OG0011294,0,0,0,0,0,1,0,0,14,0,0,1,16
1044,OG0011295,0,0,0,0,0,1,0,2,0,13,0,0,16
1046,OG0011395,1,1,0,5,1,1,1,0,1,1,1,2,15
1054,OG0011482,1,2,0,0,1,1,1,1,5,1,1,1,15
1057,OG0011501,3,1,0,1,1,1,1,3,0,1,0,3,15
1058,OG0011511,1,2,0,1,1,1,1,2,2,1,1,2,15
1060,OG0011528,2,1,0,1,0,1,1,2,2,1,1,3,15
1061,OG0011530,1,1,0,1,1,1,1,4,1,1,1,2,15
1063,OG0011534,1,1,0,1,1,1,1,5,1,1,1,1,15
1066,OG0011583,1,2,0,1,1,1,1,5,0,1,1,1,15
1068,OG0011644,1,1,0,1,1,1,1,3,2,1,1,2,15
1070,OG0011697,1,1,0,1,1,1,1,2,2,2,1,2,15
1071,OG0011700,1,1,0,2,1,1,1,2,1,1,1,3,15
1073,OG0011712,2,1,0,1,1,1,0,1,2,1,1,4,15
1078,OG0011810,1,0,0,1,2,1,0,2,1,1,1,5,15
1079,OG0011821,1,2,0,1,1,1,1,2,4,1,0,1,15
1081,OG0011862,2,1,0,2,1,1,1,2,1,1,1,2,15
1084,OG0011888,0,1,0,4,1,1,2,2,2,1,0,1,15
1089,OG0012014,12,0,0,0,0,1,0,0,0,0,1,0,14
1090,OG0012033,1,1,0,1,1,1,1,2,1,1,3,1,14
1091,OG0012036,1,2,0,2,1,1,1,2,1,1,1,1,14
1092,OG0012056,1,1,0,2,1,1,1,3,1,1,0,2,14
1093,OG0012058,2,1,0,2,1,1,1,2,2,1,0,1,14
1094,OG0012063,1,1,0,2,1,1,1,1,3,1,1,1,14
1095,OG0012110,1,1,0,1,1,1,1,1,3,1,1,2,14
1097,OG0012147,1,0,0,0,0,1,10,0,0,0,2,0,14
1098,OG0012152,1,1,0,1,0,1,1,1,1,5,1,1,14
1100,OG0012167,1,0,0,1,0,1,0,0,1,1,9,0,14
1101,OG0012173,2,1,0,3,1,1,1,2,0,1,1,1,14
1104,OG0012205,1,1,0,1,1,1,1,2,2,1,2,1,14
1105,OG0012208,3,1,0,1,1,1,1,2,1,1,1,1,14
1106,OG0012220,2,1,0,1,1,1,1,2,1,1,2,1,14
1107,OG0012227,2,1,0,1,1,1,1,2,1,1,2,1,14
1108,OG0012229,1,0,0,1,1,1,1,3,2,2,1,1,14
1110,OG0012251,1,1,0,1,1,1,1,4,2,1,0,1,14
1112,OG0012265,1,0,0,1,1,1,1,4,2,1,1,1,14
1113,OG0012269,1,1,0,2,0,1,1,4,1,1,1,1,14
1116,OG0012313,2,1,0,1,1,1,1,1,2,2,1,1,14
1118,OG0012321,1,1,0,2,1,1,1,4,0,1,1,1,14
1119,OG0012343,1,0,0,1,0,1,0,1,4,1,1,4,14
1121,OG0012409,1,1,0,2,1,1,1,2,1,1,1,2,14
1122,OG0012418,1,1,0,1,1,1,1,2,1,3,1,1,14
1124,OG0012441,0,1,0,2,1,1,1,1,1,1,1,4,14
1125,OG0012446,0,1,0,1,0,1,0,0,1,1,9,0,14
1126,OG0012447,0,4,0,0,6,1,0,0,0,3,0,0,14
1129,OG0012460,0,1,0,1,1,1,1,1,2,4,1,1,14
1133,OG0012489,0,0,0,1,2,1,1,2,5,1,0,1,14
1134,OG0012587,5,1,0,1,1,1,0,0,1,1,1,1,13
1139,OG0012674,1,1,0,1,1,1,1,2,1,1,1,2,13
1141,OG0012714,1,1,0,1,1,1,1,2,2,1,1,1,13
1143,OG0012757,1,1,0,3,1,1,1,1,0,1,1,2,13
1144,OG0012759,1,1,0,1,1,1,1,0,2,1,1,3,13
1146,OG0012770,1,1,0,1,1,1,1,1,1,1,3,1,13
1147,OG0012785,2,0,0,1,1,1,2,2,1,0,1,2,13
1149,OG0012798,1,1,0,1,1,1,1,2,2,1,1,1,13
1150,OG0012842,1,0,0,1,1,1,1,2,1,2,1,2,13
1151,OG0012845,4,1,0,1,1,1,1,2,0,1,0,1,13
1152,OG0012852,1,1,0,1,1,1,1,2,2,1,1,1,13
1154,OG0012878,1,1,0,1,1,1,1,2,1,2,1,1,13
1155,OG0012879,1,1,0,1,1,1,1,2,0,1,1,3,13
1156,OG0012883,1,1,0,0,1,1,1,1,1,0,2,4,13
1157,OG0012917,1,0,0,2,0,1,1,6,0,0,1,1,13
1158,OG0012930,0,1,0,2,1,1,1,0,3,2,1,1,13
1159,OG0012931,0,1,0,0,0,1,0,1,4,0,0,6,13
1161,OG0012945,0,1,0,1,4,1,1,0,2,1,1,1,13
1163,OG0012950,0,1,0,0,0,1,0,1,0,1,0,9,13
1164,OG0012951,0,1,0,2,1,1,1,0,0,2,4,1,13
1165,OG0012952,0,1,0,1,1,1,0,4,0,2,0,3,13
1166,OG0012956,0,2,0,1,3,1,1,2,0,2,0,1,13
1168,OG0012976,0,1,0,2,1,1,0,2,2,1,1,2,13
1169,OG0012979,0,1,0,5,3,1,1,0,0,1,1,0,13
1170,OG0012980,0,9,0,3,0,1,0,0,0,0,0,0,13
1171,OG0012984,0,1,0,2,4,1,1,0,2,2,0,0,13
1172,OG0013013,0,0,0,2,1,1,0,1,1,4,2,1,13
1176,OG0013022,0,0,0,0,0,1,0,12,0,0,0,0,13
1177,OG0013023,0,0,0,0,0,1,0,0,0,7,2,3,13
1178,OG0013124,1,1,0,1,1,1,1,2,1,1,1,1,12
1179,OG0013134,2,0,0,0,0,1,1,0,0,4,2,2,12
1180,OG0013142,2,1,0,1,1,1,1,2,1,1,1,0,12
1181,OG0013150,1,1,0,1,1,1,0,2,2,1,1,1,12
1182,OG0013169,2,1,0,2,1,1,1,2,0,1,1,0,12
1183,OG0013170,1,1,0,1,1,1,1,1,1,1,1,2,12
1185,OG0013196,1,1,0,0,1,1,1,4,0,1,1,1,12
1186,OG0013201,1,1,0,0,0,1,0,0,4,1,1,3,12
1187,OG0013223,1,1,0,1,1,1,1,1,2,1,1,1,12
1188,OG0013227,4,0,0,1,1,1,1,1,0,1,1,1,12
1189,OG0013229,1,0,0,1,0,1,1,4,2,0,1,1,12
1190,OG0013236,1,1,0,1,1,1,0,2,2,1,2,0,12
1191,OG0013261,1,1,0,1,1,1,1,2,0,2,1,1,12
1192,OG0013282,1,0,0,1,1,1,1,3,1,1,1,1,12
1193,OG0013288,1,1,0,1,1,1,1,2,1,1,1,1,12
1194,OG0013291,1,1,0,0,0,1,1,3,2,1,1,1,12
1195,OG0013297,1,2,0,1,1,1,2,1,0,2,0,1,12
1196,OG0013328,1,1,0,1,2,1,1,1,1,1,2,0,12
1197,OG0013335,1,0,0,2,1,1,1,1,2,1,1,1,12
1198,OG0013340,1,1,0,1,1,1,2,1,1,1,1,1,12
1202,OG0013382,0,2,0,0,2,1,1,1,1,2,1,1,12
1204,OG0013387,0,1,0,1,1,1,1,1,0,1,3,2,12
1205,OG0013388,0,3,0,1,1,1,1,0,1,3,0,1,12
1206,OG0013389,0,2,0,0,2,1,0,0,0,7,0,0,12
1210,OG0013414,0,1,0,1,1,1,1,2,2,1,1,1,12
1212,OG0013470,0,0,0,0,11,1,0,0,0,0,0,0,12
1213,OG0013471,0,0,0,0,11,1,0,0,0,0,0,0,12
1215,OG0013476,0,0,0,0,0,1,0,0,11,0,0,0,12
1216,OG0013569,1,2,0,1,2,1,1,0,0,2,0,1,11
1218,OG0013576,2,2,0,2,1,1,0,0,1,1,0,1,11
1219,OG0013581,1,0,0,2,0,1,0,5,0,0,0,2,11
1220,OG0013590,1,0,0,2,1,1,1,1,1,1,1,1,11
1223,OG0013633,2,1,0,1,1,1,0,2,1,1,1,0,11
1224,OG0013638,1,0,0,1,0,1,1,1,3,1,1,1,11
1225,OG0013640,1,0,0,1,1,1,1,2,2,1,1,0,11
1226,OG0013667,1,0,0,0,0,1,5,0,0,1,2,1,11
1227,OG0013683,1,2,0,1,0,1,1,1,1,0,0,3,11
1228,OG0013727,4,0,0,1,1,1,1,2,0,0,0,1,11
1229,OG0013728,1,1,0,2,1,1,1,0,0,1,0,3,11
1230,OG0013731,1,1,0,1,1,1,1,2,1,1,1,0,11
1231,OG0013737,1,0,0,1,1,1,1,2,1,0,1,2,11
1232,OG0013746,1,1,0,1,1,1,1,2,1,1,0,1,11
1233,OG0013753,1,1,0,1,1,1,1,1,0,2,0,2,11
1234,OG0013756,3,0,0,0,0,1,1,2,3,0,1,0,11
1235,OG0013761,1,0,0,0,1,1,0,0,0,1,0,7,11
1236,OG0013780,1,1,0,1,1,1,1,1,1,1,1,1,11
1237,OG0013796,0,2,0,2,1,1,1,1,0,2,0,1,11
1238,OG0013801,0,1,0,2,1,1,1,0,0,1,4,0,11
1239,OG0013805,0,1,0,1,1,1,1,2,2,1,0,1,11
1241,OG0013815,0,1,0,1,1,1,0,4,1,0,1,1,11
1242,OG0013816,0,1,0,2,1,1,1,0,2,2,1,0,11
1243,OG0013817,0,4,0,0,4,1,1,0,0,1,0,0,11
1245,OG0013826,0,2,0,1,1,1,0,0,0,6,0,0,11
1246,OG0013827,0,2,0,2,1,1,2,0,0,1,0,2,11
1247,OG0013840,0,1,0,0,1,1,1,3,0,0,0,4,11
1248,OG0013844,0,2,0,3,1,1,1,0,0,2,0,1,11
1249,OG0013845,0,3,0,0,3,1,0,0,0,4,0,0,11
1250,OG0013851,0,1,0,2,1,1,1,0,2,1,1,1,11
1251,OG0013856,0,1,0,1,1,1,1,2,1,1,1,1,11
1252,OG0013861,0,1,0,1,1,1,0,0,1,2,4,0,11
1253,OG0013900,0,0,0,2,3,1,5,0,0,0,0,0,11
1259,OG0014026,1,1,0,0,0,1,0,2,2,1,0,2,10
1260,OG0014029,6,0,0,0,0,1,0,0,0,3,0,0,10
1262,OG0014048,2,1,0,1,1,1,2,0,1,0,0,1,10
1263,OG0014052,1,1,0,0,1,1,1,1,1,1,1,1,10
1264,OG0014053,4,0,0,5,0,1,0,0,0,0,0,0,10
1265,OG0014062,2,1,0,2,1,1,1,0,0,1,0,1,10
1266,OG0014084,3,0,0,0,0,1,0,1,0,5,0,0,10
1267,OG0014092,1,1,0,0,1,1,1,2,1,1,1,0,10
1268,OG0014096,1,1,0,1,1,1,0,5,0,0,0,0,10
1271,OG0014118,1,1,0,1,0,1,1,0,3,1,0,1,10
1272,OG0014130,1,1,0,0,1,1,0,1,1,1,2,1,10
1273,OG0014141,1,1,0,1,1,1,0,1,1,1,1,1,10
1274,OG0014147,3,1,0,0,1,1,1,0,1,1,0,1,10
1276,OG0014164,1,1,0,1,1,1,1,1,1,1,0,1,10
1277,OG0014169,3,1,0,0,1,1,1,0,1,1,0,1,10
1279,OG0014174,1,1,0,3,1,1,0,0,1,0,1,1,10
1281,OG0014196,1,3,0,1,1,1,1,0,0,1,0,1,10
1282,OG0014230,0,1,0,1,1,1,3,0,0,3,0,0,10
1283,OG0014231,0,1,0,2,1,1,1,0,2,1,0,1,10
1284,OG0014234,0,1,0,0,0,1,1,0,0,7,0,0,10
1285,OG0014235,0,1,0,1,1,1,1,0,2,1,1,1,10
1286,OG0014238,0,2,0,1,1,1,1,0,0,4,0,0,10
1287,OG0014241,0,1,0,1,0,1,1,2,3,1,0,0,10
1288,OG0014244,0,2,0,1,2,1,1,0,0,3,0,0,10
1289,OG0014247,0,1,0,0,0,1,0,1,2,0,1,4,10
1292,OG0014258,0,1,0,0,0,1,0,0,8,0,0,0,10
1293,OG0014268,0,1,0,0,7,1,0,0,0,1,0,0,10
1294,OG0014269,0,1,0,1,1,1,1,0,3,0,1,1,10
1299,OG0014318,0,0,0,1,0,1,0,0,8,0,0,0,10
1301,OG0014330,0,0,0,0,2,1,0,0,0,7,0,0,10
1305,OG0014335,0,0,0,0,0,1,0,0,1,0,7,1,10
1306,OG0014482,1,1,0,1,1,1,0,0,0,1,1,2,9
1308,OG0014524,1,0,0,0,1,1,1,2,1,0,1,1,9
1310,OG0014529,2,0,0,0,1,1,1,0,1,0,2,1,9
1311,OG0014550,1,0,0,1,1,1,1,1,1,1,0,1,9
1312,OG0014555,3,0,0,2,0,1,1,0,0,0,0,2,9
1313,OG0014562,1,1,0,1,1,1,0,1,0,0,0,3,9
1314,OG0014566,1,0,0,1,0,1,1,2,0,1,0,2,9
1316,OG0014594,2,0,0,1,0,1,1,0,2,0,1,1,9
1317,OG0014598,1,1,0,0,1,1,1,1,1,1,0,1,9
1318,OG0014618,1,1,0,0,1,1,0,1,1,1,1,1,9
1319,OG0014619,1,0,0,1,0,1,0,0,1,1,0,4,9
1321,OG0014634,1,0,0,1,0,1,0,2,1,0,0,3,9
1322,OG0014638,1,0,0,2,0,1,1,1,2,0,0,1,9
1323,OG0014642,1,0,0,1,1,1,1,2,1,0,0,1,9
1324,OG0014644,1,0,0,0,2,1,1,3,0,0,0,1,9
1325,OG0014660,1,0,0,3,0,1,2,0,0,2,0,0,9
1326,OG0014663,4,0,0,1,0,1,1,0,0,0,0,2,9
1327,OG0014669,3,0,0,1,0,1,0,0,2,0,1,1,9
1328,OG0014678,0,1,0,2,1,1,0,0,1,2,1,0,9
1329,OG0014690,0,2,0,1,0,1,0,0,2,0,1,2,9
1330,OG0014696,0,2,0,2,0,1,1,0,0,1,1,1,9
1331,OG0014698,0,1,0,1,1,1,1,0,0,3,1,0,9
1332,OG0014700,0,1,0,1,1,1,1,0,2,1,1,0,9
1334,OG0014712,0,1,0,0,1,1,0,0,3,2,0,1,9
1335,OG0014713,0,1,0,2,1,1,1,0,0,3,0,0,9
1337,OG0014720,0,2,0,3,1,1,1,0,1,0,0,0,9
1339,OG0014782,0,0,0,1,1,1,0,0,3,1,2,0,9
1340,OG0014783,0,0,0,1,0,1,0,0,0,2,0,5,9
1342,OG0014786,0,0,0,1,0,1,6,0,0,0,1,0,9
1343,OG0014788,0,0,0,1,0,1,1,5,0,0,0,1,9
1348,OG0014810,0,0,0,0,0,1,0,0,8,0,0,0,9
1349,OG0014811,0,0,0,0,0,1,1,1,0,0,0,6,9
1350,OG0015044,2,0,0,0,0,1,0,0,0,2,2,1,8
1351,OG0015055,1,0,0,0,0,1,0,3,1,0,1,1,8
1352,OG0015062,1,0,0,1,0,1,1,2,0,0,1,1,8
1353,OG0015068,1,1,0,1,1,1,1,0,1,1,0,0,8
1354,OG0015081,1,0,0,1,1,1,1,0,0,1,1,1,8
1355,OG0015114,4,0,0,2,0,1,0,0,1,0,0,0,8
1357,OG0015132,1,0,0,1,1,1,0,1,1,0,1,1,8
1358,OG0015140,1,0,0,1,1,1,1,0,0,2,0,1,8
1359,OG0015154,1,0,0,5,0,1,1,0,0,0,0,0,8
1362,OG0015176,1,0,0,1,0,1,1,0,1,0,1,2,8
1363,OG0015178,1,0,0,1,0,1,1,1,0,1,1,1,8
1364,OG0015189,1,1,0,2,1,1,1,0,0,0,0,1,8
1366,OG0015212,1,0,0,1,2,1,1,0,0,1,0,1,8
1367,OG0015215,1,1,0,1,1,1,0,1,1,0,0,1,8
1368,OG0015217,0,1,0,1,1,1,1,0,0,3,0,0,8
1369,OG0015221,0,1,0,0,2,1,2,0,0,2,0,0,8
1370,OG0015223,0,1,0,1,1,1,1,0,0,1,2,0,8
1372,OG0015235,0,1,0,2,1,1,0,0,2,0,1,0,8
1373,OG0015266,0,1,0,1,1,1,1,0,0,3,0,0,8
1374,OG0015278,0,1,0,2,1,1,1,0,0,2,0,0,8
1375,OG0015282,0,1,0,1,2,1,1,0,0,2,0,0,8
1378,OG0015359,0,0,0,1,0,1,0,1,2,1,1,1,8
1379,OG0015362,0,0,0,2,2,1,1,0,0,2,0,0,8
1380,OG0015363,0,0,0,4,1,1,2,0,0,0,0,0,8
1382,OG0015395,0,0,0,0,0,1,0,1,5,0,1,0,8
1383,OG0015396,0,0,0,0,0,1,0,1,4,1,1,0,8
1385,OG0015398,0,0,0,0,0,1,2,0,0,0,3,2,8
1387,OG0015400,0,0,0,0,0,1,5,0,0,0,2,0,8
1388,OG0015401,0,0,0,0,0,1,0,0,2,1,0,4,8
1389,OG0015402,0,0,0,0,0,1,1,0,3,0,0,3,8
1390,OG0015403,0,0,0,0,0,1,0,1,4,0,1,1,8
1391,OG0015404,0,0,0,0,0,1,0,0,0,0,2,5,8
1392,OG0015745,2,0,0,0,0,1,0,0,1,0,1,2,7
1393,OG0015747,1,0,0,0,0,1,0,0,0,1,0,4,7
1394,OG0015779,2,0,0,2,0,1,1,0,0,0,0,1,7
1395,OG0015781,4,0,0,0,0,1,0,0,2,0,0,0,7
1396,OG0015784,1,0,0,1,0,1,1,0,1,0,1,1,7
1397,OG0015803,1,0,0,0,0,1,0,0,1,1,0,3,7
1399,OG0015863,0,3,0,0,0,1,0,0,0,1,1,1,7
1400,OG0015868,0,1,0,0,2,1,0,3,0,0,0,0,7
1401,OG0015873,0,6,0,0,0,1,0,0,0,0,0,0,7
1402,OG0015877,0,3,0,0,0,1,0,0,1,0,1,1,7
1403,OG0015887,0,2,0,0,0,1,0,1,0,1,2,0,7
1404,OG0015893,0,1,0,0,1,1,0,0,0,2,1,1,7
1407,OG0015900,0,1,0,1,1,1,0,0,0,2,0,1,7
1408,OG0015902,0,1,0,1,1,1,2,0,0,1,0,0,7
1410,OG0015908,0,1,0,1,0,1,0,0,4,0,0,0,7
1411,OG0015909,0,1,0,0,0,1,0,4,0,1,0,0,7
1412,OG0015911,0,1,0,2,1,1,0,0,0,2,0,0,7
1413,OG0015917,0,1,0,2,1,1,0,0,0,2,0,0,7
1414,OG0015918,0,1,0,0,1,1,1,0,0,3,0,0,7
1415,OG0015921,0,1,0,1,0,1,1,0,1,1,1,0,7
1416,OG0015923,0,1,0,2,1,1,1,0,0,1,0,0,7
1417,OG0015929,0,1,0,0,0,1,0,0,2,1,2,0,7
1418,OG0016039,0,0,0,4,0,1,2,0,0,0,0,0,7
1421,OG0016046,0,0,0,1,1,1,2,0,0,1,1,0,7
1422,OG0016047,0,0,0,1,0,1,5,0,0,0,0,0,7
1424,OG0016054,0,0,0,1,0,1,0,0,3,2,0,0,7
1425,OG0016055,0,0,0,1,2,1,0,0,0,3,0,0,7
1429,OG0016061,0,0,0,1,3,1,0,0,2,0,0,0,7
1430,OG0016074,0,0,0,0,1,1,1,0,2,1,1,0,7
1431,OG0016076,0,0,0,0,6,1,0,0,0,0,0,0,7
1434,OG0016086,0,0,0,0,0,1,0,0,6,0,0,0,7
1436,OG0016088,0,0,0,0,0,1,0,0,0,0,6,0,7
1437,OG0016089,0,0,0,0,0,1,0,4,0,1,1,0,7
1439,OG0016091,0,0,0,0,0,1,0,0,0,0,0,6,7
1441,OG0016093,0,0,0,0,0,1,6,0,0,0,0,0,7
1442,OG0016094,0,0,0,0,0,1,0,0,0,1,0,5,7
1443,OG0016095,0,0,0,0,0,1,0,0,4,0,2,0,7
1444,OG0016096,0,0,0,0,0,1,1,0,1,0,0,4,7
1445,OG0016097,0,0,0,0,0,1,1,3,1,0,0,1,7
1446,OG0016098,0,0,0,0,0,1,0,0,6,0,0,0,7
1447,OG0016561,1,0,0,1,0,1,0,0,0,0,2,1,6
1448,OG0016617,1,0,0,0,0,1,0,0,0,0,0,4,6
1449,OG0016666,2,0,0,0,0,1,0,0,0,0,1,2,6
1450,OG0016698,1,0,0,1,0,1,1,0,0,0,1,1,6
1453,OG0016756,0,1,0,2,1,1,1,0,0,0,0,0,6
1455,OG0016769,0,1,0,0,0,1,0,0,0,2,1,1,6
1456,OG0016771,0,1,0,0,1,1,2,0,0,1,0,0,6
1457,OG0016781,0,2,0,0,0,1,1,0,0,0,0,2,6
1458,OG0016799,0,1,0,0,1,1,1,1,0,1,0,0,6
1459,OG0016801,0,1,0,1,1,1,1,0,0,1,0,0,6
1460,OG0016807,0,1,0,0,1,1,2,0,0,1,0,0,6
1461,OG0016814,0,1,0,1,1,1,1,0,0,1,0,0,6
1462,OG0016815,0,1,0,0,1,1,0,0,0,3,0,0,6
1464,OG0016821,0,1,0,0,0,1,0,0,0,0,1,3,6
1465,OG0016824,0,1,0,0,0,1,1,1,0,1,0,1,6
1466,OG0016825,0,1,0,1,1,1,1,0,0,1,0,0,6
1467,OG0016829,0,1,0,1,0,1,1,0,2,0,0,0,6
1468,OG0016830,0,1,0,0,1,1,1,0,0,2,0,0,6
1469,OG0016833,0,1,0,1,1,1,1,0,0,1,0,0,6
1470,OG0016836,0,5,0,0,0,1,0,0,0,0,0,0,6
1471,OG0016838,0,4,0,0,0,1,0,0,0,0,0,1,6
1472,OG0016845,0,1,0,1,0,1,0,0,3,0,0,0,6
1473,OG0016846,0,1,0,1,0,1,1,0,0,0,1,1,6
1475,OG0016973,0,0,0,1,3,1,1,0,0,0,0,0,6
1476,OG0016976,0,0,0,2,1,1,1,0,0,1,0,0,6
1477,OG0016979,0,0,0,2,0,1,0,0,0,3,0,0,6
1478,OG0016980,0,0,0,4,0,1,1,0,0,0,0,0,6
1479,OG0016981,0,0,0,1,0,1,0,2,0,1,0,1,6
1481,OG0016985,0,0,0,1,0,1,0,1,0,0,2,1,6
1483,OG0016987,0,0,0,1,0,1,1,2,0,0,0,1,6
1484,OG0016989,0,0,0,1,0,1,0,0,2,0,1,1,6
1485,OG0016992,0,0,0,1,0,1,0,1,3,0,0,0,6
1489,OG0016999,0,0,0,1,0,1,4,0,0,0,0,0,6
1490,OG0017000,0,0,0,1,0,1,0,0,2,0,1,1,6
1491,OG0017002,0,0,0,1,2,1,2,0,0,0,0,0,6
1492,OG0017022,0,0,0,0,1,1,1,0,0,0,1,2,6
1494,OG0017037,0,0,0,0,0,1,1,0,0,0,0,4,6
1499,OG0017042,0,0,0,0,0,1,1,0,2,0,0,2,6
1502,OG0017045,0,0,0,0,0,1,0,0,0,1,0,4,6
1503,OG0017046,0,0,0,0,0,1,2,3,0,0,0,0,6
1504,OG0017047,0,0,0,0,0,1,5,0,0,0,0,0,6
1505,OG0017048,0,0,0,0,0,1,0,0,0,1,0,4,6
1506,OG0017049,0,0,0,0,0,1,0,3,0,2,0,0,6
1507,OG0017590,1,0,0,0,0,1,1,0,0,0,2,0,5
1508,OG0017613,1,1,0,1,0,1,0,1,0,0,0,0,5
1509,OG0017653,1,0,0,0,1,1,0,0,0,0,1,1,5
1510,OG0017654,2,1,0,0,0,1,0,0,1,0,0,0,5
1511,OG0017666,1,0,0,0,0,1,0,0,3,0,0,0,5
1512,OG0017691,1,0,0,0,0,1,0,0,1,0,1,1,5
1514,OG0017736,1,0,0,0,1,1,1,0,0,1,0,0,5
1515,OG0017768,2,0,0,0,0,1,0,0,0,1,0,1,5
1516,OG0017820,3,0,0,0,0,1,0,0,0,0,1,0,5
1517,OG0017842,1,0,0,0,0,1,0,0,1,2,0,0,5
1518,OG0017853,0,1,0,0,1,1,1,0,0,1,0,0,5
1520,OG0017879,0,1,0,0,1,1,1,0,0,1,0,0,5
1521,OG0017901,0,1,0,0,0,1,0,0,2,0,1,0,5
1522,OG0017903,0,1,0,1,0,1,1,0,0,1,0,0,5
1523,OG0017911,0,1,0,0,0,1,1,0,0,1,0,1,5
1524,OG0017923,0,1,0,0,0,1,0,0,0,1,2,0,5
1525,OG0017928,0,2,0,0,0,1,0,0,0,0,2,0,5
1527,OG0017939,0,2,0,0,0,1,0,0,0,1,0,1,5
1528,OG0017941,0,1,0,0,3,1,0,0,0,0,0,0,5
1529,OG0017949,0,1,0,0,0,1,0,1,1,0,0,1,5
1530,OG0017960,0,1,0,0,0,1,0,0,0,0,3,0,5
1531,OG0017963,0,1,0,0,0,1,0,0,0,3,0,0,5
1532,OG0017969,0,1,0,0,0,1,0,1,1,1,0,0,5
1533,OG0017977,0,1,0,0,1,1,0,0,2,0,0,0,5
1534,OG0017978,0,1,0,1,1,1,0,0,0,0,0,1,5
1535,OG0017983,0,1,0,0,0,1,0,0,1,2,0,0,5
1536,OG0017986,0,1,0,0,0,1,1,1,1,0,0,0,5
1537,OG0017988,0,1,0,1,1,1,1,0,0,0,0,0,5
1538,OG0017997,0,1,0,0,0,1,0,0,0,0,1,2,5
1539,OG0017999,0,1,0,0,0,1,0,0,0,3,0,0,5
1540,OG0018001,0,1,0,1,1,1,0,0,0,1,0,0,5
1541,OG0018218,0,0,0,1,1,1,0,2,0,0,0,0,5
1542,OG0018220,0,0,0,2,0,1,1,0,0,0,1,0,5
1543,OG0018225,0,0,0,1,0,1,1,2,0,0,0,0,5
1544,OG0018226,0,0,0,1,0,1,1,1,0,0,0,1,5
1545,OG0018230,0,0,0,1,0,1,0,0,1,1,0,1,5
1546,OG0018231,0,0,0,4,0,1,0,0,0,0,0,0,5
1548,OG0018237,0,0,0,3,0,1,1,0,0,0,0,0,5
1549,OG0018240,0,0,0,2,0,1,2,0,0,0,0,0,5
1551,OG0018242,0,0,0,1,0,1,1,0,0,0,0,2,5
1552,OG0018247,0,0,0,1,0,1,1,0,0,2,0,0,5
1555,OG0018251,0,0,0,1,0,1,3,0,0,0,0,0,5
1557,OG0018294,0,0,0,0,1,1,0,0,0,3,0,0,5
1558,OG0018296,0,0,0,0,1,1,0,0,0,0,3,0,5
1559,OG0018303,0,0,0,0,0,1,0,0,0,0,1,3,5
1562,OG0018306,0,0,0,0,0,1,4,0,0,0,0,0,5
1564,OG0018308,0,0,0,0,0,1,0,0,0,0,0,4,5
1565,OG0018309,0,0,0,0,0,1,0,0,2,0,0,2,5
1567,OG0018311,0,0,0,0,0,1,3,0,0,0,1,0,5
1568,OG0018312,0,0,0,0,0,1,0,1,1,1,1,0,5
1570,OG0018314,0,0,0,0,0,1,0,0,0,0,0,4,5
1571,OG0018315,0,0,0,0,0,1,0,0,0,1,2,1,5
1574,OG0018318,0,0,0,0,0,1,0,0,0,0,4,0,5
1575,OG0018319,0,0,0,0,0,1,2,0,0,0,2,0,5
1577,OG0018321,0,0,0,0,0,1,0,0,0,0,1,3,5
1578,OG0018322,0,0,0,0,0,1,0,0,4,0,0,0,5
1579,OG0018323,0,0,0,0,0,1,0,0,3,1,0,0,5
1580,OG0018324,0,0,0,0,0,1,0,0,0,4,0,0,5
1581,OG0018325,0,0,0,0,0,1,0,0,0,0,4,0,5
1582,OG0018326,0,0,0,0,0,1,0,1,1,0,2,0,5
1583,OG0019153,1,0,0,0,0,1,0,0,0,2,0,0,4
1584,OG0019180,1,2,0,0,0,1,0,0,0,0,0,0,4
1585,OG0019196,3,0,0,0,0,1,0,0,0,0,0,0,4
1586,OG0019299,1,0,0,2,0,1,0,0,0,0,0,0,4
1587,OG0019314,1,0,0,0,0,1,0,0,1,1,0,0,4
1588,OG0019334,2,0,0,0,0,1,0,0,0,0,0,1,4
1589,OG0019449,2,0,0,0,0,1,0,0,0,0,1,0,4
1590,OG0019450,2,0,0,0,0,1,0,0,0,1,0,0,4
1591,OG0019474,0,1,0,0,0,1,0,0,0,1,1,0,4
1592,OG0019486,0,1,0,0,1,1,0,0,0,1,0,0,4
1593,OG0019487,0,2,0,0,0,1,1,0,0,0,0,0,4
1594,OG0019519,0,1,0,0,1,1,0,0,0,0,0,1,4
1595,OG0019524,0,1,0,1,0,1,0,0,0,0,1,0,4
1596,OG0019552,0,1,0,0,0,1,0,0,0,0,0,2,4
1597,OG0019556,0,1,0,0,1,1,0,0,0,1,0,0,4
1598,OG0019558,0,1,0,0,0,1,0,0,0,0,0,2,4
1599,OG0019573,0,1,0,0,1,1,0,0,0,1,0,0,4
1600,OG0019574,0,1,0,0,0,1,0,0,1,1,0,0,4
1601,OG0019580,0,1,0,0,0,1,0,0,0,0,2,0,4
1602,OG0019594,0,2,0,0,0,1,0,0,0,0,0,1,4
1603,OG0019606,0,1,0,2,0,1,0,0,0,0,0,0,4
1604,OG0019614,0,1,0,0,0,1,0,0,0,0,0,2,4
1606,OG0019991,0,0,0,1,0,1,0,0,1,0,0,1,4
1607,OG0019992,0,0,0,2,0,1,1,0,0,0,0,0,4
1608,OG0019993,0,0,0,1,0,1,0,0,0,1,1,0,4
1610,OG0019998,0,0,0,2,0,1,1,0,0,0,0,0,4
1611,OG0020002,0,0,0,2,0,1,1,0,0,0,0,0,4
1612,OG0020007,0,0,0,2,0,1,0,0,0,0,1,0,4
1614,OG0020011,0,0,0,2,0,1,0,0,0,0,1,0,4
1615,OG0020012,0,0,0,2,0,1,1,0,0,0,0,0,4
1616,OG0020013,0,0,0,2,0,1,1,0,0,0,0,0,4
1617,OG0020015,0,0,0,2,0,1,1,0,0,0,0,0,4
1619,OG0020024,0,0,0,3,0,1,0,0,0,0,0,0,4
1621,OG0020030,0,0,0,2,0,1,1,0,0,0,0,0,4
1622,OG0020031,0,0,0,2,0,1,1,0,0,0,0,0,4
1623,OG0020033,0,0,0,3,0,1,0,0,0,0,0,0,4
1624,OG0020034,0,0,0,1,0,1,2,0,0,0,0,0,4
1625,OG0020036,0,0,0,1,0,1,2,0,0,0,0,0,4
1626,OG0020038,0,0,0,1,0,1,1,0,0,1,0,0,4
1629,OG0020042,0,0,0,3,0,1,0,0,0,0,0,0,4
1630,OG0020045,0,0,0,1,0,1,0,0,0,2,0,0,4
1631,OG0020051,0,0,0,2,0,1,1,0,0,0,0,0,4
1632,OG0020056,0,0,0,1,0,1,2,0,0,0,0,0,4
1633,OG0020058,0,0,0,1,0,1,1,0,0,1,0,0,4
1634,OG0020060,0,0,0,1,0,1,2,0,0,0,0,0,4
1635,OG0020061,0,0,0,2,0,1,0,0,0,0,1,0,4
1636,OG0020080,0,0,0,0,3,1,0,0,0,0,0,0,4
1637,OG0020083,0,0,0,0,3,1,0,0,0,0,0,0,4
1638,OG0020112,0,0,0,0,0,1,0,0,0,0,0,3,4
1640,OG0020114,0,0,0,0,0,1,0,0,3,0,0,0,4
1641,OG0020115,0,0,0,0,0,1,0,0,0,0,3,0,4
1644,OG0020118,0,0,0,0,0,1,3,0,0,0,0,0,4
1646,OG0020120,0,0,0,0,0,1,0,0,0,0,0,3,4
1647,OG0020121,0,0,0,0,0,1,1,0,1,1,0,0,4
1648,OG0020122,0,0,0,0,0,1,0,0,3,0,0,0,4
1649,OG0020123,0,0,0,0,0,1,0,0,0,3,0,0,4
1650,OG0020124,0,0,0,0,0,1,1,1,0,0,1,0,4
1651,OG0020125,0,0,0,0,0,1,0,2,0,0,0,1,4
1657,OG0020131,0,0,0,0,0,1,0,0,2,0,0,1,4
1658,OG0020132,0,0,0,0,0,1,0,3,0,0,0,0,4
1659,OG0020133,0,0,0,0,0,1,0,0,2,1,0,0,4
1660,OG0020134,0,0,0,0,0,1,0,0,2,0,1,0,4
1661,OG0020135,0,0,0,0,0,1,1,0,2,0,0,0,4
1662,OG0020136,0,0,0,0,0,1,0,0,3,0,0,0,4
1664,OG0020138,0,0,0,0,0,1,0,0,0,0,2,1,4
1665,OG0020139,0,0,0,0,0,1,0,0,1,0,1,1,4
1666,OG0020140,0,0,0,0,0,1,3,0,0,0,0,0,4
1667,OG0020141,0,0,0,0,0,1,0,0,0,0,0,3,4
1669,OG0020143,0,0,0,0,0,1,0,0,3,0,0,0,4
1670,OG0020144,0,0,0,0,0,1,0,0,0,0,2,1,4
1671,OG0020145,0,0,0,0,0,1,0,0,3,0,0,0,4
1672,OG0020146,0,0,0,0,0,1,0,0,1,0,2,0,4
1673,OG0020147,0,0,0,0,0,1,2,0,1,0,0,0,4
1674,OG0020148,0,0,0,0,0,1,3,0,0,0,0,0,4
1675,OG0020149,0,0,0,0,0,1,0,0,2,0,0,1,4
1677,OG0021543,1,0,0,1,0,1,0,0,0,0,0,0,3
1678,OG0021575,2,0,0,0,0,1,0,0,0,0,0,0,3
1679,OG0021628,2,0,0,0,0,1,0,0,0,0,0,0,3
1680,OG0021741,1,1,0,0,0,1,0,0,0,0,0,0,3
1681,OG0021883,2,0,0,0,0,1,0,0,0,0,0,0,3
1682,OG0021960,2,0,0,0,0,1,0,0,0,0,0,0,3
1683,OG0021962,1,0,0,0,0,1,0,0,0,1,0,0,3
1684,OG0021995,0,1,0,0,0,1,0,0,1,0,0,0,3
1685,OG0022019,0,1,0,0,0,1,0,0,0,0,0,1,3
1686,OG0022045,0,1,0,0,0,1,0,0,0,0,0,1,3
1687,OG0022067,0,1,0,0,0,1,0,0,0,1,0,0,3
1688,OG0022106,0,1,0,1,0,1,0,0,0,0,0,0,3
1689,OG0022116,0,1,0,0,0,1,0,0,0,1,0,0,3
1690,OG0022124,0,1,0,0,0,1,0,1,0,0,0,0,3
1691,OG0022144,0,1,0,0,0,1,0,0,1,0,0,0,3
1692,OG0022210,0,2,0,0,0,1,0,0,0,0,0,0,3
1693,OG0022228,0,1,0,0,0,1,1,0,0,0,0,0,3
1696,OG0022260,0,1,0,0,0,1,1,0,0,0,0,0,3
1697,OG0022266,0,1,0,0,0,1,0,0,0,1,0,0,3
1698,OG0022291,0,2,0,0,0,1,0,0,0,0,0,0,3
1699,OG0022312,0,1,0,0,0,1,0,1,0,0,0,0,3
1700,OG0022828,0,0,0,1,0,1,1,0,0,0,0,0,3
1701,OG0022830,0,0,0,1,0,1,1,0,0,0,0,0,3
1702,OG0022831,0,0,0,1,0,1,1,0,0,0,0,0,3
1706,OG0022843,0,0,0,2,0,1,0,0,0,0,0,0,3
1707,OG0022847,0,0,0,2,0,1,0,0,0,0,0,0,3
1708,OG0022856,0,0,0,2,0,1,0,0,0,0,0,0,3
1709,OG0022858,0,0,0,1,0,1,1,0,0,0,0,0,3
1710,OG0022862,0,0,0,1,0,1,1,0,0,0,0,0,3
1711,OG0022863,0,0,0,2,0,1,0,0,0,0,0,0,3
1712,OG0022871,0,0,0,1,0,1,1,0,0,0,0,0,3
1713,OG0022873,0,0,0,1,0,1,1,0,0,0,0,0,3
1715,OG0022876,0,0,0,2,0,1,0,0,0,0,0,0,3
1716,OG0022884,0,0,0,2,0,1,0,0,0,0,0,0,3
1717,OG0022890,0,0,0,1,0,1,0,0,0,1,0,0,3
1718,OG0022893,0,0,0,1,0,1,1,0,0,0,0,0,3
1719,OG0022896,0,0,0,1,0,1,0,0,0,0,0,1,3
1720,OG0022897,0,0,0,1,0,1,1,0,0,0,0,0,3
1721,OG0022898,0,0,0,1,0,1,1,0,0,0,0,0,3
1722,OG0022899,0,0,0,1,0,1,1,0,0,0,0,0,3
1723,OG0022901,0,0,0,1,0,1,1,0,0,0,0,0,3
1724,OG0022905,0,0,0,2,0,1,0,0,0,0,0,0,3
1726,OG0022910,0,0,0,1,0,1,1,0,0,0,0,0,3
1727,OG0022911,0,0,0,1,0,1,0,0,0,0,0,1,3
1728,OG0022915,0,0,0,1,0,1,1,0,0,0,0,0,3
1729,OG0022916,0,0,0,1,0,1,1,0,0,0,0,0,3
1730,OG0022917,0,0,0,1,0,1,0,1,0,0,0,0,3
1731,OG0022918,0,0,0,1,0,1,1,0,0,0,0,0,3
1732,OG0022919,0,0,0,1,0,1,1,0,0,0,0,0,3
1733,OG0022924,0,0,0,1,0,1,1,0,0,0,0,0,3
1734,OG0022925,0,0,0,1,0,1,1,0,0,0,0,0,3
1735,OG0022926,0,0,0,1,0,1,1,0,0,0,0,0,3
1736,OG0022927,0,0,0,2,0,1,0,0,0,0,0,0,3
1737,OG0022931,0,0,0,1,0,1,1,0,0,0,0,0,3
1738,OG0022934,0,0,0,1,0,1,1,0,0,0,0,0,3
1739,OG0022937,0,0,0,1,0,1,1,0,0,0,0,0,3
1740,OG0022938,0,0,0,1,0,1,0,1,0,0,0,0,3
1741,OG0022940,0,0,0,1,0,1,0,0,0,0,1,0,3
1742,OG0022941,0,0,0,1,0,1,1,0,0,0,0,0,3
1743,OG0022942,0,0,0,1,0,1,0,0,0,0,1,0,3
1744,OG0022949,0,0,0,1,0,1,1,0,0,0,0,0,3
1747,OG0023043,0,0,0,0,0,1,0,0,2,0,0,0,3
1748,OG0023044,0,0,0,0,0,1,0,2,0,0,0,0,3
1749,OG0023045,0,0,0,0,0,1,0,0,2,0,0,0,3
1750,OG0023046,0,0,0,0,0,1,1,0,0,0,1,0,3
1751,OG0023047,0,0,0,0,0,1,0,0,0,2,0,0,3
1753,OG0023049,0,0,0,0,0,1,0,0,0,0,2,0,3
1754,OG0023050,0,0,0,0,0,1,2,0,0,0,0,0,3
1755,OG0023051,0,0,0,0,0,1,0,0,0,2,0,0,3
1756,OG0023052,0,0,0,0,0,1,2,0,0,0,0,0,3
1757,OG0023053,0,0,0,0,0,1,1,0,0,1,0,0,3
1758,OG0023054,0,0,0,0,0,1,0,0,0,1,0,1,3
1761,OG0023057,0,0,0,0,0,1,0,0,0,2,0,0,3
1762,OG0023058,0,0,0,0,0,1,0,0,0,2,0,0,3
1763,OG0023059,0,0,0,0,0,1,1,0,0,0,0,1,3
1764,OG0023060,0,0,0,0,0,1,0,0,2,0,0,0,3
1766,OG0023062,0,0,0,0,0,1,0,2,0,0,0,0,3
1767,OG0023063,0,0,0,0,0,1,0,0,0,2,0,0,3
1768,OG0023064,0,0,0,0,0,1,0,0,1,0,1,0,3
1769,OG0023065,0,0,0,0,0,1,0,0,0,0,0,2,3
1772,OG0023068,0,0,0,0,0,1,0,0,2,0,0,0,3
1773,OG0023069,0,0,0,0,0,1,1,0,1,0,0,0,3
1774,OG0023070,0,0,0,0,0,1,0,0,1,0,0,1,3
1776,OG0023072,0,0,0,0,0,1,0,0,0,0,1,1,3
1777,OG0023073,0,0,0,0,0,1,0,0,0,0,2,0,3
1778,OG0023074,0,0,0,0,0,1,0,0,0,0,0,2,3
1779,OG0023075,0,0,0,0,0,1,0,0,0,2,0,0,3
1781,OG0023077,0,0,0,0,0,1,0,0,0,0,0,2,3
1782,OG0023078,0,0,0,0,0,1,1,0,0,0,0,1,3
1783,OG0023079,0,0,0,0,0,1,0,0,0,0,1,1,3
1784,OG0023080,0,0,0,0,0,1,0,0,0,1,0,1,3
1785,OG0023081,0,0,0,0,0,1,0,0,1,0,0,1,3
1786,OG0023082,0,0,0,0,0,1,0,0,2,0,0,0,3
1788,OG0023084,0,0,0,0,0,1,0,0,0,0,2,0,3
1789,OG0023085,0,0,0,0,0,1,1,0,0,1,0,0,3
1790,OG0023086,0,0,0,0,0,1,0,0,0,1,0,1,3
1791,OG0023087,0,0,0,0,0,1,0,0,2,0,0,0,3
1793,OG0023089,0,0,0,0,0,1,0,0,1,0,0,1,3
1794,OG0023090,0,0,0,0,0,1,0,0,1,0,1,0,3
1795,OG0023091,0,0,0,0,0,1,0,0,0,0,2,0,3
1796,OG0023092,0,0,0,0,0,1,0,1,0,0,0,1,3
1797,OG0023093,0,0,0,0,0,1,0,0,1,0,1,0,3
1799,OG0023095,0,0,0,0,0,1,0,0,0,2,0,0,3
1800,OG0023096,0,0,0,0,0,1,0,1,1,0,0,0,3
1802,OG0023098,0,0,0,0,0,1,0,0,0,0,2,0,3
1803,OG0023099,0,0,0,0,0,1,0,0,0,1,0,1,3
1804,OG0023100,0,0,0,0,0,1,0,1,0,0,0,1,3
1805,OG0023101,0,0,0,0,0,1,0,2,0,0,0,0,3
1806,OG0025804,1,0,0,0,0,1,0,0,0,0,0,0,2
1807,OG0025894,1,0,0,0,0,1,0,0,0,0,0,0,2
1808,OG0025920,1,0,0,0,0,1,0,0,0,0,0,0,2
1809,OG0026242,1,0,0,0,0,1,0,0,0,0,0,0,2
1810,OG0026355,0,1,0,0,0,1,0,0,0,0,0,0,2
1811,OG0026363,0,1,0,0,0,1,0,0,0,0,0,0,2
1812,OG0026444,0,1,0,0,0,1,0,0,0,0,0,0,2
1813,OG0026502,0,1,0,0,0,1,0,0,0,0,0,0,2
1814,OG0026605,0,1,0,0,0,1,0,0,0,0,0,0,2
1815,OG0026606,0,1,0,0,0,1,0,0,0,0,0,0,2
1816,OG0026640,0,1,0,0,0,1,0,0,0,0,0,0,2
1817,OG0026655,0,1,0,0,0,1,0,0,0,0,0,0,2
1818,OG0026659,0,1,0,0,0,1,0,0,0,0,0,0,2
1819,OG0026721,0,1,0,0,0,1,0,0,0,0,0,0,2
1820,OG0027722,0,0,0,1,0,1,0,0,0,0,0,0,2
1821,OG0027731,0,0,0,1,0,1,0,0,0,0,0,0,2
1822,OG0027761,0,0,0,1,0,1,0,0,0,0,0,0,2
1823,OG0027762,0,0,0,1,0,1,0,0,0,0,0,0,2
1824,OG0027763,0,0,0,1,0,1,0,0,0,0,0,0,2
1825,OG0027766,0,0,0,1,0,1,0,0,0,0,0,0,2
1826,OG0027772,0,0,0,1,0,1,0,0,0,0,0,0,2
1827,OG0027779,0,0,0,1,0,1,0,0,0,0,0,0,2
1828,OG0027783,0,0,0,1,0,1,0,0,0,0,0,0,2
1829,OG0027791,0,0,0,1,0,1,0,0,0,0,0,0,2
1830,OG0027803,0,0,0,1,0,1,0,0,0,0,0,0,2
1831,OG0027805,0,0,0,1,0,1,0,0,0,0,0,0,2
1832,OG0027807,0,0,0,1,0,1,0,0,0,0,0,0,2
1833,OG0027811,0,0,0,1,0,1,0,0,0,0,0,0,2
1834,OG0027814,0,0,0,1,0,1,0,0,0,0,0,0,2
1835,OG0027817,0,0,0,1,0,1,0,0,0,0,0,0,2
1836,OG0027820,0,0,0,1,0,1,0,0,0,0,0,0,2
1837,OG0027825,0,0,0,1,0,1,0,0,0,0,0,0,2
1838,OG0027826,0,0,0,1,0,1,0,0,0,0,0,0,2
1839,OG0027827,0,0,0,1,0,1,0,0,0,0,0,0,2
1840,OG0027831,0,0,0,1,0,1,0,0,0,0,0,0,2
1841,OG0027837,0,0,0,1,0,1,0,0,0,0,0,0,2
1842,OG0027840,0,0,0,1,0,1,0,0,0,0,0,0,2
1843,OG0027844,0,0,0,1,0,1,0,0,0,0,0,0,2
1844,OG0027845,0,0,0,1,0,1,0,0,0,0,0,0,2
1845,OG0027852,0,0,0,1,0,1,0,0,0,0,0,0,2
1846,OG0027859,0,0,0,1,0,1,0,0,0,0,0,0,2
1847,OG0027863,0,0,0,1,0,1,0,0,0,0,0,0,2
1848,OG0027865,0,0,0,1,0,1,0,0,0,0,0,0,2
1849,OG0027870,0,0,0,1,0,1,0,0,0,0,0,0,2
1850,OG0027880,0,0,0,1,0,1,0,0,0,0,0,0,2
1851,OG0027881,0,0,0,1,0,1,0,0,0,0,0,0,2
1852,OG0027882,0,0,0,1,0,1,0,0,0,0,0,0,2
1853,OG0027888,0,0,0,1,0,1,0,0,0,0,0,0,2
1854,OG0027889,0,0,0,1,0,1,0,0,0,0,0,0,2
1855,OG0027891,0,0,0,1,0,1,0,0,0,0,0,0,2
1856,OG0027892,0,0,0,1,0,1,0,0,0,0,0,0,2
1857,OG0027898,0,0,0,1,0,1,0,0,0,0,0,0,2
1858,OG0027900,0,0,0,1,0,1,0,0,0,0,0,0,2
1859,OG0027904,0,0,0,1,0,1,0,0,0,0,0,0,2
1860,OG0027905,0,0,0,1,0,1,0,0,0,0,0,0,2
1861,OG0027912,0,0,0,1,0,1,0,0,0,0,0,0,2
1862,OG0027917,0,0,0,1,0,1,0,0,0,0,0,0,2
1863,OG0027919,0,0,0,1,0,1,0,0,0,0,0,0,2
1864,OG0027920,0,0,0,1,0,1,0,0,0,0,0,0,2
1865,OG0027922,0,0,0,1,0,1,0,0,0,0,0,0,2
1866,OG0027928,0,0,0,1,0,1,0,0,0,0,0,0,2
1867,OG0027937,0,0,0,1,0,1,0,0,0,0,0,0,2
1868,OG0027943,0,0,0,1,0,1,0,0,0,0,0,0,2
1869,OG0028056,0,0,0,0,1,1,0,0,0,0,0,0,2
1870,OG0028095,0,0,0,0,1,1,0,0,0,0,0,0,2
1871,OG0028100,0,0,0,0,1,1,0,0,0,0,0,0,2
1872,OG0028108,0,0,0,0,1,1,0,0,0,0,0,0,2
1875,OG0028127,0,0,0,0,0,1,1,0,0,0,0,0,2
1877,OG0028129,0,0,0,0,0,1,0,0,0,0,1,0,2
1878,OG0028130,0,0,0,0,0,1,0,0,0,1,0,0,2
1879,OG0028131,0,0,0,0,0,1,1,0,0,0,0,0,2
1880,OG0028132,0,0,0,0,0,1,0,0,0,0,1,0,2
1881,OG0028133,0,0,0,0,0,1,0,0,1,0,0,0,2
1882,OG0028134,0,0,0,0,0,1,0,0,0,0,1,0,2
1887,OG0028139,0,0,0,0,0,1,0,0,0,1,0,0,2
1890,OG0028142,0,0,0,0,0,1,0,0,1,0,0,0,2
1894,OG0028146,0,0,0,0,0,1,1,0,0,0,0,0,2
1895,OG0028147,0,0,0,0,0,1,1,0,0,0,0,0,2
1896,OG0028148,0,0,0,0,0,1,1,0,0,0,0,0,2
1897,OG0028149,0,0,0,0,0,1,0,0,0,0,0,1,2
1898,OG0028150,0,0,0,0,0,1,0,0,0,1,0,0,2
1900,OG0028152,0,0,0,0,0,1,0,0,1,0,0,0,2
1901,OG0028153,0,0,0,0,0,1,0,0,1,0,0,0,2
1902,OG0028154,0,0,0,0,0,1,0,0,0,0,1,0,2
1904,OG0028156,0,0,0,0,0,1,1,0,0,0,0,0,2
1906,OG0028158,0,0,0,0,0,1,0,0,0,0,1,0,2
1908,OG0028160,0,0,0,0,0,1,0,0,0,1,0,0,2
1910,OG0028162,0,0,0,0,0,1,1,0,0,0,0,0,2
1912,OG0028164,0,0,0,0,0,1,0,0,0,0,0,1,2
1913,OG0028165,0,0,0,0,0,1,1,0,0,0,0,0,2
1915,OG0028167,0,0,0,0,0,1,0,0,1,0,0,0,2
1916,OG0028168,0,0,0,0,0,1,0,0,0,1,0,0,2
1920,OG0028172,0,0,0,0,0,1,0,0,0,1,0,0,2
1924,OG0028176,0,0,0,0,0,1,0,0,0,0,1,0,2
1925,OG0028177,0,0,0,0,0,1,0,0,0,0,1,0,2
1929,OG0028181,0,0,0,0,0,1,0,1,0,0,0,0,2
1930,OG0028182,0,0,0,0,0,1,0,0,0,0,0,1,2
1931,OG0028183,0,0,0,0,0,1,1,0,0,0,0,0,2
1932,OG0028184,0,0,0,0,0,1,0,0,0,1,0,0,2
1933,OG0028185,0,0,0,0,0,1,0,0,1,0,0,0,2
1934,OG0028186,0,0,0,0,0,1,0,0,0,0,0,1,2
1937,OG0028189,0,0,0,0,0,1,1,0,0,0,0,0,2
1938,OG0028190,0,0,0,0,0,1,1,0,0,0,0,0,2
1939,OG0028191,0,0,0,0,0,1,0,0,0,0,1,0,2
1940,OG0028192,0,0,0,0,0,1,1,0,0,0,0,0,2
1941,OG0028193,0,0,0,0,0,1,0,0,0,0,1,0,2
1942,OG0028194,0,0,0,0,0,1,0,0,1,0,0,0,2
1943,OG0028195,0,0,0,0,0,1,0,0,0,0,0,1,2
1944,OG0028196,0,0,0,0,0,1,0,0,0,1,0,0,2
1945,OG0028197,0,0,0,0,0,1,1,0,0,0,0,0,2
1946,OG0028198,0,0,0,0,0,1,1,0,0,0,0,0,2
1949,OG0028201,0,0,0,0,0,1,1,0,0,0,0,0,2
1950,OG0028202,0,0,0,0,0,1,0,0,0,0,1,0,2
1951,OG0028203,0,0,0,0,0,1,0,0,0,0,0,1,2
1952,OG0028204,0,0,0,0,0,1,1,0,0,0,0,0,2
1953,OG0028205,0,0,0,0,0,1,0,0,0,1,0,0,2
1954,OG0028206,0,0,0,0,0,1,0,1,0,0,0,0,2
1955,OG0028207,0,0,0,0,0,1,1,0,0,0,0,0,2
1956,OG0028208,0,0,0,0,0,1,1,0,0,0,0,0,2
1957,OG0028209,0,0,0,0,0,1,0,0,0,0,0,1,2
1959,OG0028211,0,0,0,0,0,1,1,0,0,0,0,0,2
1960,OG0028212,0,0,0,0,0,1,0,0,0,0,1,0,2
1961,OG0028213,0,0,0,0,0,1,0,1,0,0,0,0,2
1962,OG0028214,0,0,0,0,0,1,0,1,0,0,0,0,2
1964,OG0028216,0,0,0,0,0,1,1,0,0,0,0,0,2
1965,OG0028217,0,0,0,0,0,1,0,0,0,0,1,0,2
1967,OG0028219,0,0,0,0,0,1,0,0,0,0,1,0,2
1968,OG0028220,0,0,0,0,0,1,1,0,0,0,0,0,2
1970,OG0028222,0,0,0,0,0,1,1,0,0,0,0,0,2
1971,OG0028223,0,0,0,0,0,1,1,0,0,0,0,0,2
1975,OG0028227,0,0,0,0,0,1,0,0,0,0,0,1,2
1976,OG0028228,0,0,0,0,0,1,1,0,0,0,0,0,2
1977,OG0028229,0,0,0,0,0,1,0,0,0,0,1,0,2
1980,OG0028232,0,0,0,0,0,1,1,0,0,0,0,0,2
1983,OG0028235,0,0,0,0,0,1,0,0,0,0,0,1,2
1984,OG0028236,0,0,0,0,0,1,1,0,0,0,0,0,2
1985,OG0028237,0,0,0,0,0,1,0,0,0,0,1,0,2
1989,OG0028241,0,0,0,0,0,1,1,0,0,0,0,0,2
1992,OG0028244,0,0,0,0,0,1,1,0,0,0,0,0,2
1993,OG0028245,0,0,0,0,0,1,0,0,0,0,1,0,2
1994,OG0028246,0,0,0,0,0,1,0,0,1,0,0,0,2
1995,OG0028247,0,0,0,0,0,1,1,0,0,0,0,0,2
1997,OG0028249,0,0,0,0,0,1,1,0,0,0,0,0,2
1999,OG0028251,0,0,0,0,0,1,0,0,1,0,0,0,2
2003,OG0028255,0,0,0,0,0,1,1,0,0,0,0,0,2
2004,OG0028256,0,0,0,0,0,1,0,0,0,0,0,1,2
2005,OG0028257,0,0,0,0,0,1,0,0,0,1,0,0,2
2006,OG0028258,0,0,0,0,0,1,1,0,0,0,0,0,2
2007,OG0028259,0,0,0,0,0,1,0,0,0,0,1,0,2
2008,OG0028260,0,0,0,0,0,1,1,0,0,0,0,0,2
2009,OG0028261,0,0,0,0,0,1,0,1,0,0,0,0,2
2010,OG0028262,0,0,0,0,0,1,0,0,1,0,0,0,2
2012,OG0028264,0,0,0,0,0,1,0,0,0,1,0,0,2
2014,OG0028266,0,0,0,0,0,1,0,0,0,0,0,1,2
2015,OG0028267,0,0,0,0,0,1,0,1,0,0,0,0,2
2016,OG0028268,0,0,0,0,0,1,1,0,0,0,0,0,2
2017,OG0028269,0,0,0,0,0,1,1,0,0,0,0,0,2
2018,OG0028270,0,0,0,0,0,1,0,0,0,0,1,0,2
2019,OG0028271,0,0,0,0,0,1,0,0,0,1,0,0,2
2020,OG0028272,0,0,0,0,0,1,0,0,0,0,0,1,2
2021,OG0028273,0,0,0,0,0,1,0,0,1,0,0,0,2
2022,OG0028274,0,0,0,0,0,1,0,0,0,0,1,0,2
2023,OG0028275,0,0,0,0,0,1,0,0,0,0,1,0,2
2024,OG0028276,0,0,0,0,0,1,0,0,0,1,0,0,2
2026,OG0028278,0,0,0,0,0,1,1,0,0,0,0,0,2
2027,OG0028279,0,0,0,0,0,1,1,0,0,0,0,0,2
2028,OG0028280,0,0,0,0,0,1,1,0,0,0,0,0,2
2029,OG0028281,0,0,0,0,0,1,0,0,0,1,0,0,2
2030,OG0028282,0,0,0,0,0,1,0,1,0,0,0,0,2
2031,OG0028283,0,0,0,0,0,1,0,1,0,0,0,0,2
2032,OG0028284,0,0,0,0,0,1,0,0,0,0,1,0,2
2033,OG0028285,0,0,0,0,0,1,0,0,1,0,0,0,2
2034,OG0028286,0,0,0,0,0,1,0,0,0,0,0,1,2
2035,OG0028287,0,0,0,0,0,1,0,0,0,1,0,0,2
2036,OG0028288,0,0,0,0,0,1,1,0,0,0,0,0,2
2037,OG0028289,0,0,0,0,0,1,1,0,0,0,0,0,2
2038,OG0028290,0,0,0,0,0,1,1,0,0,0,0,0,2
2039,OG0028291,0,0,0,0,0,1,0,0,1,0,0,0,2
2040,OG0028292,0,0,0,0,0,1,0,0,0,0,0,1,2
2041,OG0028293,0,0,0,0,0,1,0,0,0,1,0,0,2