"target_id","pval","qval","test_stat","rss","degrees_free","mean_obs","var_obs","tech_var","sigma_sq","smooth_sigma_sq","final_sigma_sq"
"Dm_00000118-RA",1.46909089882666e-06,0.0130004770256262,23.1880277884921,4.05521585643295,1,7.47547429261834,0.579316550918993,0.000796030137464137,0.578520520781529,0.0787952229703297,0.578520520781529
"Dm_00004725-RA",1.71668784175706e-06,0.0130004770256262,22.8885797403865,3.61081719412557,1,6.3896487508772,0.515831027732224,0.0022451730260643,0.51358585470616,0.0651540967884646,0.51358585470616
"Dm_00007129-RA",5.12924428180092e-06,0.0143123686090768,20.7884096665087,5.03411027027688,1,6.45940268235981,0.719158610039554,0.0021483314422365,0.717010278597317,0.0655905883775088,0.717010278597317
"Dm_00010333-RA",4.81991499337673e-06,0.0143123686090768,20.9075484825274,6.7281029864798,1,6.27239723628215,0.961157569497115,0.00259066233707693,0.958566907160038,0.0646130490346622,0.958566907160038
"Dm_00012187-RA",5.66976176247595e-06,0.0143123686090768,20.5965695863826,12.375013185553,1,5.39355774509339,1.76785902650757,0.011058999417675,1.7568000270899,0.0719410593526158,1.7568000270899
"Dm_00012381-RA",3.18858575352734e-06,0.0143123686090768,21.6995951053172,4.88707063767057,1,5.53884411534983,0.698152948238653,0.00479178740259157,0.693361160836062,0.0687651627560437,0.693361160836062
"Dm_00002759-RA",8.89795777808516e-06,0.0192526383581254,19.7345183133049,7.68820810215721,1,5.88407974119765,1.09831544316532,0.00430575873150913,1.09400968443381,0.065105841575413,1.09400968443381
"Dm_00008368-RA",1.07482886336265e-05,0.0203491974556133,19.3735963174906,7.23921886239675,1,5.36103689145903,1.03417412319953,0.0083552489861793,1.02581887421336,0.0727732484298906,1.02581887421336
"Dm_00001234-RA",1.84139547516235e-05,0.0210262106480986,18.3466803477806,5.67496443566928,1,7.86265213015848,0.810709205095611,0.000520944632921624,0.81018826046269,0.0878430823204707,0.81018826046269
"Dm_00001247-RA",2.21104927670198e-05,0.0210262106480986,17.9982776666208,3.73703936734426,1,5.00249790687066,0.533862766763466,0.00858462945357251,0.525278137309894,0.0844612354560364,0.525278137309894
"Dm_00001366-RA",1.71594192335156e-05,0.0210262106480986,18.4811375355709,4.94869887979064,1,6.17539749755227,0.706956982827235,0.00289236874968724,0.704064614077547,0.0643901469590621,0.704064614077547
"Dm_00006151-RA",2.77647044078946e-05,0.0210262106480986,17.5650330407282,2.28605778633104,1,6.80000429042927,0.326579683761577,0.0013070648966639,0.325272618864913,0.0685631407350188,0.325272618864913
"Dm_00009307-RA",2.58729128263115e-05,0.0210262106480986,17.6992460674821,2.04641205966258,1,5.74744454446719,0.292344579951798,0.00404668883942142,0.288297891112376,0.0660226010225566,0.288297891112376
"Dm_00010528-RA",2.54333427569586e-05,0.0210262106480986,17.7318426054971,2.47031043569258,1,6.04988272215208,0.352901490813227,0.00266280849051891,0.350238682322707,0.064472989306393,0.350238682322707
"Dm_00010608-RA",1.59092639332755e-05,0.0210262106480986,18.6253298810455,3.72503792200467,1,6.19275158223526,0.532148274572095,0.00265275033843606,0.529495524233659,0.0644131210375593,0.529495524233659
"Dm_00013860-RA",2.70145950038893e-05,0.0210262106480986,17.6171165578674,3.71246612989766,1,5.05175193440616,0.530352304271093,0.00826153046592608,0.522090773805168,0.0824500158672626,0.522090773805168
"Dm_00014261-RA",1.26952913726682e-05,0.0210262106480986,19.0557763690198,5.67846308781999,1,5.30333474631797,0.811209012545714,0.0075502980158132,0.8036587145299,0.0743379297749924,0.8036587145299
"Dm_00016470-RA",2.15673684016393e-05,0.0210262106480986,18.0456250276409,4.95381057309757,1,4.51167829583239,0.707687224728225,0.0147722052047837,0.692915019523441,0.108888023227738,0.692915019523441
"Dm_00018264-RA",2.45058690582698e-05,0.0210262106480986,17.8025182284095,23.4261014958783,1,4.38147816875488,3.34658592798262,0.0548453108683821,3.29174061711424,0.116914018275298,3.29174061711424
"Dm_00019581-RA",2.27781502999868e-05,0.0210262106480986,17.9416499443905,1.88253399446237,1,5.2157869346154,0.268933427780339,0.0064101247537677,0.262523303026571,0.0768850257371618,0.262523303026571
"Dm_00000603-RA",4.16337828437618e-05,0.0223789041042706,16.7954146745957,2.64605083479046,1,5.59152040446398,0.378007262112923,0.0048567476832867,0.373150514429636,0.067871692580225,0.373150514429636
"Dm_00001819-RA",4.00518830331256e-05,0.0223789041042706,16.868928839705,2.69249792983469,1,5.59798927241654,0.384642561404956,0.00404135315051652,0.380601208254439,0.0677726432400367,0.380601208254439
"Dm_00002904-RA",4.72959339609572e-05,0.0223789041042706,16.5535271249179,1.3402841544669,1,6.37428250606232,0.191469164923843,0.00177728383274193,0.189691881091101,0.0650684870605643,0.189691881091101
"Dm_00003178-RA",4.96113677624116e-05,0.0223789041042706,16.4629030352419,1.62332403647647,1,5.6621896091572,0.231903433782353,0.00396545688670681,0.227937976895646,0.0669023183054642,0.227937976895646
"Dm_00003242-RA",4.55912699731754e-05,0.0223789041042706,16.6231443418824,4.8912847139795,1,7.4680124507048,0.698754959139927,0.000769241516377753,0.69798571762355,0.0786460473592438,0.69798571762355
"Dm_00005014-RA",3.4774652387533e-05,0.0223789041042706,17.1371913386722,2.11337770713272,1,5.91181100964021,0.30191110101896,0.0030506936740937,0.298860407344867,0.0649735759681492,0.298860407344867
"Dm_00005879-RA",4.94922903214378e-05,0.0223789041042706,16.4674589038897,6.83301724493166,1,5.95497442031867,0.976145320704523,0.00395347933955229,0.97219184136497,0.0647928679706403,0.97219184136497
"Dm_00006067-RA",4.877577484356e-05,0.0223789041042706,16.4951074484131,4.28441783635185,1,4.39040910970647,0.612059690907408,0.0179681815811763,0.594091509326232,0.116336806834936,0.594091509326232
"Dm_00008277-RA",3.50983222685049e-05,0.0223789041042706,17.1195945982446,12.1556341559798,1,2.80358036195656,1.73651916513997,0.14775444225011,1.58876472288986,0.312508835791488,1.58876472288986
"Dm_00008809-RA",3.84428986298607e-05,0.0223789041042706,16.9467587592076,3.87753982028281,1,6.79898992800298,0.553934260040401,0.00178118183128699,0.552153078209115,0.0685523031938162,0.552153078209115
"Dm_00009477-RA",4.73768502170013e-05,0.0223789041042706,16.5502855917563,1.91070595923881,1,6.99341317974402,0.272957994176973,0.00109756936396221,0.27186042481301,0.070861890455652,0.27186042481301
"Dm_00018080-RA",4.5368383110385e-05,0.0223789041042706,16.6324397920371,3.23870733401363,1,5.15549430617256,0.462672476287662,0.00708348891110748,0.455588987376554,0.0787332860383132,0.455588987376554
"Dm_00018382-RA",5.02365469130595e-05,0.0223789041042706,16.4391628266773,7.78647155063059,1,5.19618902572873,1.11235307866151,0.00880864597204387,1.10354443268947,0.0774769583029923,1.10354443268947
"Dm_00019713-RA",4.06657092113548e-05,0.0223789041042706,16.8400622045795,1.55385252788956,1,5.64107485898073,0.221978932555652,0.00435647618410797,0.217622456371544,0.067166927864925,0.217622456371544
"Dm_00001157-RA",5.58372131278484e-05,0.022561992136322,16.2388508374693,1.55040722724033,1,6.12234697874359,0.221486746748619,0.00257949342412286,0.218907253324496,0.0643697273283218,0.218907253324496
"Dm_00001309-RA",5.87203605686507e-05,0.022561992136322,16.1434799050675,3.69339900502003,1,6.28803731382168,0.527628429288575,0.00243896634052958,0.525189462948046,0.0646693190826238,0.525189462948046
"Dm_00007196-RA",5.39136845045878e-05,0.022561992136322,16.3052741804108,1.97511753585107,1,7.70065558830606,0.282159647978724,0.000490520263712388,0.281669127715012,0.0837328451843419,0.281669127715012
"Dm_00008480-RA",5.95853483066736e-05,0.022561992136322,16.1157841463761,2.71863288131386,1,6.31118335887719,0.388376125901981,0.00262395705341985,0.385752168848561,0.0647620775688568,0.385752168848561
"Dm_00010959-RA",5.88468965157351e-05,0.022561992136322,16.1394028705544,1.21201948353219,1,5.92327693670046,0.173145640504598,0.00344728481603484,0.169698355688563,0.0649228261302074,0.169698355688563
"Dm_00015419-RA",5.86038358669346e-05,0.022561992136322,16.1472421957612,1.48673227106355,1,5.7101415088557,0.212390324437651,0.00411177975403864,0.208278544683612,0.0663726867918385,0.208278544683612
"Dm_00003552-RA",6.32083390329602e-05,0.0233500854388589,16.0040136732495,1.75630828682129,1,5.9182836368584,0.250901183831613,0.00331683929123185,0.247584344540381,0.0649446628607857,0.247584344540381
"Dm_00012498-RA",6.98001129253208e-05,0.0245858723341142,15.8162593120814,1.86170418348375,1,5.69008306040558,0.265957740497679,0.00356370353778986,0.262394036959889,0.0665827250747251,0.262394036959889
"Dm_00017591-RA",6.89757398950591e-05,0.0245858723341142,15.8387402889075,1.52422018006711,1,6.38317641597561,0.217745740009588,0.00208172925176349,0.215664010757824,0.0651175422369329,0.215664010757824
"Dm_00002777-RA",7.55245942525e-05,0.0254199001010748,15.6671498841626,4.8381939070926,1,3.81862366463839,0.691170558156086,0.0377020303339094,0.653468527822177,0.160557946816431,0.653468527822177
"Dm_00007743-RA",7.41485975562581e-05,0.0254199001010748,15.7019268098582,2.38402426983127,1,6.31820819321679,0.34057489569018,0.00188393199990101,0.33869096369028,0.0647923994367819,0.33869096369028
"Dm_00009028-RA",7.88489292363176e-05,0.0259618670046362,15.5856935943881,2.16170778000128,1,5.66529064290275,0.30881539714304,0.00388768083220431,0.304927716310836,0.0668651392398367,0.304927716310836
"Dm_00001587-RA",8.42757383211322e-05,0.0265617914218641,15.459868691733,8.8423982046847,1,4.6544287917741,1.26319974352639,0.0163657185849701,1.24683402494142,0.101071933706917,1.24683402494142
"Dm_00001873-RA",8.29865763696266e-05,0.0265617914218641,15.4890048105453,2.69149120789334,1,7.55977362584057,0.384498743984763,0.000665708245982797,0.38383303573878,0.0805433712200335,0.38383303573878
"Dm_00004972-RA",8.59321127473484e-05,0.0265617914218641,15.4230846094685,1.69535427072995,1,5.48842527085324,0.242193467247135,0.00488305710305841,0.237310410144077,0.0697568705445404,0.237310410144077
"Dm_00018933-RA",9.44830218728827e-05,0.0280596048879741,15.2438678977345,2.02019086512851,1,5.64910285148429,0.288598695018357,0.00444981550078485,0.284148879517573,0.0670639326156564,0.284148879517573
"Dm_00020511-RA",9.35193068055077e-05,0.0280596048879741,15.2632315977813,1.6608336516392,1,7.28099485396467,0.237261950234172,0.000942958931446783,0.236318991302725,0.0751899063729874,0.236318991302725
"Dm_00000816-RA",0.000111818889211199,0.0295776701073833,14.9258729164412,21.8999915305353,1,6.32850247652419,3.12857021864789,0.00693788729709396,3.1216323313508,0.064838607211849,3.1216323313508
"Dm_00003591-RA",0.000107939959525368,0.0295776701073833,14.9924887651655,3.7948531208389,1,3.83001075399496,0.542121874405557,0.0269144881221542,0.515207386283403,0.159522139892215,0.515207386283403
"Dm_00004413-RA",0.000106570485834705,0.0295776701073833,15.0165848052329,1.85673695637231,1,5.77182327682041,0.265248136624616,0.00330738485294282,0.261940751771672,0.0658199910466543,0.261940751771672
"Dm_00005149-RA",0.000113264549467069,0.0295776701073833,14.9016387784905,2.22818843198587,1,6.98890160172962,0.318312633140839,0.00118429578844879,0.31712833735239,0.0708028779741351,0.31712833735239
"Dm_00010126-RA",0.000103930666536778,0.0295776701073833,15.0639249918089,3.45367806155965,1,8.31234071816392,0.493382580222807,0.000325041827482857,0.493057538395324,0.102097399553761,0.493057538395324
"Dm_00010659-RA",0.00011104771722998,0.0295776701073833,14.9389296595081,3.49557225755162,1,6.30485410321198,0.499367465364517,0.00232175279999319,0.497045712564525,0.0647356131796217,0.497045712564525
"Dm_00016349-RA",0.000107617639558079,0.0295776701073833,14.9981322194485,1.75347742813648,1,7.83970445449106,0.25049677544807,0.000443363149289019,0.25005341229878,0.0872306247946463,0.25005341229878
"Dm_00001973-RA",0.000117523122516146,0.0301695798920263,14.8320195868591,3.41307025977265,1,6.68727119502585,0.487581465681808,0.00166257718859434,0.485918888493213,0.0674337727217431,0.485918888493213
"Dm_00016461-RA",0.000121641599039008,0.0307063943174136,14.7670651918223,1.21389792676906,1,5.84097837242047,0.173413989538438,0.00390871274748537,0.169505276790952,0.0653424678457167,0.169505276790952
"Dm_00018071-RA",0.000127221855576559,0.0315885610584026,14.6825027362199,2.35834193041027,1,4.93573943385373,0.33690599005861,0.00897302476421391,0.327932965294396,0.0873930036481208,0.327932965294396
"Dm_00000296-RA",0.000141043052331617,0.0326397693130756,14.4881628903286,1.5753128882378,1,5.82382274643539,0.225044698319686,0.00375992740248106,0.221284770917205,0.0654487394899258,0.221284770917205
"Dm_00002159-RA",0.000140386508064078,0.0326397693130756,14.4969520008188,1.66214214181939,1,6.54016866767275,0.237448877402771,0.00156853343775201,0.235880343965018,0.0661795951544853,0.235880343965018
"Dm_00003526-RA",0.000134277868068603,0.0326397693130756,14.5807698649757,1.09784956024661,1,6.53734964584695,0.156835651463802,0.00156308103543721,0.155272570428365,0.0661577591972179,0.155272570428365
"Dm_00004330-RA",0.000143321893211131,0.0326397693130756,14.4579726744388,1.17593218063347,1,6.27316856673132,0.167990311519067,0.00219761911693054,0.165792692402136,0.064615699869426,0.165792692402136
"Dm_00015132-RA",0.000144385616266741,0.0326397693130756,14.4440454898014,1.13397518562855,1,5.46362696072769,0.161996455089792,0.00520266310849467,0.156793791981298,0.070289828058927,0.156793791981298
"Dm_00016184-RA",0.000143106901897591,0.0326397693130756,14.4608001678719,5.0747835659678,1,5.5741579276952,0.724969080852543,0.00538645408653986,0.719582626766003,0.068149249021414,0.719582626766003
"Dm_00020951-RA",0.000148606259927807,0.0330998590127435,14.3897851116125,1.11428504036512,1,6.22682237507977,0.159183577195018,0.00224015288984022,0.156943424305177,0.0644802365479498,0.156943424305177
"Dm_00008528-RA",0.000151861150217444,0.0333346229158464,14.3489898635869,1.79843097634521,1,6.62139777563612,0.25691871090646,0.00152622179093221,0.255392489115527,0.066842651750056,0.255392489115527
"Dm_00013393-RA",0.000156373274029468,0.0333581634993002,14.2938701087108,2.25382386244072,1,6.67270512256072,0.321974837491532,0.00141645865617225,0.320558378835359,0.0672987510084465,0.320558378835359
"Dm_00020562-RA",0.000156177370268883,0.0333581634993002,14.2962298053504,2.37940331425574,1,5.04666154526836,0.339914759179392,0.00747114903864697,0.332443610140745,0.0826511761656465,0.332443610140745
"Dm_00008420-RA",0.000178093597016257,0.0374639669501143,14.0491575195218,5.49712114002273,1,3.41118321650388,0.785303020003248,0.0495537552107697,0.735749264792478,0.204472586477316,0.735749264792478
"Dm_00000556-RA",0.000193599087048155,0.0380811918497578,13.8922113364178,1.27934154120233,1,5.42040864104499,0.182763077314618,0.00507525208068828,0.17768782523393,0.0712842368388263,0.17768782523393
"Dm_00003264-RA",0.000189490672440635,0.0380811918497578,13.9325284066012,2.23720132951009,1,7.93523765086282,0.319600189930013,0.000449989386180926,0.319150200543832,0.0898488037506774,0.319150200543832
"Dm_00007652-RA",0.000192689209410605,0.0380811918497578,13.9010654293477,1.19128145563422,1,6.74157805242882,0.170183065090603,0.00136998498712721,0.168813080103476,0.0679590274184602,0.168813080103476
"Dm_00011123-RA",0.000183748748256198,0.0380811918497578,13.9903760912646,1.45664787206402,1,7.36665191878924,0.208092553152004,0.000810761011659985,0.207281792140343,0.0767065468430185,0.207281792140343
"Dm_00017167-RA",0.000186238457601121,0.0380811918497578,13.9650727566546,4.62057185651142,1,5.06923216787479,0.660081693787346,0.00899120872497932,0.651090485062367,0.081771722506316,0.651090485062367
"Dm_00000737-RA",0.000236849377770565,0.0385496025038456,13.5135316803696,2.03067377417217,1,5.31873568527316,0.290096253453167,0.00549039369682853,0.284605859756339,0.0739101654014744,0.284605859756339
"Dm_00000756-RA",0.000241794020722655,0.0385496025038456,13.4747607452442,3.3233177225846,1,6.48687852909362,0.474759674654943,0.00203520752466808,0.472724467130275,0.0657819155674277,0.472724467130275
"Dm_00001629-RA",0.00020358263718249,0.0385496025038456,13.7977246407448,1.40036231186742,1,7.42091988775473,0.200051758838203,0.000678136095624136,0.199373622742579,0.0777249924475557,0.199373622742579
"Dm_00002855-RA",0.000228993195566054,0.0385496025038456,13.5768417508111,3.87460854879561,1,4.10093110433998,0.553515506970802,0.0206110563711483,0.532904450599653,0.136921403843136,0.532904450599653
"Dm_00003312-RA",0.000230980281282443,0.0385496025038456,13.5606241085132,23.5861412655853,1,1.76040667247274,3.36944875222647,0.142783581952881,3.22666517027359,0.721686906698568,3.22666517027359
"Dm_00003557-RA",0.000207520181570061,0.0385496025038456,13.7617364982047,2.2350996895151,1,4.1623929084942,0.319299955645014,0.0179893101020182,0.301310645542995,0.132242038409988,0.301310645542995
"Dm_00004299-RA",0.000239054873812296,0.0385496025038456,13.4961385819417,4.16828420145312,1,4.91031135268235,0.59546917163616,0.0116207329474977,0.583848438688662,0.0885618059299109,0.583848438688662
"Dm_00004700-RA",0.000223534444497493,0.0385496025038456,13.6221341148679,2.26121783191867,1,7.24002129604606,0.323031118845525,0.000778416011808644,0.322252702833716,0.0745026958869097,0.322252702833716
"Dm_00005221-RA",0.000235378779695263,0.0385496025038456,13.5252201245247,1.6331877664857,1,4.90450853145317,0.233312538069385,0.00830106365518279,0.225011474414202,0.0888319818710864,0.225011474414202
"Dm_00006324-RA",0.00024110622487539,0.0385496025038456,13.4801056548095,2.7188500186619,1,4.07028015359049,0.388407145523128,0.0281473739395265,0.360259771583602,0.139311890183115,0.360259771583602
"Dm_00006887-RA",0.00021126590151767,0.0385496025038456,13.7281344712281,7.59635647806859,1,2.81075109836435,1.08519378258123,0.0976552152052506,0.987538567375976,0.310824794163002,0.987538567375976
"Dm_00008686-RA",0.000238976337135306,0.0385496025038456,13.4967551604451,1.45899126359738,1,5.70888334459839,0.208427323371054,0.00403474517930829,0.204392578191746,0.0663853961697553,0.204392578191746
"Dm_00010043-RA",0.000239950532028327,0.0385496025038456,13.4891213204453,1.46165320072841,1,6.80034158302497,0.208807600104058,0.00148750711175207,0.207320092992307,0.0685667471526643,0.207320092992307
"Dm_00012786-RA",0.000211016305522135,0.0385496025038456,13.7303548058812,8.43949591749718,1,3.51101683544477,1.20564227392817,0.0597576275035816,1.14588464642459,0.192249422187321,1.14588464642459
"Dm_00013957-RA",0.000236910661502788,0.0385496025038456,13.5130461805444,3.91800741166378,1,8.84723898129,0.559715344523398,0.000169604945354979,0.559545739578042,0.12584033410197,0.559545739578042
"Dm_00016246-RA",0.000233947143158983,0.0385496025038456,13.5366698071261,3.59331842431179,1,7.14157340475841,0.513331203473114,0.000981407799838123,0.512349795673275,0.0729494112170399,0.512349795673275
"Dm_00019600-RA",0.000213482995339656,0.0385496025038456,13.7085270582372,3.91103505964023,1,6.58611924088204,0.55871929423432,0.00161493345801201,0.557104360776307,0.0665464863081187,0.557104360776307
"Dm_00021056-RA",0.000234766575186039,0.0385496025038456,13.5301076904555,1.24731849285072,1,6.18425273443483,0.178188356121532,0.00229527528631168,0.17589308083522,0.0644009008859754,0.17589308083522
"Dm_00001330-RA",0.000252958164041974,0.0399094203393723,13.3900832370841,1.36294338732526,1,5.65509180464895,0.194706198189323,0.00422300446874033,0.190483193720583,0.0669890177957133,0.190483193720583
"Dm_00000137-RA",0.000276126900356886,0.0409587585615828,13.2257656836411,3.36465679638825,1,6.87538977784056,0.480665256626892,0.00141776177400415,0.479247494852888,0.0694036465115295,0.479247494852888
"Dm_00001759-RA",0.000278539028908162,0.0409587585615828,13.2094639379985,1.57539140357065,1,6.17642251255992,0.225055914795807,0.0027182687987775,0.22233764599703,0.06439128744217,0.22233764599703
"Dm_00006483-RA",0.00026604083822188,0.0409587585615828,13.295521485321,1.49409234830774,1,5.7668183894896,0.213441764043962,0.00353731408434122,0.209904449959621,0.0658599992715859,0.209904449959621
"Dm_00008555-RA",0.000274091034550496,0.0409587585615828,13.2396366547523,1.26938687555299,1,6.26709829930517,0.181340982221855,0.00210636338987937,0.179234618831976,0.0645951915057579,0.179234618831976
"Dm_00013980-RA",0.000273233384176447,0.0409587585615828,13.2455112050725,3.21057896940033,1,6.54882799701997,0.458654138485762,0.00178605920137077,0.45686807928439,0.0662471830313516,0.45686807928439
"Dm_00016865-RA",0.000272967489919419,0.0409587585615828,13.2473362457968,4.67408478330426,1,5.70058886879053,0.667726397614894,0.0047151890615954,0.663011208553299,0.0664707255949736,0.663011208553299
"Dm_00020075-RA",0.000267142672254376,0.0409587585615828,13.2877725920078,1.28273045005963,1,5.04888400006499,0.183247207151375,0.00765560586386373,0.175591601287511,0.0825631517777835,0.175591601287511
"Dm_00000832-RA",0.000290359219429761,0.041488497523426,13.131583788815,7.73845844268587,1,4.85879063712429,1.10549406324084,0.0123791765346013,1.09311488670624,0.0909991364824168,1.09311488670624
"Dm_00009478-RA",0.000288074917111557,0.041488497523426,13.1463822700299,1.4201407950409,1,6.51541989509345,0.202877256434415,0.00163062745496878,0.201246628979446,0.0659908277683273,0.201246628979446
"Dm_00010905-RA",0.000287282315288404,0.041488497523426,13.151544671296,1.00502007212184,1,6.12817929608456,0.143574296017406,0.00268195057483226,0.140892345442574,0.0643681662637852,0.140892345442574
"Dm_00007744-RA",0.00029530741271209,0.0418011782517506,13.0999261921224,8.33773366746343,1,4.71732553039757,1.19110480963763,0.0184789542922342,1.1726258553454,0.0979446742713695,1.1726258553454
"Dm_00001389-RA",0.000301130851484663,0.0422308136720992,13.0633469509765,15.406698903901,1,3.01976309230244,2.20095698627158,0.0995627333218932,2.10139425294968,0.266307828883908,2.10139425294968
"Dm_00015104-RA",0.000304127626253019,0.0422597892406259,13.0448000528446,1.07141889439936,1,6.14227981425008,0.153059842057052,0.00251836991436135,0.150541472142691,0.0643683467669595,0.150541472142691
"Dm_00001118-RA",0.000324488552090267,0.0423352390489661,12.9234654994215,0.955289867881071,1,5.52211205421824,0.136469981125868,0.00482266918697938,0.131647311938888,0.0690800886404536,0.131647311938888
"Dm_00001602-RA",0.000346597757960636,0.0423352390489661,12.8001165493165,0.895326710563191,1,5.87866152796297,0.127903815794742,0.00287022317680913,0.125033592617932,0.0651333944210498,0.125033592617932
"Dm_00001919-RA",0.000314970694315878,0.0423352390489661,12.9791989527095,1.00145906240938,1,6.39670343257015,0.143065580344197,0.00181354291170133,0.141252037432496,0.0651947462771979,0.141252037432496
"Dm_00003237-RA",0.000340970782401677,0.0423352390489661,12.8307405196336,5.17358124365884,1,5.28201869865907,0.739083034808406,0.00704993089123973,0.732033103917166,0.0749410206689658,0.732033103917166
"Dm_00007095-RA",0.000336223420092195,0.0423352390489661,12.8569763511818,7.5505136816324,1,4.89098944177692,1.07864481166177,0.0136574772601609,1.06498733440161,0.08946599514943,1.06498733440161
"Dm_00008955-RA",0.000341157148794305,0.0423352390489661,12.8297181130586,5.53965224729526,1,5.47052500676036,0.791378892470751,0.00604806235566745,0.785330830115084,0.0701387217370252,0.785330830115084
"Dm_00010382-RA",0.000309446539611029,0.0423352390489661,13.0123307774462,2.09043771197459,1,8.81433474697308,0.298633958853513,0.000161119836406139,0.298472839017107,0.124124616815847,0.298472839017107
"Dm_00010742-RA",0.000338585175810175,0.0423352390489661,12.8438779712368,1.4940496298409,1,5.71179325057209,0.213435661405842,0.00372868991575209,0.20970697149009,0.0663560942306188,0.20970697149009
"Dm_00011711-RA",0.000320750219555712,0.0423352390489661,12.9451568707437,1.24108772818941,1,6.10221220342119,0.177298246884203,0.00233756229624078,0.174960684587961,0.064382632903277,0.174960684587961
"Dm_00015874-RA",0.000333604216288436,0.0423352390489661,12.8716114951538,2.35699090319634,1,5.55781866855076,0.336712986170905,0.00487435068421928,0.331838635486686,0.0684258255420443,0.331838635486686
"Dm_00016479-RA",0.000324226378248563,0.0423352390489661,12.9249785053646,1.48328942110956,1,7.15176112845753,0.211898488729937,0.000967622087515468,0.210930866642421,0.0731038576279062,0.210930866642421
"Dm_00016891-RA",0.000327032898899357,0.0423352390489661,12.9088457710857,1.35067939892784,1,7.02296718570673,0.192954199846835,0.000878860883747651,0.192075338963087,0.0712550143116575,0.192075338963087
"Dm_00017407-RA",0.000344046879687171,0.0423352390489661,12.81393671688,1.88626875725897,1,5.87460705137227,0.26946696532271,0.00343551949531768,0.266031445827393,0.0651544026031514,0.266031445827393
"Dm_00017488-RA",0.000336086912849228,0.0423352390489661,12.8577362590017,3.95428823671778,1,4.74536485435859,0.564898319531111,0.0103252473738833,0.554573072157228,0.0965597292057582,0.554573072157228
"Dm_00017526-RA",0.000330444129368408,0.0423352390489661,12.8894239107291,10.7503981549984,1,4.07289555708346,1.53577116499977,0.0465795211457897,1.48919164385398,0.139106482314657,1.48919164385398
"Dm_00003258-RA",0.000353628615005593,0.0428484720229977,12.762549252222,1.13151673321117,1,6.15298261536926,0.161645247601596,0.00243535912180947,0.159209888479786,0.0643721573409595,0.159209888479786
"Dm_00015134-RA",0.000360093757499983,0.0432855559610693,12.7286636307494,1.79287041105607,1,5.93012252349132,0.256124344436582,0.0030783393148974,0.253046005121684,0.0648935266151963,0.253046005121684
"Dm_00004567-RA",0.000366337553323226,0.0436893589183746,12.6965156346183,1.43902852640394,1,5.71250331020565,0.205575503771992,0.00366143768007805,0.201914066091913,0.0663489935074261,0.201914066091913
"Dm_00003855-RA",0.000375039388568304,0.044104795389875,12.6526216765645,2.11047301752465,1,7.38139745190037,0.301496145360664,0.000781300472082915,0.300714844888581,0.0769787876281082,0.300714844888581
"Dm_00004034-RA",0.000385714454407025,0.044104795389875,12.6001565194994,1.2405188766936,1,6.44552289666266,0.177216982384801,0.00175592262076238,0.175461059764038,0.065497874912311,0.175461059764038
"Dm_00004350-RA",0.00038729286853647,0.044104795389875,12.592523554749,0.999785456294807,1,7.04956630741557,0.142826493756402,0.00103642654935697,0.141790067207044,0.071618629390977,0.141790067207044
"Dm_00010003-RA",0.000386244712583919,0.044104795389875,12.5975887647001,2.61437666536946,1,4.33310107726569,0.373482380767066,0.0160090685564061,0.35747331221066,0.120107423055941,0.35747331221066
"Dm_00012350-RA",0.000380833456139398,0.044104795389875,12.6239611995032,2.08485975762923,1,6.30993050397928,0.297837108232747,0.00206725617154431,0.295769852061203,0.0647567743135999,0.295769852061203
"Dm_00018910-RA",0.000381443082154395,0.044104795389875,12.6209712820016,8.59871935543871,1,4.13762852457149,1.22838847934839,0.022789888295569,1.20559859105282,0.134108732569514,1.20559859105282
"Dm_00004454-RA",0.000390873930661493,0.0441804220432759,12.5753218168923,1.75679542304504,1,6.04677927681539,0.250970774720721,0.00257179867564579,0.248398976045074,0.0644810278053355,0.248398976045074
"Dm_00005048-RA",0.000406833543035725,0.0456437099468081,12.5005439685461,2.6619600179406,1,7.25669039148809,0.380280002562943,0.00103642624595917,0.379243576316983,0.0747793322408615,0.379243576316983
"Dm_00003948-RA",0.00041103766738207,0.0457762978688884,12.4813380767477,10.1650164724297,1,2.83620253094048,1.4521452103471,0.147949012153921,1.30419619819318,0.304936108028338,1.30419619819318
"Dm_00013849-RA",0.000417221412770949,0.0461258066994802,12.4534457372985,1.89389509958508,1,4.87115646154636,0.270556442797869,0.0083422896232805,0.262214153174589,0.0904067852201132,0.262214153174589
"Dm_00011220-RA",0.000435920838939012,0.0478438914968861,12.3715702227474,1.07414355928596,1,5.24260348998739,0.153449079897994,0.00602435548904261,0.147424724408952,0.0760864135900272,0.147424724408952
"Dm_00000925-RA",0.000455948259848721,0.0482832790707285,12.2877205943222,1.33753198125325,1,5.46027769654082,0.191075997321893,0.00470646942260478,0.186369527899288,0.070363973979902,0.186369527899288
"Dm_00001498-RA",0.000458153657433737,0.0482832790707285,12.2787152700157,2.57367002873908,1,5.60326050020022,0.367667146962726,0.00414418647863258,0.363522960484094,0.0676935566505527,0.363522960484094
"Dm_00002620-RA",0.000459960243658866,0.0482832790707285,12.2713709499199,0.839629119487872,1,5.98778240255649,0.119947017069696,0.00262835737864969,0.117318659691046,0.0646716386330293,0.117318659691046
"Dm_00007897-RA",0.000457444932799539,0.0482832790707285,12.2816044344389,1.92713370459205,1,5.60046075178353,0.275304814941721,0.0048544849755452,0.270450329966176,0.067735383705916,0.270450329966176
"Dm_00011431-RA",0.000453927955768923,0.0482832790707285,12.2960087842843,2.12444333749326,1,6.14662631329231,0.303491905356181,0.00246913114285698,0.301022774213323,0.0643695158008067,0.301022774213323
"Dm_00013120-RA",0.000453446135199484,0.0482832790707285,12.2979909247329,0.891036117770057,1,6.33897181733878,0.127290873967151,0.00202321597949249,0.125267657987658,0.0648877204548979,0.125267657987658
"Dm_00016375-RA",0.000462239235788699,0.0482832790707285,12.2621475688115,1.5773938498968,1,5.25281949230505,0.225341978556685,0.00642024543977349,0.218921733116912,0.0757860699068968,0.218921733116912
"Dm_00002000-RA",0.000470837595625766,0.0488445631736154,12.2277573128283,1.05738784913012,1,6.358749853819,0.151055407018589,0.00209355937402771,0.148961847644561,0.0649861632626459,0.148961847644561
"Dm_00018651-RA",0.000478047816659055,0.049255185245701,12.1994041787074,2.19514915778967,1,6.43582820317438,0.313592736827095,0.00192158849800216,0.311671148329093,0.0654347683035835,0.311671148329093
"Dm_00012969-RA",0.000483889439944474,0.0494342700754059,12.1767475466796,0.904000590071308,1,5.59925696041995,0.129142941438759,0.00381413062527193,0.125328810813486,0.0677534922589835,0.125328810813486
"Dm_00014187-RA",0.00048957747994922,0.0494342700754059,12.1549502936144,1.36023929414001,1,5.67092334125616,0.194319899162859,0.00438017174283339,0.189939727420025,0.0667986807738152,0.189939727420025
"Dm_00014456-RA",0.000488748014411047,0.0494342700754059,12.1581129380572,1.11792431701007,1,5.60788281362942,0.159703473858581,0.00463604060017515,0.155067433258406,0.0676253806630976,0.155067433258406
"Dm_00000810-RA",0.000521674066927668,0.0495472220462774,12.0365510613624,1.43592933959567,1,6.34994774484581,0.205132762799381,0.00177240294923273,0.203360359850148,0.0649414523001621,0.203360359850148
"Dm_00003477-RA",0.000514359474688976,0.0495472220462774,12.0628735200304,17.57356446209,1,2.6868175396888,2.51050920887,0.219205333406216,2.29130387546379,0.341544155485509,2.29130387546379
"Dm_00003543-RA",0.000511623700929698,0.0495472220462774,12.0728157454266,1.27525243283264,1,5.83667719989966,0.182178918976092,0.00289865316201205,0.17928026581408,0.0653684195813299,0.17928026581408
"Dm_00003627-RA",0.000519701241502184,0.0495472220462774,12.0436136468154,0.82738365491397,1,5.47261892804025,0.11819766498771,0.00485754387487818,0.113340121112832,0.0700932836086905,0.113340121112832
"Dm_00006863-RA",0.000519603629168846,0.0495472220462774,12.0439637948422,1.22174247589309,1,7.51547725925703,0.174534639413299,0.000565423731085913,0.173969215682213,0.0796102702766541,0.173969215682213
"Dm_00009812-RA",0.000521419907113828,0.0495472220462774,12.0374594224381,1.31753364275161,1,7.07039909579487,0.188219091821659,0.00106843262994884,0.18715065919171,0.0719099659491159,0.18715065919171
"Dm_00011120-RA",0.000511894900943464,0.0495472220462774,12.0718277694179,1.84349531518061,1,4.84888701611213,0.263356473597231,0.00953076400012065,0.25382570959711,0.0914763983591878,0.25382570959711
"Dm_00012251-RA",0.000509753627045271,0.0495472220462774,12.0796428097242,1.74922596063304,1,5.44933846928044,0.249889422947576,0.00480697615124622,0.24508244679633,0.0706096355366607,0.24508244679633
"Dm_00013263-RA",0.000513847132917756,0.0495472220462774,12.0647313809824,0.890551902266654,1,5.9842296141433,0.127221700323808,0.00270455077511421,0.124517149548693,0.0646842206743812,0.124517149548693
"Dm_00014513-RA",0.000523409185752303,0.0495472220462774,12.0303616977695,4.11823628168988,1,4.5616115301878,0.58831946881284,0.0109072985094591,0.577412170303381,0.106035379054128,0.577412170303381
"Dm_00008636-RA",0.000531823884635733,0.0495565658808009,12.0006363369889,3.92363298765205,1,4.82865490988732,0.560518998236007,0.00995981634567623,0.550559181890331,0.0924583163132279,0.550559181890331
"Dm_00014543-RA",0.000536595589888508,0.0495565658808009,11.9839902834892,5.00075793583081,1,6.18914025208158,0.714393990832972,0.00290101038195134,0.711492980451021,0.0644077029798314,0.711492980451021
"Dm_00016567-RA",0.000529243838876851,0.0495565658808009,12.0096997159035,1.23732614285745,1,6.07078983651463,0.176760877551065,0.00296695313572195,0.173793924415343,0.0644267810751416,0.173793924415343
"Dm_00016887-RA",0.000535644127609605,0.0495565658808009,11.9872974924569,1.84817084822493,1,6.232515166416,0.264024406889275,0.00224181700624281,0.261782589883033,0.0644941999240336,0.261782589883033
"Dm_00000623-RA",0.00054433722979948,0.0497871405817224,11.9572989487463,1.07740051131354,1,8.13965467987847,0.153914358759078,0.000293237859282185,0.153621120899795,0.0960880176425782,0.153621120899795
"Dm_00003585-RA",0.000546173735428982,0.0497871405817224,11.9510233574529,1.42013214159111,1,5.41147035933594,0.202876020227302,0.00550594397262609,0.197370076254676,0.0714997042895665,0.197370076254676
"Dm_00006351-RA",0.000550178977005401,0.0497871405817224,11.9374104703531,1.11361791675106,1,6.92151857086697,0.15908827382158,0.0010907223307459,0.157997551490834,0.0699526011297892,0.157997551490834
"Dm_00008933-RA",0.000565389421633188,0.0497871405817224,11.8866096637621,5.16029848457596,1,3.08552029643347,0.737185497796566,0.0600382433482702,0.677147254448295,0.254018049146302,0.677147254448295
"Dm_00013710-RA",0.000563019596314004,0.0497871405817224,11.8944331497038,1.29823576798154,1,4.99562657861933,0.185462252568791,0.0088964811030886,0.176565771465702,0.0847527485616947,0.176565771465702
"Dm_00015468-RA",0.000555606021158648,0.0497871405817224,11.9191239746869,2.16196058439248,1,6.05877806062064,0.308851512056069,0.00251933019815041,0.306332181857919,0.0644516482837109,0.306332181857919
"Dm_00018179-RA",0.000552753424009725,0.0497871405817224,11.9287132417061,0.976600403227915,1,5.39027282074491,0.139514343318273,0.00503101309970062,0.134483330218573,0.0720233446741225,0.134483330218573
"Dm_00018865-RA",0.000562468814178863,0.0497871405817224,11.8962562037906,8.86784953251713,1,2.9217869346512,1.26683564750245,0.105784307323353,1.16105134017909,0.28611349591289,1.16105134017909
"Dm_00007689-RA",0.000573224054010343,0.0498968478278198,11.8609789057577,2.83367238394183,1,5.89456642418876,0.40481034056312,0.00384508016100931,0.40096526040211,0.0650541519686482,0.40096526040211
"Dm_00007921-RA",0.00057162806341137,0.0498968478278198,11.8661713341417,1.51901999743256,1,6.31267512433512,0.217002856776079,0.00218291203355303,0.214819944742526,0.0647684335525706,0.214819944742526
